,Country,Cluster,Year,GDP,Population,GDPpc
0,ABW,0,2020,2486.299072265625,106.58499908447266,23.326914
1,ABW,0,2025,2789.173095703125,108.65673828125,25.479055
2,ABW,0,2030,3249.7275390625,111.03565979003906,28.865412
3,ABW,0,2035,3675.357666015625,114.0634765625,30.729223
4,ABW,0,2040,4196.6728515625,115.79966735839844,36.92943
5,ABW,0,2045,4690.23828125,116.97146606445312,39.409996
6,ABW,0,2050,5296.16162109375,117.0118637084961,44.360626
7,ABW,0,2055,5944.45166015625,118.33736419677734,47.50918
8,ABW,0,2060,6712.2646484375,120.71340942382812,54.613914
9,ABW,0,2065,7617.52099609375,122.4634780883789,63.526165
10,ABW,0,2070,8561.193359375,125.81441497802734,68.5383
11,ABW,0,2075,9632.6494140625,127.67757415771484,77.968124
12,ABW,0,2080,10526.271484375,129.9116668701172,81.89341
13,ABW,0,2085,11572.099609375,131.27732849121094,85.813065
14,ABW,0,2090,12751.96484375,133.67092895507812,91.47105
15,ABW,0,2095,13950.6181640625,136.71730041503906,102.01715
16,ABW,0,2100,14881.98828125,136.90228271484375,106.47054
17,ABW,1,2020,2486.299072265625,106.58499908447266,23.326914
18,ABW,1,2025,3050.92822265625,109.6914291381836,28.41261
19,ABW,1,2030,3682.64306640625,111.38752746582031,33.054756
20,ABW,1,2035,4391.23828125,114.83976745605469,38.380157
21,ABW,1,2040,5401.568359375,115.6302719116211,45.492523
22,ABW,1,2045,6262.76513671875,117.53656005859375,51.138355
23,ABW,1,2050,7643.9267578125,116.30845642089844,69.92967
24,ABW,1,2055,8958.556640625,116.69230651855469,83.22791
25,ABW,1,2060,10642.8701171875,120.61534118652344,96.139046
26,ABW,1,2065,13075.05078125,124.27820587158203,115.89534
27,ABW,1,2070,16609.783203125,127.1521987915039,139.4467
28,ABW,1,2075,20837.0703125,128.9450225830078,174.292
29,ABW,1,2080,24345.23828125,131.61575317382812,189.649
30,ABW,1,2085,27440.427734375,130.38186645507812,210.42322
31,ABW,1,2090,33165.8984375,133.6401824951172,242.75154
32,ABW,1,2095,36905.046875,133.4588623046875,284.75424
33,ABW,1,2100,40946.15234375,132.31549072265625,286.59
34,ABW,2,2020,2486.299072265625,106.58499908447266,23.326914
35,ABW,2,2025,2744.2490234375,108.80549621582031,25.346445
36,ABW,2,2030,2918.66259765625,111.23263549804688,25.975777
37,ABW,2,2035,3090.828857421875,114.1613998413086,26.777521
38,ABW,2,2040,3313.51904296875,115.62289428710938,28.07387
39,ABW,2,2045,3491.958251953125,116.64090728759766,29.344446
40,ABW,2,2050,3693.4560546875,115.6903305053711,31.102348
41,ABW,2,2055,3902.647705078125,117.10572052001953,33.072735
42,ABW,2,2060,4122.37158203125,119.70449829101562,34.018
43,ABW,2,2065,4421.091796875,119.5250244140625,36.41693
44,ABW,2,2070,4611.8701171875,123.44213104248047,38.57
45,ABW,2,2075,4900.205078125,124.51087951660156,39.323135
46,ABW,2,2080,5170.4658203125,127.30561828613281,40.35244
47,ABW,2,2085,5427.7529296875,128.44387817382812,43.237602
48,ABW,2,2090,5803.82373046875,132.04876708984375,43.99168
49,ABW,2,2095,6106.357421875,134.11448669433594,45.982803
50,ABW,2,2100,6411.2646484375,133.81765747070312,47.050148
51,AFG,0,2020,20900.765625,38972.23046875,0.53629893
52,AFG,0,2025,28376.28515625,44105.62890625,0.634428
53,AFG,0,2030,39327.41015625,50142.828125,0.7872939
54,AFG,0,2035,52013.8046875,55588.7109375,0.91880137
55,AFG,0,2040,68321.8046875,60866.76953125,1.1030214
56,AFG,0,2045,91684.015625,66103.2578125,1.4110117
57,AFG,0,2050,114650.7734375,71547.2265625,1.5941093
58,AFG,0,2055,145101.0625,76363.6328125,1.8783511
59,AFG,0,2060,181104.3125,81311.4453125,2.278213
60,AFG,0,2065,217841.890625,85313.03125,2.525459
61,AFG,0,2070,273962.71875,88960.2734375,3.0762916
62,AFG,0,2075,314133.96875,91569.9453125,3.400004
63,AFG,0,2080,377481.6875,93655.5625,3.776643
64,AFG,0,2085,425547.53125,96151.8984375,4.337861
65,AFG,0,2090,477151.53125,97969.6953125,4.780678
66,AFG,0,2095,577876.5,99576.8671875,5.7779155
67,AFG,0,2100,677369.3125,100433.6640625,6.6336575
68,AFG,1,2020,20900.765625,38972.23046875,0.53629893
69,AFG,1,2025,30131.998046875,44202.3515625,0.6962497
70,AFG,1,2030,41571.71484375,50350.51953125,0.8082902
71,AFG,1,2035,56720.41796875,54934.0703125,1.0228019
72,AFG,1,2040,79656.3671875,60388.25390625,1.3359461
73,AFG,1,2045,104276.390625,67117.25,1.6696044
74,AFG,1,2050,142792.84375,70628.546875,2.043474
75,AFG,1,2055,240018.953125,75668.6171875,3.4990444
76,AFG,1,2060,306544.1875,79296.203125,4.13053
77,AFG,1,2065,427372.84375,83360.703125,5.521583
78,AFG,1,2070,509569.59375,87644.8046875,5.6706944
79,AFG,1,2075,706490.125,92887.4375,8.441897
80,AFG,1,2080,751196.375,97444.203125,9.703457
81,AFG,1,2085,1002250.0,98348.1484375,11.572008
82,AFG,1,2090,1071388.5,99594.0859375,12.835356
83,AFG,1,2095,1367489.875,100479.1953125,13.449807
84,AFG,1,2100,1649794.875,104106.4375,20.255383
85,AFG,2,2020,20900.765625,38972.23046875,0.53629893
86,AFG,2,2025,27413.375,44100.15625,0.6116224
87,AFG,2,2030,34354.666015625,50124.828125,0.6823013
88,AFG,2,2035,42909.1171875,55823.80859375,0.7870016
89,AFG,2,2040,54645.12109375,61491.8125,0.9032489
90,AFG,2,2045,68606.6015625,66329.73828125,1.0839893
91,AFG,2,2050,79138.546875,71423.7109375,1.0867472
92,AFG,2,2055,98788.90625,76924.7578125,1.2911228
93,AFG,2,2060,123012.51171875,82086.78125,1.5857061
94,AFG,2,2065,138268.9375,84664.875,1.641133
95,AFG,2,2070,163735.4296875,88855.0390625,1.8596361
96,AFG,2,2075,181616.1640625,91953.171875,2.0315795
97,AFG,2,2080,191051.7890625,94815.6640625,1.9976057
98,AFG,2,2085,225893.8828125,96686.3359375,2.2765658
99,AFG,2,2090,240746.140625,99269.078125,2.3727283
100,AFG,2,2095,269419.15625,99451.515625,2.7774503
101,AFG,2,2100,289436.828125,100554.703125,2.8020244
102,AGO,0,2020,82499.703125,33428.484375,2.4679463
103,AGO,0,2025,113981.9375,39271.9765625,2.882748
104,AGO,0,2030,167381.5,45864.41796875,3.6470368
105,AGO,0,2035,226530.90625,53156.93359375,4.289428
106,AGO,0,2040,304202.90625,61007.03515625,4.990575
107,AGO,0,2045,421125.28125,69570.3828125,6.143832
108,AGO,0,2050,551538.0,79228.25,7.103591
109,AGO,0,2055,707415.25,88242.78125,8.15642
110,AGO,0,2060,948356.0,98886.1484375,9.537999
111,AGO,0,2065,1210155.125,109443.7421875,10.851443
112,AGO,0,2070,1515968.875,120741.5625,12.538387
113,AGO,0,2075,1932566.25,131603.21875,14.588462
114,AGO,0,2080,2335577.0,144103.875,16.885626
115,AGO,0,2085,2857597.5,154953.53125,18.82675
116,AGO,0,2090,3376278.25,165815.703125,20.11508
117,AGO,0,2095,3998508.75,176250.671875,20.677896
118,AGO,0,2100,4730052.5,186242.46875,25.458305
119,AGO,1,2020,82499.703125,33428.484375,2.4679463
120,AGO,1,2025,131785.53125,39271.9765625,3.372201
121,AGO,1,2030,177109.21875,45945.078125,3.7768137
122,AGO,1,2035,272896.28125,53287.4765625,5.1995635
123,AGO,1,2040,390747.15625,61787.7109375,6.86901
124,AGO,1,2045,500575.375,70696.8046875,7.0152435
125,AGO,1,2050,743865.25,79938.0859375,9.635285
126,AGO,1,2055,956155.5625,91083.2890625,10.741473
127,AGO,1,2060,1264268.0,101151.546875,13.24718
128,AGO,1,2065,1796795.625,111646.2890625,17.053413
129,AGO,1,2070,2557985.25,122685.140625,21.46239
130,AGO,1,2075,3372397.25,132892.0,27.218788
131,AGO,1,2080,4109834.5,144182.3125,28.018843
132,AGO,1,2085,5607938.0,154731.578125,40.080486
133,AGO,1,2090,7088661.0,165921.84375,47.3161
134,AGO,1,2095,8566376.0,177227.3125,51.556976
135,AGO,1,2100,10461838.0,185444.21875,59.15745
136,AGO,2,2020,82499.703125,33428.484375,2.4679463
137,AGO,2,2025,109312.22265625,39244.8046875,2.778224
138,AGO,2,2030,136147.765625,45746.1328125,2.96762
139,AGO,2,2035,171321.3359375,53095.72265625,3.2120895
140,AGO,2,2040,214304.875,60692.17578125,3.5352519
141,AGO,2,2045,277472.0625,69468.8125,4.162804
142,AGO,2,2050,337936.828125,78691.640625,4.3963046
143,AGO,2,2055,413419.296875,87834.1328125,4.6049466
144,AGO,2,2060,508969.484375,97896.96875,5.143711
145,AGO,2,2065,611243.375,108408.9765625,5.7267756
146,AGO,2,2070,722143.4375,119915.6796875,6.2519794
147,AGO,2,2075,862990.125,131018.3515625,6.84914
148,AGO,2,2080,1014730.25,142153.0625,7.4269457
149,AGO,2,2085,1164628.875,152272.3515625,7.7053394
150,AGO,2,2090,1312257.0,164226.546875,8.115298
151,AGO,2,2095,1504842.4375,174307.015625,8.96575
152,AGO,2,2100,1683705.8125,185444.21875,9.324281
153,ALB,0,2020,12709.02734375,2837.84912109375,4.478401
154,ALB,0,2025,14307.52734375,2822.98291015625,5.0286956
155,ALB,0,2030,15914.291015625,2778.134033203125,5.6762643
156,ALB,0,2035,17651.18359375,2715.597412109375,6.6341395
157,ALB,0,2040,21918.677734375,2646.107421875,8.412817
158,ALB,0,2045,23197.81640625,2560.522216796875,9.0391035
159,ALB,0,2050,22617.373046875,2485.171875,8.997741
160,ALB,0,2055,27119.515625,2420.706787109375,11.00601
161,ALB,0,2060,29792.111328125,2351.38818359375,12.88004
162,ALB,0,2065,31750.16796875,2287.818359375,13.715936
163,ALB,0,2070,34674.5625,2202.182373046875,15.083473
164,ALB,0,2075,36042.75,2115.24462890625,15.792534
165,ALB,0,2080,38669.76171875,2019.9825439453125,17.392324
166,ALB,0,2085,39111.296875,1910.7496337890625,19.810095
167,ALB,0,2090,42102.7265625,1831.2298583984375,21.613958
168,ALB,0,2095,44937.30859375,1742.980224609375,24.552448
169,ALB,0,2100,45826.56640625,1681.1820068359375,28.633913
170,ALB,1,2020,12709.02734375,2837.84912109375,4.478401
171,ALB,1,2025,15641.2861328125,2824.799560546875,5.6747675
172,ALB,1,2030,16588.685546875,2780.301025390625,5.907772
173,ALB,1,2035,19543.970703125,2733.8779296875,6.449839
174,ALB,1,2040,19495.416015625,2691.296142578125,6.9252453
175,ALB,1,2045,23232.107421875,2619.609375,8.180837
176,ALB,1,2050,31038.130859375,2550.703125,11.343528
177,ALB,1,2055,35549.546875,2470.31103515625,14.813778
178,ALB,1,2060,42849.984375,2441.701171875,18.572388
179,ALB,1,2065,69942.1171875,2383.695556640625,26.646975
180,ALB,1,2070,77645.84375,2337.0205078125,31.89128
181,ALB,1,2075,89516.9375,2243.698974609375,36.43354
182,ALB,1,2080,95557.1171875,2140.14013671875,43.934345
183,ALB,1,2085,107192.453125,2049.4296875,57.159042
184,ALB,1,2090,132808.84375,1978.4022216796875,69.236565
185,ALB,1,2095,160558.859375,1946.773681640625,80.78247
186,ALB,1,2100,184600.3125,1893.80224609375,106.018814
187,ALB,2,2020,12709.02734375,2837.84912109375,4.478401
188,ALB,2,2025,13519.40380859375,2820.10498046875,4.8129115
189,ALB,2,2030,14207.966796875,2776.18115234375,5.1844954
190,ALB,2,2035,13765.0107421875,2714.39794921875,5.0757236
191,ALB,2,2040,13910.71337890625,2643.814453125,5.248557
192,ALB,2,2045,13727.44580078125,2568.563232421875,5.2229977
193,ALB,2,2050,13246.03759765625,2493.834716796875,5.2189264
194,ALB,2,2055,14029.52001953125,2429.895263671875,5.661968
195,ALB,2,2060,14475.9462890625,2361.934814453125,6.447419
196,ALB,2,2065,16022.87890625,2295.8251953125,7.017774
197,ALB,2,2070,15946.65478515625,2207.693359375,6.882258
198,ALB,2,2075,15723.578125,2113.079833984375,7.375598
199,ALB,2,2080,15157.57861328125,2019.82177734375,7.3481536
200,ALB,2,2085,15528.568359375,1897.83251953125,8.130289
201,ALB,2,2090,16555.955078125,1821.4381103515625,9.511541
202,ALB,2,2095,16839.2900390625,1734.29296875,9.559685
203,ALB,2,2100,16754.640625,1663.4246826171875,10.512556
204,ARE,0,2020,388525.4375,9287.2890625,41.834106
205,ARE,0,2025,490664.15625,10744.6728515625,45.728462
206,ARE,0,2030,657140.1875,12499.1396484375,52.873886
207,ARE,0,2035,857137.5,14817.7119140625,58.695854
208,ARE,0,2040,1102863.0,16861.67578125,64.30136
209,ARE,0,2045,1380280.75,18856.091796875,74.26557
210,ARE,0,2050,1704205.125,20136.126953125,87.3576
211,ARE,0,2055,2047212.0,21820.556640625,97.62638
212,ARE,0,2060,2434972.25,23023.830078125,111.72566
213,ARE,0,2065,2817688.25,23710.5,123.3302
214,ARE,0,2070,3236725.0,24561.046875,134.34328
215,ARE,0,2075,3667310.75,25132.103515625,151.38437
216,ARE,0,2080,4088100.75,25686.951171875,164.47476
217,ARE,0,2085,4547705.0,26120.869140625,176.46594
218,ARE,0,2090,4969975.5,26665.1484375,192.46283
219,ARE,0,2095,5651184.5,27232.50390625,213.17905
220,ARE,0,2100,6269234.5,27586.099609375,232.59886
221,ARE,1,2020,388525.4375,9287.2890625,41.834106
222,ARE,1,2025,512436.6875,10862.9296875,45.472984
223,ARE,1,2030,711446.5,12724.7802734375,54.805237
224,ARE,1,2035,959455.8125,15092.7333984375,66.14709
225,ARE,1,2040,1264790.25,16861.67578125,73.84619
226,ARE,1,2045,1636840.875,19225.16796875,96.25765
227,ARE,1,2050,2242352.75,20915.44140625,116.54042
228,ARE,1,2055,2811496.5,22379.587890625,142.19543
229,ARE,1,2060,3502803.25,23031.611328125,158.46263
230,ARE,1,2065,4740718.0,24744.794921875,210.1573
231,ARE,1,2070,6269413.5,25150.681640625,264.01053
232,ARE,1,2075,7985844.0,25181.7109375,322.47736
233,ARE,1,2080,10270563.0,25632.841796875,373.18668
234,ARE,1,2085,12183192.0,25687.927734375,462.07895
235,ARE,1,2090,13796579.0,27107.92578125,505.46692
236,ARE,1,2095,16826904.0,27157.88671875,668.9048
237,ARE,1,2100,18221634.0,27494.095703125,661.1016
238,ARE,2,2020,388525.4375,9287.2890625,41.834106
239,ARE,2,2025,479386.15625,10649.33837890625,44.92483
240,ARE,2,2030,600685.0625,12635.5458984375,48.17245
241,ARE,2,2035,730389.0,14894.388671875,49.449932
242,ARE,2,2040,871254.96875,16936.296875,52.22723
243,ARE,2,2045,1016773.28125,19023.861328125,54.744427
244,ARE,2,2050,1153112.25,20335.064453125,57.39081
245,ARE,2,2055,1289183.0,21914.390625,61.34092
246,ARE,2,2060,1413755.125,23023.830078125,63.787704
247,ARE,2,2065,1554830.0,23836.283203125,66.850685
248,ARE,2,2070,1660441.75,24757.509765625,69.252174
249,ARE,2,2075,1782367.5625,25128.212890625,72.08845
250,ARE,2,2080,1910849.4375,25699.537109375,75.40851
251,ARE,2,2085,2082197.6875,26180.0859375,84.24785
252,ARE,2,2090,2257628.875,26537.8818359375,85.569336
253,ARE,2,2095,2444825.375,27112.798828125,93.436295
254,ARE,2,2100,2615303.875,27500.5537109375,101.95657
255,ARG,0,2020,521835.4375,45376.76171875,11.500059
256,ARG,0,2025,622321.375,47337.5,13.123688
257,ARG,0,2030,766804.5625,49212.6171875,15.462686
258,ARG,0,2035,874369.875,50855.91796875,17.092932
259,ARG,0,2040,1060421.25,52415.4375,20.086529
260,ARG,0,2045,1218466.625,53841.328125,22.831884
261,ARG,0,2050,1432275.75,55013.7890625,25.97356
262,ARG,0,2055,1677049.125,56200.875,30.416237
263,ARG,0,2060,1910874.125,56954.94140625,32.474144
264,ARG,0,2065,2219909.25,57493.59375,38.077305
265,ARG,0,2070,2346257.75,57893.2109375,41.221973
266,ARG,0,2075,2742014.0,57920.546875,46.59586
267,ARG,0,2080,3080517.75,58049.70703125,52.62308
268,ARG,0,2085,3347715.5,58035.41796875,58.31359
269,ARG,0,2090,3588294.75,57716.046875,62.783634
270,ARG,0,2095,3916768.5,57290.08203125,69.655495
271,ARG,0,2100,4362050.0,56807.31640625,77.19081
272,ARG,1,2020,521835.4375,45376.76171875,11.500059
273,ARG,1,2025,715178.625,47380.9609375,15.177959
274,ARG,1,2030,842346.75,49245.05078125,17.124405
275,ARG,1,2035,1132824.0,50764.58203125,22.540222
276,ARG,1,2040,1374591.75,52407.90234375,26.462091
277,ARG,1,2045,1609294.125,53784.7109375,30.285753
278,ARG,1,2050,1933487.5,54856.41796875,35.05291
279,ARG,1,2055,2234105.0,55785.0390625,38.43705
280,ARG,1,2060,2608042.0,56598.3203125,46.901432
281,ARG,1,2065,3647682.75,57403.28515625,67.43064
282,ARG,1,2070,4800175.0,57449.31640625,89.12353
283,ARG,1,2075,5917311.5,57818.609375,105.9507
284,ARG,1,2080,6645621.0,57938.54296875,106.63826
285,ARG,1,2085,7954054.0,57800.43359375,141.33505
286,ARG,1,2090,9371450.0,57549.5234375,169.4005
287,ARG,1,2095,10251277.0,57091.1484375,190.90872
288,ARG,1,2100,11827105.0,56246.49609375,220.3396
289,ARG,2,2020,521835.4375,45376.76171875,11.500059
290,ARG,2,2025,578933.1875,47345.36328125,12.222439
291,ARG,2,2030,638422.28125,49236.890625,12.880885
292,ARG,2,2035,720089.78125,50875.74609375,14.261962
293,ARG,2,2040,771319.0,52476.5546875,14.764479
294,ARG,2,2045,849596.53125,53886.42578125,15.980815
295,ARG,2,2050,949147.0,55065.18359375,17.211636
296,ARG,2,2055,996854.53125,56254.67578125,17.613998
297,ARG,2,2060,1105837.9375,57030.23828125,19.40286
298,ARG,2,2065,1171131.4375,57674.330078125,20.571074
299,ARG,2,2070,1227358.9375,58006.57421875,21.626467
300,ARG,2,2075,1292367.8125,58133.82421875,22.572952
301,ARG,2,2080,1359333.875,58239.93359375,23.458796
302,ARG,2,2085,1421783.5,58236.1640625,24.920666
303,ARG,2,2090,1509174.0625,57934.34375,26.352114
304,ARG,2,2095,1592080.4375,57539.3359375,28.036417
305,ARG,2,2100,1658151.4375,57107.75,28.337606
306,ARM,0,2020,12102.4775390625,2805.60791015625,4.313674
307,ARM,0,2025,14413.833984375,2830.738037109375,5.1279593
308,ARM,0,2030,16485.359375,2830.04248046875,5.7507195
309,ARM,0,2035,18547.634765625,2821.44921875,6.555322
310,ARM,0,2040,21626.279296875,2786.495849609375,7.5492578
311,ARM,0,2045,25676.732421875,2781.830322265625,9.038949
312,ARM,0,2050,30149.05859375,2774.29541015625,10.77261
313,ARM,0,2055,35066.05859375,2776.403564453125,13.048811
314,ARM,0,2060,37108.94921875,2730.962646484375,14.392563
315,ARM,0,2065,41525.58984375,2658.06298828125,15.871381
316,ARM,0,2070,46898.5546875,2589.254638671875,17.946156
317,ARM,0,2075,51684.91796875,2538.182373046875,19.540264
318,ARM,0,2080,52471.36328125,2473.325927734375,19.210302
319,ARM,0,2085,55526.8046875,2435.702880859375,21.852812
320,ARM,0,2090,60352.078125,2401.872314453125,26.100533
321,ARM,0,2095,69759.9921875,2350.5703125,29.292059
322,ARM,0,2100,77091.03125,2303.3154296875,31.17183
323,ARM,1,2020,12102.4775390625,2805.60791015625,4.313674
324,ARM,1,2025,17423.208984375,2815.04150390625,6.2576194
325,ARM,1,2030,21971.75390625,2772.560546875,7.6157465
326,ARM,1,2035,27729.5078125,2805.658203125,10.044982
327,ARM,1,2040,32594.533203125,2764.67236328125,11.873318
328,ARM,1,2045,36228.984375,2741.6689453125,13.057301
329,ARM,1,2050,39123.4140625,2650.793701171875,13.373834
330,ARM,1,2055,45505.79296875,2587.623779296875,18.121084
331,ARM,1,2060,56315.36328125,2569.364990234375,21.145605
332,ARM,1,2065,71691.2109375,2518.39013671875,27.175863
333,ARM,1,2070,82908.4375,2430.179931640625,31.588545
334,ARM,1,2075,106214.46875,2375.383544921875,43.378044
335,ARM,1,2080,114182.4375,2418.0478515625,47.337288
336,ARM,1,2085,136578.40625,2323.754150390625,65.116035
337,ARM,1,2090,159607.90625,2372.731201171875,68.41205
338,ARM,1,2095,190769.71875,2290.369873046875,90.660484
339,ARM,1,2100,216818.796875,2245.15380859375,99.76343
340,ARM,2,2020,12102.4775390625,2805.60791015625,4.313674
341,ARM,2,2025,13342.0693359375,2834.443359375,4.698184
342,ARM,2,2030,14648.32373046875,2836.8623046875,5.090586
343,ARM,2,2035,15976.25341796875,2826.30810546875,5.668816
344,ARM,2,2040,16887.8603515625,2784.834716796875,6.017053
345,ARM,2,2045,18467.4326171875,2773.294921875,6.549565
346,ARM,2,2050,19562.1376953125,2774.29541015625,6.89622
347,ARM,2,2055,21718.357421875,2775.965576171875,8.037028
348,ARM,2,2060,22285.640625,2723.56005859375,8.309843
349,ARM,2,2065,24592.7685546875,2660.33154296875,8.952927
350,ARM,2,2070,25910.2646484375,2605.37890625,10.004082
351,ARM,2,2075,28453.3134765625,2554.546142578125,11.704451
352,ARM,2,2080,30384.8046875,2497.320068359375,11.611048
353,ARM,2,2085,29956.4033203125,2457.844482421875,11.512156
354,ARM,2,2090,32104.55078125,2413.7880859375,12.461474
355,ARM,2,2095,34170.57421875,2368.81591796875,14.109531
356,ARM,2,2100,34013.404296875,2309.718017578125,13.992646
357,AUS,0,2020,1509912.25,25649.248046875,58.867702
358,AUS,0,2025,1758523.25,27029.740234375,65.36402
359,AUS,0,2030,2087323.5,28226.673828125,73.94557
360,AUS,0,2035,2362557.75,29208.05859375,80.850235
361,AUS,0,2040,2770411.75,30152.93359375,92.48466
362,AUS,0,2045,3161923.5,31031.130859375,101.99261
363,AUS,0,2050,3527694.0,31567.419921875,111.89529
364,AUS,0,2055,4059114.5,32007.986328125,125.96163
365,AUS,0,2060,4528228.5,32207.482421875,140.25302
366,AUS,0,2065,5152056.5,32507.521484375,161.0358
367,AUS,0,2070,5654145.0,32759.314453125,178.16194
368,AUS,0,2075,6347191.5,32972.77734375,196.26411
369,AUS,0,2080,6893353.0,33147.2578125,202.041
370,AUS,0,2085,7577262.0,33176.91796875,237.97487
371,AUS,0,2090,8204116.0,32985.15234375,257.82846
372,AUS,0,2095,8805929.0,32947.24609375,272.3458
373,AUS,0,2100,9187945.0,32975.70703125,302.39685
374,AUS,1,2020,1509912.25,25649.248046875,58.867702
375,AUS,1,2025,1844727.625,27046.912109375,68.30998
376,AUS,1,2030,2323071.25,28248.630859375,83.53378
377,AUS,1,2035,2870888.25,29134.62890625,99.14362
378,AUS,1,2040,3495621.5,30033.85546875,115.26485
379,AUS,1,2045,4224160.5,30954.263671875,135.08434
380,AUS,1,2050,5246976.5,31875.3125,165.12245
381,AUS,1,2055,6426643.5,31661.6171875,214.03426
382,AUS,1,2060,7539329.0,31836.6171875,254.46631
383,AUS,1,2065,9225893.0,32361.33203125,297.56628
384,AUS,1,2070,11307449.0,33053.11328125,348.8303
385,AUS,1,2075,13559718.0,33374.515625,441.4637
386,AUS,1,2080,15759041.0,33472.63671875,471.4164
387,AUS,1,2085,18352082.0,33551.078125,537.82733
388,AUS,1,2090,21455458.0,33201.0234375,613.7024
389,AUS,1,2095,23614520.0,33557.27734375,673.3671
390,AUS,1,2100,26482466.0,33483.36328125,763.1506
391,AUS,2,2020,1509912.25,25649.248046875,58.867702
392,AUS,2,2025,1716598.4375,27047.27734375,63.5948
393,AUS,2,2030,1880946.625,28248.40234375,66.98519
394,AUS,2,2035,2005819.375,29221.884765625,68.557236
395,AUS,2,2040,2195350.625,30179.986328125,73.22028
396,AUS,2,2045,2350984.0,31041.244140625,75.81099
397,AUS,2,2050,2527311.0,31678.712890625,80.041534
398,AUS,2,2055,2703956.875,32134.8505859375,85.04965
399,AUS,2,2060,2865632.125,32367.353515625,88.45315
400,AUS,2,2065,3070684.875,32723.158203125,92.28928
401,AUS,2,2070,3179929.875,33187.0625,96.19548
402,AUS,2,2075,3367039.0,33396.4296875,101.01505
403,AUS,2,2080,3460550.5,33503.728515625,105.0206
404,AUS,2,2085,3689387.875,33570.396484375,110.68555
405,AUS,2,2090,3866428.5,33317.37890625,117.71533
406,AUS,2,2095,4043054.375,33422.51171875,125.20271
407,AUS,2,2100,4192915.875,33299.59765625,125.872086
408,AUT,0,2020,391717.6875,8916.8642578125,43.92998
409,AUT,0,2025,444874.4375,9176.3671875,48.685986
410,AUT,0,2030,517065.34375,9383.55078125,55.69336
411,AUT,0,2035,577272.0,9529.400390625,59.814762
412,AUT,0,2040,671876.6875,9625.86328125,70.335236
413,AUT,0,2045,752124.75,9672.7880859375,77.29802
414,AUT,0,2050,840306.25,9694.7861328125,86.892456
415,AUT,0,2055,944225.375,9687.2890625,97.090996
416,AUT,0,2060,1031362.875,9641.6279296875,106.019264
417,AUT,0,2065,1112099.625,9605.7587890625,113.50673
418,AUT,0,2070,1245900.25,9520.765625,130.0511
419,AUT,0,2075,1330987.125,9465.447265625,140.75578
420,AUT,0,2080,1456593.875,9407.064453125,153.88246
421,AUT,0,2085,1574433.375,9332.486328125,166.82533
422,AUT,0,2090,1657611.625,9235.2421875,174.70128
423,AUT,0,2095,1760983.0,9149.9814453125,192.90768
424,AUT,0,2100,1868388.25,9049.5791015625,201.1225
425,AUT,1,2020,391717.6875,8916.8642578125,43.92998
426,AUT,1,2025,480467.59375,9190.703125,53.07027
427,AUT,1,2030,543767.0625,9417.962890625,58.836605
428,AUT,1,2035,645347.125,9526.5712890625,66.45982
429,AUT,1,2040,796852.1875,9615.162109375,82.085594
430,AUT,1,2045,993621.0625,9786.1806640625,103.8706
431,AUT,1,2050,1175369.125,9726.70703125,121.24331
432,AUT,1,2055,1498155.75,9700.5439453125,160.4738
433,AUT,1,2060,1855707.125,9748.0517578125,189.64589
434,AUT,1,2065,2152720.5,9644.7919921875,221.65736
435,AUT,1,2070,2646938.5,9566.6396484375,257.88895
436,AUT,1,2075,2889881.25,9468.7001953125,310.35754
437,AUT,1,2080,3404779.5,9421.517578125,385.22372
438,AUT,1,2085,4012635.75,9388.51953125,433.2214
439,AUT,1,2090,4479268.5,9262.7548828125,512.3249
440,AUT,1,2095,5050450.5,9216.2919921875,545.8491
441,AUT,1,2100,5712082.0,9134.1552734375,675.6601
442,AUT,2,2020,391717.6875,8916.8642578125,43.92998
443,AUT,2,2025,429110.640625,9179.515625,46.713627
444,AUT,2,2030,451545.796875,9387.4384765625,48.057396
445,AUT,2,2035,469072.53125,9542.693359375,48.953896
446,AUT,2,2040,500190.515625,9641.703125,51.45263
447,AUT,2,2045,523050.328125,9686.197265625,53.398277
448,AUT,2,2050,576595.71875,9688.2509765625,59.61804
449,AUT,2,2055,594567.34375,9681.84765625,60.94686
450,AUT,2,2060,608168.9375,9625.4638671875,61.84454
451,AUT,2,2065,636656.96875,9582.216796875,65.89656
452,AUT,2,2070,647448.78125,9504.5546875,66.691986
453,AUT,2,2075,674343.21875,9463.162109375,69.995094
454,AUT,2,2080,705719.59375,9378.6337890625,74.97706
455,AUT,2,2085,729854.65625,9286.6142578125,76.7354
456,AUT,2,2090,783751.15625,9192.0302734375,83.73565
457,AUT,2,2095,817343.4375,9086.400390625,88.64483
458,AUT,2,2100,840565.65625,8966.3359375,93.44536
459,AZE,0,2020,52002.68359375,10093.12109375,5.15229
460,AZE,0,2025,62935.34375,10438.1904296875,6.0442657
461,AZE,0,2030,72235.96875,10660.65234375,6.7909007
462,AZE,0,2035,82584.0,10802.1904296875,7.685391
463,AZE,0,2040,98473.1875,10883.1328125,9.065604
464,AZE,0,2045,106256.34375,10884.8515625,9.841208
465,AZE,0,2050,115512.1953125,10799.283203125,10.7772455
466,AZE,0,2055,132170.609375,10700.7138671875,12.268125
467,AZE,0,2060,139071.875,10538.3037109375,13.6503315
468,AZE,0,2065,156217.75,10353.9619140625,15.255574
469,AZE,0,2070,183389.28125,10134.0751953125,18.564436
470,AZE,0,2075,177152.671875,9906.484375,17.137634
471,AZE,0,2080,186606.140625,9677.162109375,18.60182
472,AZE,0,2085,205935.359375,9478.9951171875,23.70362
473,AZE,0,2090,220658.734375,9311.431640625,24.932007
474,AZE,0,2095,245094.171875,9140.0185546875,29.236057
475,AZE,0,2100,263015.375,8963.8046875,31.920761
476,AZE,1,2020,52002.68359375,10093.12109375,5.15229
477,AZE,1,2025,69582.1953125,10445.875,6.681705
478,AZE,1,2030,76856.4375,10662.05078125,7.1784835
479,AZE,1,2035,90111.7265625,10817.4541015625,8.28521
480,AZE,1,2040,106898.796875,10908.189453125,9.551381
481,AZE,1,2045,131723.53125,10913.7392578125,11.689891
482,AZE,1,2050,140871.078125,10897.96484375,12.924313
483,AZE,1,2055,165793.28125,10817.095703125,14.764185
484,AZE,1,2060,211488.90625,10729.259765625,18.692278
485,AZE,1,2065,291726.78125,10618.42578125,29.085814
486,AZE,1,2070,327145.5,10387.42578125,35.80021
487,AZE,1,2075,393196.84375,10119.759765625,38.962894
488,AZE,1,2080,451405.9375,9940.7060546875,47.360886
489,AZE,1,2085,593978.25,9757.8955078125,63.62645
490,AZE,1,2090,682480.4375,9600.04296875,77.73259
491,AZE,1,2095,758778.0625,9445.490234375,92.4689
492,AZE,1,2100,597803.5625,9285.6337890625,61.707905
493,AZE,2,2020,52002.68359375,10093.12109375,5.15229
494,AZE,2,2025,57134.09375,10432.216796875,5.495009
495,AZE,2,2030,59478.853515625,10651.044921875,5.5710588
496,AZE,2,2035,65355.349609375,10797.541015625,6.050112
497,AZE,2,2040,66264.8359375,10866.1005859375,6.1625967
498,AZE,2,2045,75555.69921875,10873.55078125,7.0479836
499,AZE,2,2050,82525.39453125,10788.1142578125,7.671609
500,AZE,2,2055,81459.203125,10672.01171875,7.535535
501,AZE,2,2060,85555.33984375,10508.2119140625,8.131717
502,AZE,2,2065,88452.5390625,10319.2109375,8.5450325
503,AZE,2,2070,89537.03125,10118.3095703125,8.778105
504,AZE,2,2075,87579.4375,9876.9228515625,8.859243
505,AZE,2,2080,87786.984375,9666.8251953125,9.039039
506,AZE,2,2085,89228.546875,9460.900390625,9.487585
507,AZE,2,2090,92734.26953125,9295.830078125,10.393861
508,AZE,2,2095,103628.65234375,9126.62109375,11.399349
509,AZE,2,2100,106093.7890625,8957.3056640625,11.740146
510,BDI,0,2020,3261.843017578125,12220.2265625,0.26692164
511,BDI,0,2025,4528.6279296875,14059.6806640625,0.32363075
512,BDI,0,2030,6634.2470703125,15918.1904296875,0.41730636
513,BDI,0,2035,8620.12109375,17707.142578125,0.48873115
514,BDI,0,2040,11294.11328125,19705.8359375,0.5800343
515,BDI,0,2045,14659.0791015625,21652.16796875,0.68002814
516,BDI,0,2050,18706.9609375,23758.1171875,0.771367
517,BDI,0,2055,24577.1171875,25648.2421875,0.9049481
518,BDI,0,2060,32528.83984375,27726.642578125,1.1919887
519,BDI,0,2065,40880.8984375,29647.30859375,1.3980516
520,BDI,0,2070,51493.21484375,31531.21875,1.6216128
521,BDI,0,2075,62759.1640625,33206.58203125,1.8847885
522,BDI,0,2080,74461.9609375,35064.35546875,2.009797
523,BDI,0,2085,94807.671875,36648.11328125,2.6287246
524,BDI,0,2090,110108.6484375,38162.00390625,2.7823768
525,BDI,0,2095,134229.609375,39301.515625,3.4102583
526,BDI,0,2100,152070.203125,40560.65625,3.820926
527,BDI,1,2020,3261.843017578125,12220.2265625,0.26692164
528,BDI,1,2025,5085.47265625,14089.0322265625,0.35889828
529,BDI,1,2030,6772.0244140625,16059.716796875,0.42378467
530,BDI,1,2035,9511.0498046875,18029.876953125,0.5411106
531,BDI,1,2040,13450.7578125,20019.69921875,0.6776751
532,BDI,1,2045,17922.263671875,21752.111328125,0.76142794
533,BDI,1,2050,27701.984375,23589.7421875,1.1253172
534,BDI,1,2055,37803.40234375,26027.1015625,1.4831812
535,BDI,1,2060,48385.66796875,28481.82421875,1.7390324
536,BDI,1,2065,71208.625,30560.59375,2.4290814
537,BDI,1,2070,95217.8046875,32850.59375,3.0433187
538,BDI,1,2075,128086.0390625,34836.859375,3.4638298
539,BDI,1,2080,141450.109375,36453.94140625,4.220553
540,BDI,1,2085,194750.765625,38254.23828125,5.1235943
541,BDI,1,2090,241682.90625,39741.0859375,6.752748
542,BDI,1,2095,317365.71875,41092.578125,9.393342
543,BDI,1,2100,399787.8125,41630.375,11.932689
544,BDI,2,2020,3261.843017578125,12220.2265625,0.26692164
545,BDI,2,2025,4372.263916015625,14066.09765625,0.3115496
546,BDI,2,2030,5388.1201171875,15914.474609375,0.34131995
547,BDI,2,2035,6675.973388671875,17704.61328125,0.3726526
548,BDI,2,2040,8366.9453125,19663.328125,0.42242092
549,BDI,2,2045,10728.55810546875,21628.73828125,0.49905017
550,BDI,2,2050,13160.255859375,23651.76171875,0.5611481
551,BDI,2,2055,16227.13427734375,25736.814453125,0.6097485
552,BDI,2,2060,19703.2294921875,27785.59765625,0.7307306
553,BDI,2,2065,22615.6748046875,29818.564453125,0.7628688
554,BDI,2,2070,26812.9365234375,31757.494140625,0.8469999
555,BDI,2,2075,31920.853515625,33407.765625,0.92455363
556,BDI,2,2080,36083.416015625,35318.34765625,1.0441343
557,BDI,2,2085,39939.494140625,36817.26171875,1.1501356
558,BDI,2,2090,47439.0390625,38401.18359375,1.2834272
559,BDI,2,2095,53530.517578125,39337.375,1.39282
560,BDI,2,2100,58045.05859375,40559.6015625,1.5023401
561,BEL,0,2020,475450.6875,11538.603515625,41.20522
562,BEL,0,2025,522198.4375,11794.728515625,44.283913
563,BEL,0,2030,607939.4375,12029.16796875,50.560184
564,BEL,0,2035,698649.9375,12228.59375,57.157616
565,BEL,0,2040,783788.375,12380.3232421875,62.8115
566,BEL,0,2045,912308.5625,12504.2783203125,72.7875
567,BEL,0,2050,1028505.1875,12565.712890625,82.05922
568,BEL,0,2055,1153637.625,12591.7626953125,92.14419
569,BEL,0,2060,1286443.75,12601.0146484375,104.62406
570,BEL,0,2065,1379836.5,12567.1787109375,110.31548
571,BEL,0,2070,1513526.0,12542.9716796875,122.38378
572,BEL,0,2075,1707840.25,12519.0537109375,134.24283
573,BEL,0,2080,1881963.375,12500.64453125,153.62883
574,BEL,0,2085,2004850.875,12451.7744140625,158.71469
575,BEL,0,2090,2053614.25,12318.109375,164.07515
576,BEL,0,2095,2222032.5,12209.2939453125,173.0093
577,BEL,0,2100,2366439.5,12090.8193359375,187.55232
578,BEL,1,2020,475450.6875,11538.603515625,41.20522
579,BEL,1,2025,541705.3125,11799.63671875,45.872395
580,BEL,1,2030,647428.125,12032.087890625,53.85884
581,BEL,1,2035,792956.1875,12230.50390625,65.95994
582,BEL,1,2040,943109.3125,12437.869140625,77.5675
583,BEL,1,2045,1157898.0,12558.1884765625,95.31099
584,BEL,1,2050,1482970.375,12614.880859375,121.94737
585,BEL,1,2055,1825191.0,12647.708984375,146.07811
586,BEL,1,2060,2150191.25,12708.7158203125,178.88945
587,BEL,1,2065,2687508.5,12574.0,218.06982
588,BEL,1,2070,3299628.75,12598.328125,268.84723
589,BEL,1,2075,3730209.5,12593.56640625,301.86566
590,BEL,1,2080,4406157.5,12524.7265625,376.6263
591,BEL,1,2085,5194823.0,12478.9970703125,423.88602
592,BEL,1,2090,5967449.0,12318.396484375,483.8928
593,BEL,1,2095,6850287.0,12265.76953125,540.10535
594,BEL,1,2100,7955513.0,12073.09765625,628.48785
595,BEL,2,2020,475450.6875,11538.603515625,41.20522
596,BEL,2,2025,518007.34375,11799.63671875,43.850304
597,BEL,2,2030,559622.71875,12029.259765625,46.7494
598,BEL,2,2035,592457.25,12234.2294921875,48.32102
599,BEL,2,2040,618405.71875,12398.759765625,49.58838
600,BEL,2,2045,650449.8125,12515.0400390625,51.618023
601,BEL,2,2050,677747.0625,12595.8984375,53.75045
602,BEL,2,2055,738354.75,12624.796875,58.443638
603,BEL,2,2060,764658.5,12620.7763671875,59.260483
604,BEL,2,2065,809806.9375,12573.76171875,64.653114
605,BEL,2,2070,841773.125,12560.2236328125,67.19059
606,BEL,2,2075,890200.9375,12515.4501953125,71.803856
607,BEL,2,2080,911127.9375,12477.568359375,72.48222
608,BEL,2,2085,976427.5625,12466.0556640625,79.82022
609,BEL,2,2090,1038951.3125,12324.734375,87.009125
610,BEL,2,2095,1103157.875,12206.7587890625,91.55981
611,BEL,2,2100,1121409.875,12092.7216796875,93.14741
612,BEN,0,2020,14924.6484375,12643.123046875,1.1804558
613,BEN,0,2025,20604.994140625,14358.7451171875,1.435345
614,BEN,0,2030,28402.279296875,16201.4228515625,1.7606952
615,BEN,0,2035,35152.40625,18145.25,1.9520103
616,BEN,0,2040,47478.15625,20174.2578125,2.3837533
617,BEN,0,2045,59909.89453125,22265.66796875,2.6840174
618,BEN,0,2050,77708.484375,24402.25,3.2171745
619,BEN,0,2055,99189.59375,26454.861328125,3.7133195
620,BEN,0,2060,128974.5390625,28469.80078125,4.6398225
621,BEN,0,2065,154100.421875,30656.435546875,5.125663
622,BEN,0,2070,197611.578125,32862.50390625,6.043721
623,BEN,0,2075,250456.859375,34853.3125,7.211558
624,BEN,0,2080,296590.28125,36672.9765625,8.089239
625,BEN,0,2085,363851.03125,38263.80078125,9.849803
626,BEN,0,2090,412858.90625,39906.96875,10.696061
627,BEN,0,2095,475206.125,41322.03515625,12.500645
628,BEN,0,2100,537086.6875,42661.72265625,12.853589
629,BEN,1,2020,14924.6484375,12643.123046875,1.1804558
630,BEN,1,2025,22445.80078125,14360.6904296875,1.5657632
631,BEN,1,2030,30046.625,16214.99609375,1.8639923
632,BEN,1,2035,43744.95703125,18178.017578125,2.3641443
633,BEN,1,2040,63943.984375,20167.587890625,3.2704911
634,BEN,1,2045,87198.5390625,22282.224609375,4.158206
635,BEN,1,2050,125803.7890625,24636.658203125,4.9607983
636,BEN,1,2055,164001.109375,26880.21875,6.2080297
637,BEN,1,2060,217350.578125,29254.70703125,7.959792
638,BEN,1,2065,304430.34375,31286.857421875,9.750928
639,BEN,1,2070,376374.875,33362.60546875,11.472286
640,BEN,1,2075,479843.4375,35052.17578125,14.338929
641,BEN,1,2080,594890.875,36885.4296875,16.425674
642,BEN,1,2085,784815.9375,39088.765625,19.8945
643,BEN,1,2090,1000169.4375,40647.18359375,27.381323
644,BEN,1,2095,1278942.875,42199.7890625,32.2284
645,BEN,1,2100,1642879.125,43710.25,40.430996
646,BEN,2,2020,14924.6484375,12643.123046875,1.1804558
647,BEN,2,2025,19440.5576171875,14362.837890625,1.3513192
648,BEN,2,2030,24154.5595703125,16214.623046875,1.4970834
649,BEN,2,2035,29049.7001953125,18148.99609375,1.5952312
650,BEN,2,2040,34804.1328125,20170.685546875,1.7346002
651,BEN,2,2045,44368.861328125,22265.564453125,1.9871321
652,BEN,2,2050,52207.07421875,24415.681640625,2.1625268
653,BEN,2,2055,61539.3359375,26454.861328125,2.3591573
654,BEN,2,2060,73366.00390625,28470.33984375,2.5705333
655,BEN,2,2065,86143.67578125,30697.9921875,2.7822597
656,BEN,2,2070,100462.98046875,32858.875,3.05438
657,BEN,2,2075,116041.42578125,34862.3046875,3.3789222
658,BEN,2,2080,133782.03125,36726.1875,3.790539
659,BEN,2,2085,147628.8125,38420.8515625,4.0991926
660,BEN,2,2090,161704.6171875,39932.2734375,4.1282387
661,BEN,2,2095,182257.234375,41345.98828125,4.6192374
662,BEN,2,2100,195906.65625,42769.4921875,4.699382
663,BFA,0,2020,15467.111328125,21522.626953125,0.7186442
664,BFA,0,2025,20687.423828125,24645.419921875,0.8350515
665,BFA,0,2030,27612.1640625,27985.74609375,0.98359376
666,BFA,0,2035,36672.5859375,31515.068359375,1.1606449
667,BFA,0,2040,47726.87109375,35258.69921875,1.3712163
668,BFA,0,2045,66704.0390625,38991.70703125,1.7497848
669,BFA,0,2050,82071.765625,42724.53125,1.9290124
670,BFA,0,2055,102946.625,46315.69140625,2.1852562
671,BFA,0,2060,135217.6875,49983.4140625,2.6879246
672,BFA,0,2065,158973.25,53722.7109375,2.9937174
673,BFA,0,2070,192339.484375,57212.38671875,3.3795857
674,BFA,0,2075,236694.828125,60507.15234375,3.9712698
675,BFA,0,2080,275938.25,63780.37109375,4.562081
676,BFA,0,2085,325672.71875,66828.1875,5.044289
677,BFA,0,2090,380161.40625,69796.1953125,5.5269017
678,BFA,0,2095,446905.25,72479.8046875,6.3813553
679,BFA,0,2100,547394.6875,74595.90625,7.3381333
680,BFA,1,2020,15467.111328125,21522.626953125,0.7186442
681,BFA,1,2025,21855.189453125,24631.9609375,0.89433926
682,BFA,1,2030,30695.19140625,27940.583984375,1.1063901
683,BFA,1,2035,42462.30078125,31378.07421875,1.3290294
684,BFA,1,2040,62073.8359375,35004.40625,1.7898641
685,BFA,1,2045,75900.46875,38659.6171875,1.8833262
686,BFA,1,2050,117622.8046875,42429.28125,2.8696928
687,BFA,1,2055,164939.140625,46330.2265625,3.6505642
688,BFA,1,2060,212420.140625,50268.9921875,4.2144217
689,BFA,1,2065,291707.6875,54225.21875,5.0522246
690,BFA,1,2070,380822.1875,57615.71484375,6.166694
691,BFA,1,2075,488008.0625,60512.39453125,7.676574
692,BFA,1,2080,596564.9375,63816.21484375,9.456446
693,BFA,1,2085,791479.5625,67470.7109375,11.330359
694,BFA,1,2090,1025473.75,70209.1640625,14.948132
695,BFA,1,2095,1249180.125,73110.1796875,19.3098
696,BFA,1,2100,1574393.5,74595.90625,23.452845
697,BFA,2,2020,15467.111328125,21522.626953125,0.7186442
698,BFA,2,2025,20121.45703125,24645.37890625,0.81933653
699,BFA,2,2030,24569.75390625,27975.587890625,0.88586277
700,BFA,2,2035,29826.6591796875,31503.103515625,0.94311166
701,BFA,2,2040,37300.65234375,35165.04296875,1.0517055
702,BFA,2,2045,44910.34765625,38842.28125,1.156908
703,BFA,2,2050,53797.623046875,42541.060546875,1.2559644
704,BFA,2,2055,61961.15625,46139.20703125,1.3230803
705,BFA,2,2060,74963.6875,49868.47265625,1.5123191
706,BFA,2,2065,87059.87890625,53576.30078125,1.6248118
707,BFA,2,2070,102277.06640625,57016.48046875,1.7827033
708,BFA,2,2075,120536.44921875,60143.642578125,1.988756
709,BFA,2,2080,139050.5,63452.330078125,2.2393804
710,BFA,2,2085,154800.0859375,66387.015625,2.3596597
711,BFA,2,2090,174346.296875,68850.234375,2.4158134
712,BFA,2,2095,191092.5703125,71343.890625,2.8025687
713,BFA,2,2100,212793.203125,73222.84375,2.9537125
714,BGD,0,2020,270366.34375,167420.953125,1.6148895
715,BGD,0,2025,332326.875,175032.3125,1.8905524
716,BGD,0,2030,399899.78125,181330.734375,2.2237484
717,BGD,0,2035,490193.59375,186435.0625,2.6535864
718,BGD,0,2040,591285.75,190653.9375,3.1082385
719,BGD,0,2045,686240.375,192913.203125,3.5274425
720,BGD,0,2050,854731.125,194091.0625,4.5203853
721,BGD,0,2055,997011.125,194124.859375,5.0988336
722,BGD,0,2060,1170150.75,192880.015625,5.966652
723,BGD,0,2065,1230948.0,190594.953125,6.337265
724,BGD,0,2070,1448768.0,187333.171875,7.549611
725,BGD,0,2075,1637128.75,183157.046875,9.123927
726,BGD,0,2080,1752840.0,178323.796875,10.001096
727,BGD,0,2085,1998423.125,173185.234375,11.726163
728,BGD,0,2090,2198016.75,167624.65625,13.822068
729,BGD,0,2095,2476968.5,161927.5625,15.643439
730,BGD,0,2100,2714023.75,156190.09375,17.97681
731,BGD,1,2020,270366.34375,167420.953125,1.6148895
732,BGD,1,2025,354974.0,175469.109375,2.0446556
733,BGD,1,2030,443710.65625,181973.765625,2.4863276
734,BGD,1,2035,549639.6875,187441.453125,2.8937025
735,BGD,1,2040,652976.25,191231.828125,3.4248197
736,BGD,1,2045,760470.0625,193025.234375,3.9439967
737,BGD,1,2050,885534.8125,193945.203125,4.514461
738,BGD,1,2055,1130981.75,194518.046875,5.8158793
739,BGD,1,2060,1504211.625,193085.984375,7.203617
740,BGD,1,2065,1910547.5,191134.71875,9.73621
741,BGD,1,2070,2669598.75,188075.984375,15.418671
742,BGD,1,2075,3282623.5,183985.140625,18.011759
743,BGD,1,2080,3105989.5,178490.015625,18.276564
744,BGD,1,2085,4158747.25,172642.921875,24.700418
745,BGD,1,2090,4732097.5,168108.359375,32.477955
746,BGD,1,2095,5468259.5,162195.359375,38.328053
747,BGD,1,2100,6870556.0,156906.21875,51.489937
748,BGD,2,2020,270366.34375,167420.953125,1.6148895
749,BGD,2,2025,304559.28125,175066.5625,1.730865
750,BGD,2,2030,331854.859375,181481.03125,1.8138834
751,BGD,2,2035,356991.625,186731.15625,1.9021806
752,BGD,2,2040,393356.140625,190833.5234375,2.0720105
753,BGD,2,2045,454625.625,193039.4765625,2.385962
754,BGD,2,2050,494936.1875,194246.984375,2.5391982
755,BGD,2,2055,530729.5625,194415.6953125,2.7742174
756,BGD,2,2060,570987.4375,193109.609375,3.0049913
757,BGD,2,2065,615910.78125,191010.8125,3.216077
758,BGD,2,2070,648015.0625,187700.65625,3.430513
759,BGD,2,2075,703648.3125,183515.25,3.947252
760,BGD,2,2080,741818.125,178685.03125,4.182544
761,BGD,2,2085,764999.84375,173678.8984375,4.277425
762,BGD,2,2090,769422.90625,168006.5,4.641728
763,BGD,2,2095,791713.625,162410.796875,4.9858723
764,BGD,2,2100,816532.09375,156510.375,5.306379
765,BGR,0,2020,55932.75,6934.01513671875,8.06643
766,BGR,0,2025,58611.13671875,6647.4716796875,8.863608
767,BGR,0,2030,66268.796875,6347.662109375,10.4541645
768,BGR,0,2035,69689.8359375,6030.6904296875,11.53107
769,BGR,0,2040,73139.15625,5738.87646484375,12.728906
770,BGR,0,2045,78671.1796875,5470.42626953125,14.54986
771,BGR,0,2050,85973.109375,5217.41748046875,16.795416
772,BGR,0,2055,90963.828125,4979.3779296875,18.08811
773,BGR,0,2060,102792.984375,4761.16650390625,21.467417
774,BGR,0,2065,109652.6328125,4531.880859375,24.333647
775,BGR,0,2070,122869.6640625,4324.0576171875,28.487888
776,BGR,0,2075,131115.984375,4144.84423828125,32.58123
777,BGR,0,2080,132805.015625,3973.528076171875,33.125923
778,BGR,0,2085,148425.3125,3851.929443359375,37.95383
779,BGR,0,2090,154360.921875,3754.1474609375,41.108013
780,BGR,0,2095,163365.859375,3633.63134765625,44.9792
781,BGR,0,2100,178371.15625,3517.464599609375,53.509506
782,BGR,1,2020,55932.75,6934.01513671875,8.06643
783,BGR,1,2025,56685.03125,6633.1982421875,8.568854
784,BGR,1,2030,62124.5390625,6320.2744140625,9.794657
785,BGR,1,2035,71093.25,6007.3623046875,11.86063
786,BGR,1,2040,76961.203125,5722.55908203125,13.105555
787,BGR,1,2045,91377.125,5481.2548828125,16.419556
788,BGR,1,2050,98197.8515625,5228.95849609375,19.11788
789,BGR,1,2055,106667.828125,4965.794921875,21.173937
790,BGR,1,2060,122209.734375,4726.46826171875,26.913956
791,BGR,1,2065,162880.78125,4523.10302734375,37.893936
792,BGR,1,2070,206450.265625,4320.16845703125,48.365818
793,BGR,1,2075,221291.453125,4147.30859375,54.751263
794,BGR,1,2080,253257.375,4002.880615234375,60.790295
795,BGR,1,2085,286124.84375,3896.253662109375,69.43622
796,BGR,1,2090,332759.9375,3807.967041015625,82.228775
797,BGR,1,2095,366397.6875,3702.22412109375,101.76428
798,BGR,1,2100,372115.28125,3584.585205078125,118.4012
799,BGR,2,2020,55932.75,6934.01513671875,8.06643
800,BGR,2,2025,58610.6328125,6647.81396484375,8.811519
801,BGR,2,2030,59384.173828125,6345.0751953125,9.350536
802,BGR,2,2035,58962.189453125,6037.8291015625,9.824611
803,BGR,2,2040,59439.541015625,5748.939453125,10.308583
804,BGR,2,2045,59741.17578125,5487.388671875,10.919554
805,BGR,2,2050,60860.06640625,5234.85400390625,11.634406
806,BGR,2,2055,60445.75,5003.14697265625,11.932882
807,BGR,2,2060,61652.55078125,4783.50341796875,12.804728
808,BGR,2,2065,61090.296875,4561.55712890625,13.274179
809,BGR,2,2070,62373.033203125,4353.2109375,14.446173
810,BGR,2,2075,63181.25,4159.10009765625,15.419207
811,BGR,2,2080,64550.1484375,3982.085205078125,16.323832
812,BGR,2,2085,65325.728515625,3867.0126953125,17.290483
813,BGR,2,2090,67758.3046875,3765.408935546875,17.748106
814,BGR,2,2095,69158.0390625,3655.589599609375,18.827978
815,BGR,2,2100,69177.234375,3541.65380859375,19.918692
816,BHR,0,2020,33811.33984375,1477.468994140625,22.884636
817,BHR,0,2025,40490.0625,1647.40185546875,25.254148
818,BHR,0,2030,48872.02734375,1746.2598876953125,28.583529
819,BHR,0,2035,54462.4765625,1809.6531982421875,29.625307
820,BHR,0,2040,61689.41796875,1859.7894287109375,32.79373
821,BHR,0,2045,72137.0078125,1906.2178955078125,38.030766
822,BHR,0,2050,78553.2265625,1941.396240234375,40.02644
823,BHR,0,2055,86319.3203125,1966.497802734375,43.025566
824,BHR,0,2060,96537.2578125,1961.25048828125,49.828327
825,BHR,0,2065,103629.59375,1926.9033203125,54.50789
826,BHR,0,2070,103536.7578125,1885.3892822265625,53.61056
827,BHR,0,2075,104347.078125,1829.6015625,55.057404
828,BHR,0,2080,115680.703125,1796.7520751953125,62.23894
829,BHR,0,2085,120234.828125,1742.0311279296875,71.71729
830,BHR,0,2090,133254.71875,1718.27978515625,80.293434
831,BHR,0,2095,135798.765625,1707.8558349609375,85.50487
832,BHR,0,2100,155678.09375,1688.0509033203125,88.94614
833,BHR,1,2020,33811.33984375,1477.468994140625,22.884636
834,BHR,1,2025,40230.09765625,1642.8140869140625,24.540611
835,BHR,1,2030,50457.80859375,1749.3701171875,29.300848
836,BHR,1,2035,70709.78125,1822.8787841796875,41.449394
837,BHR,1,2040,83080.7109375,1857.106689453125,46.94895
838,BHR,1,2045,109187.7578125,1938.785400390625,57.507065
839,BHR,1,2050,117667.4140625,1958.0640869140625,60.953526
840,BHR,1,2055,141408.78125,2002.8388671875,78.50895
841,BHR,1,2060,196834.546875,1977.8507080078125,100.29347
842,BHR,1,2065,235136.015625,1965.4293212890625,126.41669
843,BHR,1,2070,241285.8125,1923.190185546875,126.06647
844,BHR,1,2075,275540.9375,1869.11474609375,147.97383
845,BHR,1,2080,308025.84375,1814.706787109375,169.57822
846,BHR,1,2085,306945.78125,1813.0872802734375,165.1765
847,BHR,1,2090,367078.28125,1729.4122314453125,227.01704
848,BHR,1,2095,392478.875,1683.6094970703125,227.81262
849,BHR,1,2100,497230.5,1695.4857177734375,332.7289
850,BHR,2,2020,33811.33984375,1477.468994140625,22.884636
851,BHR,2,2025,38527.330078125,1643.8687744140625,23.806595
852,BHR,2,2030,43228.53125,1742.6768798828125,25.14102
853,BHR,2,2035,45331.919921875,1803.258544921875,25.352364
854,BHR,2,2040,50072.638671875,1848.58837890625,27.303148
855,BHR,2,2045,51667.380859375,1897.2735595703125,27.94376
856,BHR,2,2050,52549.3125,1932.8699951171875,27.581106
857,BHR,2,2055,55782.66015625,1960.587890625,28.566582
858,BHR,2,2060,59527.318359375,1960.9556884765625,31.20529
859,BHR,2,2065,63473.8046875,1922.9940185546875,34.114075
860,BHR,2,2070,64040.4609375,1880.477783203125,34.369637
861,BHR,2,2075,65308.9296875,1825.675048828125,36.448284
862,BHR,2,2080,60673.638671875,1789.08984375,33.663723
863,BHR,2,2085,60981.67578125,1745.117431640625,36.2193
864,BHR,2,2090,61302.642578125,1721.560791015625,36.440826
865,BHR,2,2095,63623.884765625,1718.06396484375,38.974632
866,BHR,2,2100,64699.380859375,1696.776611328125,38.872463
867,BHS,0,2020,9405.40234375,406.47100830078125,23.139172
868,BHS,0,2025,10756.771484375,424.035888671875,25.27399
869,BHS,0,2030,12510.0908203125,438.3344421386719,28.633095
870,BHS,0,2035,14191.6953125,447.8628234863281,30.481903
871,BHS,0,2040,16390.853515625,456.03521728515625,36.632206
872,BHS,0,2045,18162.017578125,457.9102783203125,39.09281
873,BHS,0,2050,20195.259765625,459.4125671386719,44.003597
874,BHS,0,2055,22522.990234375,459.92926025390625,47.12681
875,BHS,0,2060,24880.306640625,459.5011901855469,54.174362
876,BHS,0,2065,27627.10546875,453.9976806640625,63.014885
877,BHS,0,2070,30122.546875,450.6166076660156,67.98669
878,BHS,0,2075,33242.6640625,448.1295471191406,77.340614
879,BHS,0,2080,35417.171875,439.84429931640625,81.23431
880,BHS,0,2085,38052.9375,430.97967529296875,85.12241
881,BHS,0,2090,39808.5078125,422.40478515625,90.73486
882,BHS,0,2095,43096.9140625,412.1682434082031,101.19608
883,BHS,0,2100,44088.42578125,404.739990234375,105.61363
884,BHS,1,2020,9405.40234375,406.47100830078125,23.139172
885,BHS,1,2025,11729.8720703125,425.5570983886719,28.183933
886,BHS,1,2030,14300.09765625,439.0939025878906,32.788723
887,BHS,1,2035,17003.97265625,448.2978820800781,38.071262
888,BHS,1,2040,21018.900390625,456.515869140625,45.126385
889,BHS,1,2045,24001.177734375,461.4674072265625,50.726776
890,BHS,1,2050,28388.185546875,462.8699645996094,69.36685
891,BHS,1,2055,33415.1171875,459.15350341796875,82.55807
892,BHS,1,2060,40095.359375,452.1018981933594,95.36529
893,BHS,1,2065,47884.5703125,449.75384521484375,114.96258
894,BHS,1,2070,57171.12109375,444.96466064453125,138.3244
895,BHS,1,2075,70228.7109375,434.60382080078125,172.88924
896,BHS,1,2080,80014.75,428.3583679199219,188.12263
897,BHS,1,2085,89024.9296875,424.21954345703125,208.72966
898,BHS,1,2090,100500.1328125,416.133056640625,240.7978
899,BHS,1,2095,113446.6171875,406.3409118652344,282.46243
900,BHS,1,2100,122448.4296875,392.6385192871094,284.28342
901,BHS,2,2020,9405.40234375,406.47100830078125,23.139172
902,BHS,2,2025,10635.482421875,424.20184326171875,25.142448
903,BHS,2,2030,11359.85986328125,438.0636291503906,25.766714
904,BHS,2,2035,11948.02880859375,446.93896484375,26.562006
905,BHS,2,2040,12959.76806640625,455.660400390625,27.847921
906,BHS,2,2045,13620.14990234375,458.8616638183594,29.108273
907,BHS,2,2050,14434.50732421875,461.88323974609375,30.852026
908,BHS,2,2055,15111.10595703125,461.8739318847656,32.806557
909,BHS,2,2060,15609.0400390625,459.7777404785156,33.744213
910,BHS,2,2065,16383.724609375,457.33197021484375,36.123837
911,BHS,2,2070,17014.462890625,452.92486572265625,38.25958
912,BHS,2,2075,17470.5107421875,451.38995361328125,39.006653
913,BHS,2,2080,17729.2919921875,443.9997863769531,40.02767
914,BHS,2,2085,18355.5810546875,438.49200439453125,42.88961
915,BHS,2,2090,18873.8681640625,429.3077087402344,43.637623
916,BHS,2,2095,19356.0771484375,421.0994567871094,45.612717
917,BHS,2,2100,19683.6416015625,409.934326171875,46.671474
918,BIH,0,2020,18360.83984375,3318.406982421875,5.533028
919,BIH,0,2025,20007.658203125,3192.847412109375,6.2129126
920,BIH,0,2030,21831.6640625,3059.364990234375,7.0129786
921,BIH,0,2035,23714.00390625,2924.871826171875,8.196425
922,BIH,0,2040,28362.04296875,2798.145751953125,10.393967
923,BIH,0,2045,29309.130859375,2645.738525390625,11.167739
924,BIH,0,2050,28062.943359375,2507.897216796875,11.116635
925,BIH,0,2055,32758.59375,2361.815673828125,13.5978365
926,BIH,0,2060,35340.56640625,2240.213134765625,15.913185
927,BIH,0,2065,36088.546875,2106.6259765625,16.945927
928,BIH,0,2070,38133.71484375,2004.30712890625,18.63551
929,BIH,0,2075,39487.6875,1885.88330078125,19.511547
930,BIH,0,2080,41030.4140625,1773.7911376953125,21.488075
931,BIH,0,2085,41049.51953125,1667.495849609375,24.475212
932,BIH,0,2090,44661.125,1578.1658935546875,26.70387
933,BIH,0,2095,48031.921875,1495.675048828125,30.33435
934,BIH,0,2100,49505.625,1408.881591796875,35.37697
935,BIH,1,2020,18360.83984375,3318.406982421875,5.533028
936,BIH,1,2025,22224.083984375,3211.9404296875,7.011129
937,BIH,1,2030,22302.03515625,3076.06396484375,7.2990046
938,BIH,1,2035,25834.62890625,2930.940673828125,7.968724
939,BIH,1,2040,25326.43359375,2805.5478515625,8.556085
940,BIH,1,2045,28386.224609375,2697.099365234375,10.107357
941,BIH,1,2050,37534.30078125,2586.876708984375,14.014836
942,BIH,1,2055,43013.89453125,2427.18359375,18.302301
943,BIH,1,2060,51113.15234375,2316.41796875,22.946033
944,BIH,1,2065,76273.9296875,2211.1796875,32.922123
945,BIH,1,2070,83488.4453125,2085.48681640625,39.401417
946,BIH,1,2075,93491.46875,1963.970947265625,45.013344
947,BIH,1,2080,100503.9375,1873.76220703125,54.28053
948,BIH,1,2085,116490.96875,1766.2486572265625,70.61953
949,BIH,1,2090,134073.03125,1655.4656982421875,85.541214
950,BIH,1,2095,167422.71875,1582.8157958984375,99.80608
951,BIH,1,2100,194147.359375,1516.823974609375,130.98538
952,BIH,2,2020,18360.83984375,3318.406982421875,5.533028
953,BIH,2,2025,18972.5634765625,3196.1591796875,5.946313
954,BIH,2,2030,19362.2265625,3064.994140625,6.4054017
955,BIH,2,2035,18550.33203125,2928.595458984375,6.271015
956,BIH,2,2040,18099.2841796875,2793.517578125,6.4845495
957,BIH,2,2045,17583.654296875,2654.75244140625,6.4529715
958,BIH,2,2050,16410.271484375,2513.819091796875,6.447941
959,BIH,2,2055,17062.6337890625,2389.895751953125,6.9953156
960,BIH,2,2060,17322.10546875,2270.882568359375,7.965734
961,BIH,2,2065,18564.01953125,2136.76416015625,8.670403
962,BIH,2,2070,18107.2109375,2023.3203125,8.502974
963,BIH,2,2075,17544.818359375,1914.9854736328125,9.112491
964,BIH,2,2080,16889.79296875,1804.5355224609375,9.078585
965,BIH,2,2085,17192.0009765625,1696.652587890625,10.044907
966,BIH,2,2090,18264.7705078125,1599.031982421875,11.751432
967,BIH,2,2095,18566.4833984375,1521.4876708984375,11.810913
968,BIH,2,2100,18079.376953125,1432.262451171875,12.988178
969,BLR,0,2020,59436.40234375,9379.9521484375,6.336536
970,BLR,0,2025,66616.859375,9341.318359375,7.1151533
971,BLR,0,2030,74287.7109375,9231.5693359375,8.031405
972,BLR,0,2035,83903.9765625,9071.8291015625,9.386712
973,BLR,0,2040,104868.7578125,8902.51171875,11.903381
974,BLR,0,2045,109271.78125,8735.51171875,12.78952
975,BLR,0,2050,107572.1484375,8588.40234375,12.730996
976,BLR,0,2055,130719.0078125,8428.46484375,15.572517
977,BLR,0,2060,145609.0625,8281.0234375,18.224102
978,BLR,0,2065,153608.828125,8118.6064453125,19.406818
979,BLR,0,2070,172365.515625,7936.89990234375,21.341763
980,BLR,0,2075,180183.203125,7793.408203125,22.345018
981,BLR,0,2080,198341.234375,7670.927734375,24.60858
982,BLR,0,2085,209915.703125,7582.80224609375,28.029509
983,BLR,0,2090,230967.515625,7506.84130859375,30.581814
984,BLR,0,2095,264452.6875,7440.99462890625,34.739513
985,BLR,0,2100,287441.9375,7347.46875,40.51442
986,BLR,1,2020,59436.40234375,9379.9521484375,6.336536
987,BLR,1,2025,74748.796875,9341.3251953125,8.029286
988,BLR,1,2030,77459.875,9256.2158203125,8.358968
989,BLR,1,2035,85803.53125,9099.87890625,9.125944
990,BLR,1,2040,89312.0859375,8933.845703125,9.798601
991,BLR,1,2045,104231.9765625,8812.6640625,11.5751505
992,BLR,1,2050,142561.25,8685.5908203125,16.050074
993,BLR,1,2055,174438.28125,8532.2880859375,20.960167
994,BLR,1,2060,208687.1875,8414.685546875,26.278263
995,BLR,1,2065,315005.03125,8310.3642578125,37.70308
996,BLR,1,2070,365336.625,8164.84716796875,45.1233
997,BLR,1,2075,418081.09375,8027.03564453125,51.550194
998,BLR,1,2080,494403.0625,7858.669921875,62.16316
999,BLR,1,2085,601277.1875,7755.67529296875,80.874916
1000,BLR,1,2090,690224.625,7681.8740234375,97.963524
1001,BLR,1,2095,908484.5625,7617.7490234375,114.29994
1002,BLR,1,2100,1075206.25,7584.65966796875,150.00711
1003,BLR,2,2020,59436.40234375,9379.9521484375,6.336536
1004,BLR,2,2025,63517.060546875,9338.9130859375,6.8098383
1005,BLR,2,2030,67447.91015625,9230.61328125,7.3355956
1006,BLR,2,2035,64770.80078125,9075.919921875,7.1816936
1007,BLR,2,2040,66748.37109375,8905.458984375,7.426237
1008,BLR,2,2045,65445.916015625,8740.3037109375,7.3900733
1009,BLR,2,2050,63417.1171875,8597.5390625,7.3843126
1010,BLR,2,2055,68230.6015625,8428.5078125,8.011177
1011,BLR,2,2060,74369.00390625,8276.04296875,9.1225195
1012,BLR,2,2065,80368.296875,8111.95068359375,9.929521
1013,BLR,2,2070,78276.53125,7946.5400390625,9.737778
1014,BLR,2,2075,80811.65625,7803.455078125,10.435809
1015,BLR,2,2080,78941.83203125,7670.927734375,10.396978
1016,BLR,2,2085,85900.37890625,7578.37158203125,11.503631
1017,BLR,2,2090,96838.08984375,7496.15087890625,13.457978
1018,BLR,2,2095,104154.81640625,7414.00244140625,13.526096
1019,BLR,2,2100,107396.46484375,7325.0712890625,14.874325
1020,BLZ,0,2020,1984.46826171875,394.9209899902344,5.0249753
1021,BLZ,0,2025,2478.154541015625,427.5580139160156,5.8230777
1022,BLZ,0,2030,3071.5654296875,456.1808776855469,6.6826863
1023,BLZ,0,2035,3688.74462890625,482.58135986328125,7.588745
1024,BLZ,0,2040,4528.59765625,505.97314453125,9.097898
1025,BLZ,0,2045,5498.2578125,522.7194213867188,10.282541
1026,BLZ,0,2050,6420.95263671875,537.2276000976562,11.619659
1027,BLZ,0,2055,7804.83056640625,550.8666381835938,14.358501
1028,BLZ,0,2060,8937.7724609375,557.6624145507812,16.216583
1029,BLZ,0,2065,9875.966796875,562.842529296875,17.535913
1030,BLZ,0,2070,10945.5615234375,566.5216674804688,19.335901
1031,BLZ,0,2075,12526.923828125,568.3011474609375,20.959524
1032,BLZ,0,2080,13637.56640625,565.2831420898438,23.702782
1033,BLZ,0,2085,15192.5791015625,561.4116821289062,26.155329
1034,BLZ,0,2090,16464.80859375,553.9156494140625,29.460627
1035,BLZ,0,2095,17691.470703125,547.259033203125,30.539486
1036,BLZ,0,2100,19431.509765625,536.5748291015625,36.13703
1037,BLZ,1,2020,1984.46826171875,394.9209899902344,5.0249753
1038,BLZ,1,2025,2529.009521484375,429.2292175292969,5.927833
1039,BLZ,1,2030,3297.02197265625,459.8910827636719,7.1350713
1040,BLZ,1,2035,4572.4453125,489.22509765625,9.303278
1041,BLZ,1,2040,6103.03564453125,513.6932983398438,12.023538
1042,BLZ,1,2045,7421.6982421875,530.0534057617188,14.375308
1043,BLZ,1,2050,9775.4814453125,545.7394409179688,17.88902
1044,BLZ,1,2055,12237.1748046875,559.3260498046875,22.84222
1045,BLZ,1,2060,15273.17578125,567.8955078125,29.31458
1046,BLZ,1,2065,18520.3203125,570.1165771484375,32.988445
1047,BLZ,1,2070,21714.974609375,571.1820068359375,37.780224
1048,BLZ,1,2075,26474.2734375,570.4021606445312,47.825798
1049,BLZ,1,2080,32407.2890625,561.1318359375,58.205345
1050,BLZ,1,2085,38905.32421875,541.9737548828125,66.83771
1051,BLZ,1,2090,47119.66015625,536.5892333984375,81.89431
1052,BLZ,1,2095,55939.98828125,526.9462280273438,102.842476
1053,BLZ,1,2100,60082.85546875,529.7469482421875,119.87079
1054,BLZ,2,2020,1984.46826171875,394.9209899902344,5.0249753
1055,BLZ,2,2025,2309.874267578125,428.0124816894531,5.3859143
1056,BLZ,2,2030,2650.025146484375,455.7005920410156,5.780182
1057,BLZ,2,2035,2932.63232421875,482.07415771484375,6.0247583
1058,BLZ,2,2040,3331.8515625,505.1415100097656,6.5492954
1059,BLZ,2,2045,3771.14306640625,522.0115966796875,7.0931487
1060,BLZ,2,2050,4126.35546875,533.36376953125,7.7383633
1061,BLZ,2,2055,4526.4951171875,547.5654907226562,8.313414
1062,BLZ,2,2060,4951.7060546875,552.8195190429688,9.070565
1063,BLZ,2,2065,5431.5751953125,557.796875,9.49616
1064,BLZ,2,2070,5863.03125,560.2606811523438,10.720512
1065,BLZ,2,2075,6338.0,558.7105102539062,11.656691
1066,BLZ,2,2080,6905.845703125,556.5824584960938,12.617695
1067,BLZ,2,2085,7412.3642578125,549.7479248046875,13.890885
1068,BLZ,2,2090,7670.4111328125,546.2516479492188,14.184667
1069,BLZ,2,2095,8065.9423828125,543.0079345703125,14.850249
1070,BLZ,2,2100,8657.5263671875,531.4165649414062,16.556267
1071,BOL,0,2020,35327.203125,11936.162109375,2.9596784
1072,BOL,0,2025,43244.98828125,12744.224609375,3.4006672
1073,BOL,0,2030,55059.7734375,13518.642578125,4.050565
1074,BOL,0,2035,65017.26953125,14245.2958984375,4.55247
1075,BOL,0,2040,78729.2109375,14903.8740234375,5.321945
1076,BOL,0,2045,98093.1171875,15519.626953125,6.2701645
1077,BOL,0,2050,115049.734375,16055.251953125,7.1202683
1078,BOL,0,2055,141033.015625,16511.974609375,8.442034
1079,BOL,0,2060,169443.171875,16955.216796875,10.174776
1080,BOL,0,2065,191599.984375,17304.783203125,11.271545
1081,BOL,0,2070,212459.59375,17589.568359375,12.266525
1082,BOL,0,2075,246015.40625,17767.359375,13.71959
1083,BOL,0,2080,282911.0,17903.453125,16.19579
1084,BOL,0,2085,322009.65625,17924.970703125,18.50679
1085,BOL,0,2090,343718.25,17835.0703125,19.402994
1086,BOL,0,2095,383208.90625,17823.896484375,21.385107
1087,BOL,0,2100,436716.625,17642.021484375,24.902557
1088,BOL,1,2020,35327.203125,11936.162109375,2.9596784
1089,BOL,1,2025,47372.59765625,12743.7666015625,3.724255
1090,BOL,1,2030,57825.1953125,13487.8955078125,4.2308826
1091,BOL,1,2035,78114.046875,14238.86328125,5.569911
1092,BOL,1,2040,100872.6875,14962.1376953125,6.81597
1093,BOL,1,2045,117382.4609375,15647.662109375,7.498601
1094,BOL,1,2050,161364.078125,16251.875,9.901584
1095,BOL,1,2055,181847.71875,16735.923828125,10.36219
1096,BOL,1,2060,227684.0625,17206.11328125,13.36311
1097,BOL,1,2065,287523.84375,17629.201171875,16.325209
1098,BOL,1,2070,394146.75,17890.087890625,22.418455
1099,BOL,1,2075,534615.1875,17883.6796875,30.307747
1100,BOL,1,2080,614288.875,17942.857421875,34.67997
1101,BOL,1,2085,792231.3125,17930.232421875,46.34458
1102,BOL,1,2090,956162.9375,17982.224609375,55.439106
1103,BOL,1,2095,1007525.1875,17892.177734375,66.1901
1104,BOL,1,2100,1188479.125,17714.728515625,63.57191
1105,BOL,2,2020,35327.203125,11936.162109375,2.9596784
1106,BOL,2,2025,41252.908203125,12743.75390625,3.236874
1107,BOL,2,2030,47071.28125,13514.3095703125,3.485469
1108,BOL,2,2035,54787.83203125,14242.23828125,3.8439841
1109,BOL,2,2040,61787.046875,14906.794921875,4.115344
1110,BOL,2,2045,71186.26953125,15507.44140625,4.604832
1111,BOL,2,2050,78787.86328125,16059.5,4.9492264
1112,BOL,2,2055,84743.98828125,16516.470703125,5.1366944
1113,BOL,2,2060,93074.77734375,16969.240234375,5.5184956
1114,BOL,2,2065,103058.19921875,17308.0703125,6.0144486
1115,BOL,2,2070,111586.8515625,17589.568359375,6.4036937
1116,BOL,2,2075,120694.91015625,17775.1640625,6.8343434
1117,BOL,2,2080,137392.453125,17904.69140625,7.908644
1118,BOL,2,2085,144778.15625,17915.193359375,8.191284
1119,BOL,2,2090,155070.1875,17858.193359375,8.93986
1120,BOL,2,2095,163422.1484375,17821.19140625,9.179205
1121,BOL,2,2100,167535.3515625,17586.15625,9.6928625
1122,BRA,0,2020,1783852.625,213196.296875,8.367184
1123,BRA,0,2025,2045065.125,219458.890625,9.308105
1124,BRA,0,2030,2338649.25,224092.234375,10.384694
1125,BRA,0,2035,2709821.25,227290.46875,12.053513
1126,BRA,0,2040,3198134.0,229109.3125,14.026444
1127,BRA,0,2045,3671264.0,229482.21875,16.068468
1128,BRA,0,2050,4161389.5,228743.625,18.153492
1129,BRA,0,2055,4835086.0,227025.515625,21.549572
1130,BRA,0,2060,5431078.0,224850.328125,24.727158
1131,BRA,0,2065,5842081.5,220993.84375,26.55793
1132,BRA,0,2070,6280002.0,216910.890625,29.741276
1133,BRA,0,2075,7104974.5,211210.46875,33.801914
1134,BRA,0,2080,7571381.5,205844.78125,36.76063
1135,BRA,0,2085,8098185.0,199887.40625,40.35991
1136,BRA,0,2090,8458800.0,193750.359375,45.446033
1137,BRA,0,2095,8784689.0,187544.65625,47.00949
1138,BRA,0,2100,9223770.0,181352.203125,52.186817
1139,BRA,1,2020,1783852.625,213196.296875,8.367184
1140,BRA,1,2025,2190351.5,219631.640625,9.9734
1141,BRA,1,2030,2582355.75,224486.234375,11.564316
1142,BRA,1,2035,3319174.0,228156.484375,14.774674
1143,BRA,1,2040,4049318.75,229735.265625,17.711796
1144,BRA,1,2045,4700658.0,229627.578125,20.868347
1145,BRA,1,2050,6121126.0,228964.21875,27.562923
1146,BRA,1,2055,7391764.0,227024.8125,33.824135
1147,BRA,1,2060,7661748.0,224413.453125,33.84385
1148,BRA,1,2065,9965869.0,220556.421875,44.349415
1149,BRA,1,2070,12221628.0,215789.953125,55.138084
1150,BRA,1,2075,14023966.0,210338.125,66.57498
1151,BRA,1,2080,16247129.0,204812.75,77.61296
1152,BRA,1,2085,19523234.0,197796.8125,103.66961
1153,BRA,1,2090,23114600.0,190741.796875,132.00528
1154,BRA,1,2095,27384616.0,183948.828125,155.763
1155,BRA,1,2100,29689394.0,177488.796875,191.65424
1156,BRA,2,2020,1783852.625,213196.296875,8.367184
1157,BRA,2,2025,1950045.25,219434.359375,8.890373
1158,BRA,2,2030,2098867.75,224043.65625,9.395151
1159,BRA,2,2035,2264529.375,226988.59375,10.031525
1160,BRA,2,2040,2418019.625,228858.015625,10.671405
1161,BRA,2,2045,2550269.75,229322.4375,11.148557
1162,BRA,2,2050,2660615.875,228681.0,11.690244
1163,BRA,2,2055,2805623.625,226934.421875,12.475357
1164,BRA,2,2060,3028058.875,224325.546875,13.591284
1165,BRA,2,2065,3129000.0,220826.609375,14.136068
1166,BRA,2,2070,3248991.125,216306.2578125,15.11679
1167,BRA,2,2075,3387741.5,211128.171875,15.993108
1168,BRA,2,2080,3496742.375,205677.484375,17.024858
1169,BRA,2,2085,3617696.125,199717.953125,19.000824
1170,BRA,2,2090,3813855.25,193177.921875,20.282866
1171,BRA,2,2095,3880422.0,187242.9375,21.49532
1172,BRA,2,2100,3765138.375,180808.84375,21.142357
1173,BRB,0,2020,4286.50439453125,280.6929931640625,15.271149
1174,BRB,0,2025,4726.56396484375,281.41845703125,16.873331
1175,BRB,0,2030,5284.798828125,280.82769775390625,18.88252
1176,BRB,0,2035,5885.0107421875,279.2378234863281,21.07086
1177,BRB,0,2040,6473.36865234375,276.04022216796875,23.389044
1178,BRB,0,2045,7203.6591796875,271.54156494140625,26.398083
1179,BRB,0,2050,8118.15283203125,265.7454528808594,30.691406
1180,BRB,0,2055,8673.0830078125,258.4330139160156,33.532795
1181,BRB,0,2060,9685.37109375,251.73654174804688,37.66799
1182,BRB,0,2065,10720.69921875,245.78536987304688,44.366875
1183,BRB,0,2070,11774.3212890625,239.89013671875,49.91465
1184,BRB,0,2075,12707.5625,232.55731201171875,52.95997
1185,BRB,0,2080,13323.9189453125,225.2931671142578,57.340122
1186,BRB,0,2085,14216.26953125,219.3437957763672,62.634598
1187,BRB,0,2090,15231.51171875,214.6379852294922,70.23807
1188,BRB,0,2095,16587.84375,208.92147827148438,78.01446
1189,BRB,0,2100,17348.78125,202.39154052734375,84.81863
1190,BRB,1,2020,4286.50439453125,280.6929931640625,15.271149
1191,BRB,1,2025,4755.8583984375,281.6712951660156,16.874882
1192,BRB,1,2030,5648.9619140625,280.4471435546875,20.075956
1193,BRB,1,2035,6731.904296875,279.64373779296875,24.224995
1194,BRB,1,2040,8494.8642578125,276.30230712890625,31.091259
1195,BRB,1,2045,9395.3701171875,272.85406494140625,34.758812
1196,BRB,1,2050,11673.1396484375,266.7872619628906,42.93
1197,BRB,1,2055,13721.2578125,258.1695251464844,51.56796
1198,BRB,1,2060,16299.4931640625,253.47186279296875,63.173546
1199,BRB,1,2065,20635.921875,246.3125762939453,86.7941
1200,BRB,1,2070,25359.1640625,239.8241729736328,107.03256
1201,BRB,1,2075,29965.181640625,231.90478515625,127.66989
1202,BRB,1,2080,34445.86328125,224.06703186035156,155.87885
1203,BRB,1,2085,39343.703125,217.53305053710938,188.72504
1204,BRB,1,2090,45170.04296875,211.47169494628906,232.59805
1205,BRB,1,2095,51699.5625,205.57208251953125,273.20938
1206,BRB,1,2100,51384.6484375,203.11192321777344,245.52733
1207,BRB,2,2020,4286.50439453125,280.6929931640625,15.271149
1208,BRB,2,2025,4578.4267578125,281.4082946777344,16.300732
1209,BRB,2,2030,4762.82421875,280.78338623046875,16.799847
1210,BRB,2,2035,4911.84716796875,279.588134765625,17.688688
1211,BRB,2,2040,5053.521484375,277.0721435546875,18.265598
1212,BRB,2,2045,5506.78759765625,272.4200744628906,20.184872
1213,BRB,2,2050,5534.43359375,266.4640197753906,20.970499
1214,BRB,2,2055,5606.603515625,259.08203125,21.775661
1215,BRB,2,2060,5820.8154296875,252.42372131347656,22.836786
1216,BRB,2,2065,6037.63525390625,245.98878479003906,24.979254
1217,BRB,2,2070,6219.6005859375,240.07537841796875,26.385622
1218,BRB,2,2075,6423.8203125,233.55052185058594,27.28511
1219,BRB,2,2080,6475.11474609375,226.52291870117188,28.028461
1220,BRB,2,2085,6711.4326171875,220.85926818847656,29.754158
1221,BRB,2,2090,6682.5283203125,216.613037109375,30.259565
1222,BRB,2,2095,6860.3759765625,210.48684692382812,32.64482
1223,BRB,2,2100,6913.8525390625,204.89268493652344,33.818016
1224,BRN,0,2020,13610.818359375,441.7250061035156,30.812878
1225,BRN,0,2025,15564.4453125,460.0414123535156,34.003292
1226,BRN,0,2030,18133.251953125,475.0531921386719,38.48612
1227,BRN,0,2035,19663.72265625,485.6807556152344,39.888813
1228,BRN,0,2040,21644.203125,492.2926940917969,44.154922
1229,BRN,0,2045,25137.349609375,496.8385009765625,51.20629
1230,BRN,0,2050,27023.130859375,494.9944763183594,53.893353
1231,BRN,0,2055,29011.427734375,491.4920959472656,57.93151
1232,BRN,0,2060,32335.462890625,484.0750427246094,67.09105
1233,BRN,0,2065,34791.57421875,474.49273681640625,73.391815
1234,BRN,0,2070,35141.546875,462.2699890136719,72.18362
1235,BRN,0,2075,35817.9296875,450.9897766113281,74.13171
1236,BRN,0,2080,38928.0,439.18768310546875,83.80124
1237,BRN,0,2085,40398.71484375,428.4872131347656,96.56331
1238,BRN,0,2090,45702.37109375,417.5592041015625,108.110596
1239,BRN,0,2095,45548.8515625,406.3160705566406,115.1275
1240,BRN,0,2100,51085.17578125,392.4541015625,119.76099
1241,BRN,1,2020,13610.818359375,441.7250061035156,30.812878
1242,BRN,1,2025,15182.14453125,460.77569580078125,33.042553
1243,BRN,1,2030,18793.30078125,474.7984313964844,39.451946
1244,BRN,1,2035,26087.896484375,487.5467834472656,55.809284
1245,BRN,1,2040,29900.6015625,500.1880187988281,63.21413
1246,BRN,1,2045,39539.85546875,504.57330322265625,77.43003
1247,BRN,1,2050,40481.390625,502.9120178222656,82.0705
1248,BRN,1,2055,49581.171875,504.8614196777344,105.70789
1249,BRN,1,2060,67891.4453125,500.7788391113281,135.03954
1250,BRN,1,2065,82591.6015625,489.2213134765625,170.21297
1251,BRN,1,2070,83664.859375,477.5804138183594,169.74142
1252,BRN,1,2075,91942.875,464.83673095703125,199.23845
1253,BRN,1,2080,105107.3046875,456.9049987792969,228.32756
1254,BRN,1,2085,109616.3671875,443.1725158691406,222.40088
1255,BRN,1,2090,128343.171875,432.1751708984375,305.6657
1256,BRN,1,2095,133532.328125,420.8064880371094,306.7369
1257,BRN,1,2100,172057.625,406.5013732910156,448.00082
1258,BRN,2,2020,13610.818359375,441.7250061035156,30.812878
1259,BRN,2,2025,14719.84423828125,460.0414123535156,32.054245
1260,BRN,2,2030,16153.18212890625,474.5046081542969,33.85097
1261,BRN,2,2035,16600.126953125,484.7458190917969,34.135532
1262,BRN,2,2040,17996.986328125,490.7174987792969,36.762157
1263,BRN,2,2045,18216.19140625,494.80615234375,37.624706
1264,BRN,2,2050,18198.2373046875,493.1186218261719,37.13641
1265,BRN,2,2055,18885.6982421875,488.75274658203125,38.4633
1266,BRN,2,2060,20324.68359375,480.98016357421875,42.01617
1267,BRN,2,2065,21199.5341796875,471.0133972167969,45.932686
1268,BRN,2,2070,21156.6787109375,457.3555603027344,46.276787
1269,BRN,2,2075,22109.513671875,445.605224609375,49.07557
1270,BRN,2,2080,20591.669921875,435.4472961425781,45.326313
1271,BRN,2,2085,20603.0107421875,423.19696044921875,48.767254
1272,BRN,2,2090,20552.4169921875,412.12139892578125,49.06553
1273,BRN,2,2095,20628.783203125,399.7606506347656,52.477154
1274,BRN,2,2100,20794.9736328125,388.14056396484375,52.33959
1275,BTN,0,2020,2258.19189453125,772.5059814453125,2.9232032
1276,BTN,0,2025,2721.10693359375,810.8703002929688,3.393998
1277,BTN,0,2030,3231.537109375,845.276611328125,3.830168
1278,BTN,0,2035,3861.705322265625,871.6422729492188,4.5131636
1279,BTN,0,2040,4753.224609375,893.4068603515625,5.272494
1280,BTN,0,2045,5563.0517578125,903.6068725585938,6.1827083
1281,BTN,0,2050,6303.54345703125,915.3175659179688,6.762141
1282,BTN,0,2055,7664.91650390625,923.4259033203125,8.156045
1283,BTN,0,2060,8401.69140625,927.5001831054688,8.995656
1284,BTN,0,2065,9707.615234375,922.7164306640625,10.578077
1285,BTN,0,2070,10948.826171875,910.0028686523438,12.527384
1286,BTN,0,2075,12425.2294921875,900.1458129882812,14.131581
1287,BTN,0,2080,13774.6962890625,879.863525390625,15.798933
1288,BTN,0,2085,15196.298828125,856.6103515625,17.151155
1289,BTN,0,2090,15940.630859375,841.8479614257812,19.085752
1290,BTN,0,2095,18221.333984375,825.2684936523438,22.89267
1291,BTN,0,2100,20011.39453125,806.3603515625,23.865488
1292,BTN,1,2020,2258.19189453125,772.5059814453125,2.9232032
1293,BTN,1,2025,2971.420166015625,820.3492431640625,3.698371
1294,BTN,1,2030,3854.416748046875,853.1694946289062,4.534565
1295,BTN,1,2035,4783.6337890625,880.6009521484375,5.4800115
1296,BTN,1,2040,6136.51318359375,897.4417724609375,6.7513676
1297,BTN,1,2045,7789.3125,916.8322143554688,8.686493
1298,BTN,1,2050,9551.4306640625,931.8567504882812,10.19737
1299,BTN,1,2055,10962.904296875,936.3870239257812,12.244789
1300,BTN,1,2060,13245.9384765625,940.2745361328125,15.345119
1301,BTN,1,2065,15338.90234375,935.1820068359375,16.40408
1302,BTN,1,2070,19851.046875,920.1531982421875,21.964426
1303,BTN,1,2075,24433.666015625,908.4684448242188,27.616907
1304,BTN,1,2080,29296.58203125,879.863525390625,32.766273
1305,BTN,1,2085,36874.69140625,880.0050048828125,42.74733
1306,BTN,1,2090,42606.90234375,857.6409912109375,52.88492
1307,BTN,1,2095,48951.7109375,833.07177734375,65.97152
1308,BTN,1,2100,58720.26953125,828.548095703125,79.128716
1309,BTN,2,2020,2258.19189453125,772.5059814453125,2.9232032
1310,BTN,2,2025,2584.082275390625,810.834716796875,3.1863961
1311,BTN,2,2030,2888.163818359375,843.9773559570312,3.4444532
1312,BTN,2,2035,3207.99951171875,870.1892700195312,3.6202955
1313,BTN,2,2040,3503.38916015625,892.319580078125,3.934829
1314,BTN,2,2045,3920.2490234375,902.5008544921875,4.3940334
1315,BTN,2,2050,4312.9296875,914.7501831054688,4.7524366
1316,BTN,2,2055,4667.8427734375,920.8798828125,5.072643
1317,BTN,2,2060,4867.859375,919.7056884765625,5.1724715
1318,BTN,2,2065,5255.697265625,916.1639404296875,5.691796
1319,BTN,2,2070,5594.86669921875,905.8314208984375,6.202596
1320,BTN,2,2075,5607.64404296875,895.4263305664062,6.342426
1321,BTN,2,2080,5627.77685546875,869.0043334960938,6.2853074
1322,BTN,2,2085,5959.60009765625,843.3055419921875,6.9303484
1323,BTN,2,2090,6004.15380859375,824.618896484375,7.011651
1324,BTN,2,2095,6433.998046875,812.4566650390625,7.806512
1325,BTN,2,2100,6717.9501953125,793.0933837890625,8.497909
1326,BWA,0,2020,14996.9384765625,2546.402099609375,5.889462
1327,BWA,0,2025,18252.79296875,2766.966064453125,6.58379
1328,BWA,0,2030,22736.857421875,2968.0595703125,7.707809
1329,BWA,0,2035,27271.17578125,3147.445068359375,8.739713
1330,BWA,0,2040,32611.73828125,3318.5419921875,9.84946
1331,BWA,0,2045,38735.69921875,3485.649658203125,11.215743
1332,BWA,0,2050,46127.3359375,3614.75830078125,12.8879795
1333,BWA,0,2055,54576.375,3739.460693359375,14.652145
1334,BWA,0,2060,63871.6953125,3817.41455078125,16.405783
1335,BWA,0,2065,74170.8828125,3895.23388671875,19.059708
1336,BWA,0,2070,85660.3515625,3940.181640625,21.371033
1337,BWA,0,2075,99005.0546875,3962.33251953125,24.522604
1338,BWA,0,2080,111876.1953125,4007.738525390625,27.052158
1339,BWA,0,2085,124629.3359375,3994.4287109375,30.32757
1340,BWA,0,2090,136676.4375,3998.606689453125,33.327694
1341,BWA,0,2095,150418.484375,3985.09765625,37.843163
1342,BWA,0,2100,163971.078125,3917.057373046875,41.127197
1343,BWA,1,2020,14996.9384765625,2546.402099609375,5.889462
1344,BWA,1,2025,20856.3984375,2771.97705078125,7.5264983
1345,BWA,1,2030,27202.400390625,2971.528076171875,9.266391
1346,BWA,1,2035,39902.73828125,3140.338623046875,13.016097
1347,BWA,1,2040,47584.02734375,3313.329833984375,13.947101
1348,BWA,1,2045,59942.078125,3517.84619140625,16.883966
1349,BWA,1,2050,83113.8125,3676.627197265625,21.631186
1350,BWA,1,2055,102916.046875,3831.68701171875,27.105043
1351,BWA,1,2060,134902.921875,3974.4091796875,33.57908
1352,BWA,1,2065,159885.78125,4038.302490234375,38.207993
1353,BWA,1,2070,195196.6875,4028.413330078125,47.81723
1354,BWA,1,2075,237753.25,4028.5625,58.4097
1355,BWA,1,2080,288502.5,4088.065185546875,71.457085
1356,BWA,1,2085,345388.09375,4096.0810546875,82.09943
1357,BWA,1,2090,414945.875,4093.10888671875,101.24728
1358,BWA,1,2095,512124.875,4067.334716796875,126.203354
1359,BWA,1,2100,561677.8125,4008.723388671875,147.47067
1360,BWA,2,2020,14996.9384765625,2546.402099609375,5.889462
1361,BWA,2,2025,17847.4091796875,2766.461181640625,6.4829926
1362,BWA,2,2030,20611.4873046875,2971.576171875,6.9419346
1363,BWA,2,2035,23427.91015625,3155.971923828125,7.2985396
1364,BWA,2,2040,26700.671875,3326.757568359375,7.9660134
1365,BWA,2,2045,30897.9521484375,3498.48779296875,8.879309
1366,BWA,2,2050,33662.48046875,3644.39306640625,9.303333
1367,BWA,2,2055,36462.853515625,3756.426025390625,9.811339
1368,BWA,2,2060,39709.162109375,3828.583251953125,10.711541
1369,BWA,2,2065,44093.548828125,3900.30859375,11.561351
1370,BWA,2,2070,46228.32421875,3936.225830078125,11.554196
1371,BWA,2,2075,50530.392578125,3961.92724609375,12.862615
1372,BWA,2,2080,54889.615234375,4001.469970703125,13.6612
1373,BWA,2,2085,58084.1875,3978.09716796875,14.579424
1374,BWA,2,2090,62538.337890625,3959.2998046875,15.415507
1375,BWA,2,2095,66559.0078125,3943.6640625,16.296335
1376,BWA,2,2100,66469.53125,3881.974853515625,16.809986
1377,CAF,0,2020,2031.896240234375,5343.02001953125,0.38028985
1378,CAF,0,2025,2768.993408203125,5833.76416015625,0.47779563
1379,CAF,0,2030,3860.148681640625,6365.873046875,0.6118887
1380,CAF,0,2035,5147.4638671875,6913.60888671875,0.75616246
1381,CAF,0,2040,6504.37939453125,7415.01953125,0.8971131
1382,CAF,0,2045,8902.482421875,7889.34619140625,1.1819099
1383,CAF,0,2050,11300.9638671875,8288.111328125,1.3958828
1384,CAF,0,2055,14592.2080078125,8614.708984375,1.7246554
1385,CAF,0,2060,18253.134765625,8888.46875,2.1302507
1386,CAF,0,2065,21300.75,9154.8857421875,2.4382665
1387,CAF,0,2070,27076.71484375,9290.95703125,3.102981
1388,CAF,0,2075,32486.74609375,9386.470703125,3.7716057
1389,CAF,0,2080,35978.56640625,9490.630859375,3.981915
1390,CAF,0,2085,42590.453125,9386.017578125,4.895003
1391,CAF,0,2090,47282.34765625,9390.904296875,5.2381024
1392,CAF,0,2095,52997.89453125,9244.458984375,6.040605
1393,CAF,0,2100,59219.53515625,9071.01953125,7.249442
1394,CAF,1,2020,2031.896240234375,5343.02001953125,0.38028985
1395,CAF,1,2025,2823.0966796875,5812.353515625,0.48499548
1396,CAF,1,2030,4213.20849609375,6362.0087890625,0.6621883
1397,CAF,1,2035,5640.57275390625,6884.7138671875,0.85372204
1398,CAF,1,2040,7966.0146484375,7403.2451171875,1.1004578
1399,CAF,1,2045,10323.076171875,7801.4599609375,1.3805416
1400,CAF,1,2050,15232.0693359375,8247.650390625,1.9455472
1401,CAF,1,2055,18008.07421875,8604.25390625,2.207902
1402,CAF,1,2060,24343.025390625,8900.8251953125,2.7329955
1403,CAF,1,2065,31243.154296875,9202.8857421875,3.513461
1404,CAF,1,2070,44133.11328125,9802.994140625,4.563828
1405,CAF,1,2075,55512.1796875,9941.228515625,5.9753933
1406,CAF,1,2080,58032.30078125,9821.580078125,6.593335
1407,CAF,1,2085,71111.3984375,9675.447265625,9.045649
1408,CAF,1,2090,84770.1484375,9518.3212890625,10.681429
1409,CAF,1,2095,107570.1484375,9317.412109375,13.007861
1410,CAF,1,2100,118893.953125,9124.56640625,12.814644
1411,CAF,2,2020,2031.896240234375,5343.02001953125,0.38028985
1412,CAF,2,2025,2620.28466796875,5831.65576171875,0.4466647
1413,CAF,2,2030,3211.886474609375,6352.134765625,0.5015756
1414,CAF,2,2035,3913.1212158203125,6896.79931640625,0.5693892
1415,CAF,2,2040,4676.35107421875,7361.24853515625,0.643649
1416,CAF,2,2045,5792.38134765625,7813.19970703125,0.7543345
1417,CAF,2,2050,6734.21337890625,8203.7958984375,0.82382727
1418,CAF,2,2055,7878.980712890625,8548.0771484375,0.9114268
1419,CAF,2,2060,9061.6806640625,8849.771484375,1.03744
1420,CAF,2,2065,10207.8740234375,9074.5537109375,1.1263405
1421,CAF,2,2070,11630.84033203125,9222.65234375,1.2742087
1422,CAF,2,2075,13100.85888671875,9324.478515625,1.467708
1423,CAF,2,2080,15234.29443359375,9312.76171875,1.7103388
1424,CAF,2,2085,16106.060546875,9284.90234375,1.8894428
1425,CAF,2,2090,18230.1826171875,9251.97265625,1.957689
1426,CAF,2,2095,20374.3818359375,9167.3681640625,2.3474514
1427,CAF,2,2100,22017.4013671875,8960.126953125,2.598746
1428,CAN,0,2020,1632000.375,38007.1640625,42.93928
1429,CAN,0,2025,1901252.375,39464.3671875,48.078655
1430,CAN,0,2030,2156318.75,40625.73046875,53.31804
1431,CAN,0,2035,2428872.75,41603.80859375,58.40579
1432,CAN,0,2040,2849158.75,42156.421875,68.08269
1433,CAN,0,2045,3172611.25,42515.13671875,74.72647
1434,CAN,0,2050,3480181.5,42760.2109375,81.715485
1435,CAN,0,2055,4036069.25,42861.8203125,95.43658
1436,CAN,0,2060,4612182.0,42754.46875,109.32084
1437,CAN,0,2065,5076963.0,42582.0,123.43096
1438,CAN,0,2070,5454328.5,42621.62890625,131.46196
1439,CAN,0,2075,6218403.5,42419.23828125,146.99133
1440,CAN,0,2080,6608200.0,42032.68359375,153.58437
1441,CAN,0,2085,7357575.0,41772.15625,172.7836
1442,CAN,0,2090,7810272.5,41335.11328125,197.84073
1443,CAN,0,2095,8242803.5,40945.8515625,200.41109
1444,CAN,0,2100,8404222.0,40639.68359375,216.32043
1445,CAN,1,2020,1632000.375,38007.1640625,42.93928
1446,CAN,1,2025,2030039.375,39534.8515625,50.954403
1447,CAN,1,2030,2581666.25,40766.52734375,63.315014
1448,CAN,1,2035,3072126.0,41811.82421875,73.37162
1449,CAN,1,2040,3831870.0,42706.26171875,90.23315
1450,CAN,1,2045,4514682.5,43189.10546875,104.87023
1451,CAN,1,2050,5328320.5,43462.3671875,119.07561
1452,CAN,1,2055,6413522.5,43677.53515625,156.39561
1453,CAN,1,2060,7016339.5,44490.1640625,161.44014
1454,CAN,1,2065,8808983.0,44817.73828125,201.04515
1455,CAN,1,2070,10404125.0,44766.375,227.98695
1456,CAN,1,2075,14185565.0,44794.00390625,352.23233
1457,CAN,1,2080,16496824.0,44984.75390625,386.2457
1458,CAN,1,2085,17925040.0,44731.9609375,416.51028
1459,CAN,1,2090,20803898.0,44482.359375,482.22977
1460,CAN,1,2095,22070984.0,44515.7578125,568.559
1461,CAN,1,2100,22857438.0,44490.109375,602.1599
1462,CAN,2,2020,1632000.375,38007.1640625,42.93928
1463,CAN,2,2025,1803964.625,39454.140625,45.738174
1464,CAN,2,2030,1937410.6875,40615.69140625,47.264187
1465,CAN,2,2035,2059546.75,41595.2890625,49.29187
1466,CAN,2,2040,2237865.125,42150.8828125,53.42025
1467,CAN,2,2045,2398524.125,42540.66015625,56.978474
1468,CAN,2,2050,2525971.25,42761.765625,59.22842
1469,CAN,2,2055,2643472.75,42866.60546875,62.234116
1470,CAN,2,2060,2769398.75,42788.939453125,65.70397
1471,CAN,2,2065,2888458.375,42621.09375,66.99966
1472,CAN,2,2070,2953113.25,42747.12890625,68.965096
1473,CAN,2,2075,3041250.125,42560.48046875,73.35946
1474,CAN,2,2080,3128910.25,42298.07421875,76.04345
1475,CAN,2,2085,3260292.875,42001.94140625,80.56691
1476,CAN,2,2090,3356014.25,41442.826171875,82.10973
1477,CAN,2,2095,3447198.0,40968.98046875,82.66962
1478,CAN,2,2100,3559618.25,40727.19921875,89.3717
1479,CHE,0,2020,740993.25,8638.1669921875,85.7813
1480,CHE,0,2025,847686.9375,8907.60546875,95.070465
1481,CHE,0,2030,996764.0,9129.9599609375,109.500404
1482,CHE,0,2035,1122976.375,9225.443359375,120.47324
1483,CHE,0,2040,1271975.0,9306.5029296875,135.3615
1484,CHE,0,2045,1410033.75,9367.42578125,146.91057
1485,CHE,0,2050,1597981.625,9372.017578125,172.12349
1486,CHE,0,2055,1776664.625,9318.765625,189.80759
1487,CHE,0,2060,1974270.375,9223.693359375,216.62465
1488,CHE,0,2065,2155928.75,9119.7978515625,233.28351
1489,CHE,0,2070,2313863.0,9050.3427734375,250.16634
1490,CHE,0,2075,2551607.25,8983.74609375,279.10675
1491,CHE,0,2080,2724963.25,8912.7763671875,313.83774
1492,CHE,0,2085,2912775.5,8807.1865234375,345.6618
1493,CHE,0,2090,3090288.0,8626.1318359375,353.7241
1494,CHE,0,2095,3307560.0,8542.416015625,391.738
1495,CHE,0,2100,3524013.25,8451.5400390625,430.57883
1496,CHE,1,2020,740993.25,8638.1669921875,85.7813
1497,CHE,1,2025,850367.5625,8935.150390625,94.3772
1498,CHE,1,2030,1061535.5,9145.96484375,113.978836
1499,CHE,1,2035,1281490.125,9330.4296875,139.17131
1500,CHE,1,2040,1508291.25,9464.9423828125,162.7228
1501,CHE,1,2045,1875921.125,9461.3662109375,200.30507
1502,CHE,1,2050,2247478.75,9595.181640625,233.59741
1503,CHE,1,2055,2695911.0,9599.1259765625,304.3495
1504,CHE,1,2060,2896268.0,9626.31640625,293.48303
1505,CHE,1,2065,3713520.0,9580.1845703125,438.94916
1506,CHE,1,2070,4346586.0,9508.59375,495.64285
1507,CHE,1,2075,5158504.5,9404.7470703125,574.48004
1508,CHE,1,2080,5802810.5,9343.6513671875,632.5262
1509,CHE,1,2085,6769110.0,9366.0224609375,673.5473
1510,CHE,1,2090,8215758.0,9252.818359375,915.4288
1511,CHE,1,2095,9288509.0,9055.73828125,1049.438
1512,CHE,1,2100,11018536.0,8922.9736328125,1229.2283
1513,CHE,2,2020,740993.25,8638.1669921875,85.7813
1514,CHE,2,2025,814176.8125,8909.5283203125,91.22858
1515,CHE,2,2030,871440.03125,9136.0625,95.37499
1516,CHE,2,2035,919236.0,9259.7685546875,98.66671
1517,CHE,2,2040,950460.9375,9327.873046875,101.66404
1518,CHE,2,2045,999822.15625,9391.3486328125,107.252335
1519,CHE,2,2050,1033402.75,9399.6611328125,107.91538
1520,CHE,2,2055,1090579.5625,9384.32421875,118.065506
1521,CHE,2,2060,1137872.375,9277.587890625,122.241104
1522,CHE,2,2065,1187810.375,9153.29296875,125.91393
1523,CHE,2,2070,1243415.4375,9126.7978515625,133.95528
1524,CHE,2,2075,1273909.3125,9030.908203125,138.85425
1525,CHE,2,2080,1289837.25,8936.1494140625,141.24768
1526,CHE,2,2085,1328560.75,8819.0751953125,155.43312
1527,CHE,2,2090,1381609.8125,8780.939453125,159.72455
1528,CHE,2,2095,1413810.625,8703.0087890625,165.34859
1529,CHE,2,2100,1424287.1875,8547.841796875,165.66841
1530,CHL,0,2020,249185.4375,19300.314453125,12.910953
1531,CHL,0,2025,295381.59375,20331.05078125,14.498198
1532,CHL,0,2030,350430.03125,21291.740234375,16.33187
1533,CHL,0,2035,407159.125,22096.408203125,18.314043
1534,CHL,0,2040,473510.875,22756.71484375,20.837252
1535,CHL,0,2045,555105.5,23257.271484375,23.932812
1536,CHL,0,2050,658401.375,23617.77734375,27.623507
1537,CHL,0,2055,737612.1875,23845.666015625,30.14959
1538,CHL,0,2060,870710.4375,23942.59375,36.879704
1539,CHL,0,2065,960806.375,23896.578125,40.555557
1540,CHL,0,2070,1080075.5,23792.171875,45.20574
1541,CHL,0,2075,1191314.375,23613.02734375,50.599384
1542,CHL,0,2080,1297773.75,23268.826171875,54.786404
1543,CHL,0,2085,1382447.25,22838.576171875,57.554028
1544,CHL,0,2090,1479248.25,22389.48828125,66.63235
1545,CHL,0,2095,1575904.375,21870.240234375,72.1472
1546,CHL,0,2100,1717439.125,21392.833984375,80.49073
1547,CHL,1,2020,249185.4375,19300.314453125,12.910953
1548,CHL,1,2025,314293.28125,20321.919921875,15.452329
1549,CHL,1,2030,375568.28125,21288.849609375,17.830393
1550,CHL,1,2035,482180.875,22019.546875,21.393202
1551,CHL,1,2040,605209.6875,22677.015625,27.29941
1552,CHL,1,2045,740848.3125,23198.607421875,32.644154
1553,CHL,1,2050,860215.625,23384.83203125,37.068455
1554,CHL,1,2055,1119908.875,23572.296875,48.389442
1555,CHL,1,2060,1329071.375,23665.009765625,53.9642
1556,CHL,1,2065,1598500.625,23590.158203125,61.703976
1557,CHL,1,2070,1849524.375,23318.83203125,75.35222
1558,CHL,1,2075,2253823.25,23020.40234375,95.82263
1559,CHL,1,2080,2697571.75,22691.966796875,116.07362
1560,CHL,1,2085,3196652.0,22359.984375,147.62828
1561,CHL,1,2090,3715820.75,21966.318359375,177.56842
1562,CHL,1,2095,4111669.75,21495.861328125,199.76414
1563,CHL,1,2100,4272899.5,21161.04296875,215.3569
1564,CHL,2,2020,249185.4375,19300.314453125,12.910953
1565,CHL,2,2025,281372.453125,20328.853515625,13.810818
1566,CHL,2,2030,305362.375,21261.8681640625,14.380362
1567,CHL,2,2035,328588.296875,22032.033203125,14.893008
1568,CHL,2,2040,367894.3125,22682.5703125,16.137285
1569,CHL,2,2045,400530.734375,23153.091796875,17.133917
1570,CHL,2,2050,424030.796875,23507.3515625,18.349388
1571,CHL,2,2055,454918.28125,23694.0,19.052326
1572,CHL,2,2060,492154.8125,23807.5673828125,20.07562
1573,CHL,2,2065,516371.578125,23783.041015625,21.41646
1574,CHL,2,2070,520687.78125,23631.154296875,21.42373
1575,CHL,2,2075,539961.625,23311.05078125,22.650017
1576,CHL,2,2080,573140.4375,23054.18359375,24.609869
1577,CHL,2,2085,584434.34375,22629.65625,25.282742
1578,CHL,2,2090,615618.53125,22130.8447265625,28.08189
1579,CHL,2,2095,620106.3125,21600.8046875,29.263947
1580,CHL,2,2100,623596.4375,21143.5673828125,29.882175
1581,CHN,0,2020,14814028.0,1411100.0,10.498213
1582,CHN,0,2025,16333500.0,1432025.625,11.427315
1583,CHN,0,2030,19091944.0,1444073.125,13.203429
1584,CHN,0,2035,20845560.0,1443178.125,14.358725
1585,CHN,0,2040,23771510.0,1432687.375,16.551449
1586,CHN,0,2045,26589678.0,1417633.25,18.72229
1587,CHN,0,2050,31165452.0,1394011.625,22.52471
1588,CHN,0,2055,33758608.0,1366393.25,24.195766
1589,CHN,0,2060,39155344.0,1337456.875,29.335678
1590,CHN,0,2065,40900404.0,1305541.125,31.28258
1591,CHN,0,2070,43747656.0,1272429.375,33.875626
1592,CHN,0,2075,45275296.0,1241920.875,34.78586
1593,CHN,0,2080,49205516.0,1212600.375,41.771877
1594,CHN,0,2085,54999016.0,1181591.125,46.957073
1595,CHN,0,2090,60144092.0,1156987.5,52.762253
1596,CHN,0,2095,65156460.0,1134609.375,58.32752
1597,CHN,0,2100,71041168.0,1111918.375,62.31649
1598,CHN,1,2020,14814028.0,1411100.0,10.498213
1599,CHN,1,2025,17238868.0,1432383.625,12.04595
1600,CHN,1,2030,20209874.0,1443885.25,14.0318165
1601,CHN,1,2035,23655954.0,1442413.25,16.539244
1602,CHN,1,2040,29355744.0,1430958.625,20.185736
1603,CHN,1,2045,36615760.0,1413625.5,26.219986
1604,CHN,1,2050,42447028.0,1390402.0,30.55356
1605,CHN,1,2055,42871828.0,1364209.375,31.584923
1606,CHN,1,2060,55268632.0,1328713.625,41.475388
1607,CHN,1,2065,76749760.0,1299660.375,56.9352
1608,CHN,1,2070,83865712.0,1264881.375,66.87966
1609,CHN,1,2075,89416152.0,1236477.5,69.08508
1610,CHN,1,2080,110307072.0,1213269.375,91.515945
1611,CHN,1,2085,138464608.0,1186333.875,120.75138
1612,CHN,1,2090,159057904.0,1161946.0,135.76988
1613,CHN,1,2095,184253760.0,1136835.125,161.5725
1614,CHN,1,2100,211389136.0,1113582.5,208.98184
1615,CHN,2,2020,14814028.0,1411100.0,10.498213
1616,CHN,2,2025,16152941.0,1431741.0,11.294792
1617,CHN,2,2030,16343016.5,1443860.625,11.309263
1618,CHN,2,2035,16857501.0,1442606.75,11.621917
1619,CHN,2,2040,17228281.0,1431950.375,12.156676
1620,CHN,2,2045,18508978.0,1415794.625,13.130782
1621,CHN,2,2050,19158719.0,1391608.625,13.721392
1622,CHN,2,2055,19515451.0,1365077.125,14.206086
1623,CHN,2,2060,21305687.0,1334919.375,16.089817
1624,CHN,2,2065,21500770.0,1301222.625,16.337404
1625,CHN,2,2070,21204381.0,1269828.75,16.925667
1626,CHN,2,2075,21269125.0,1238762.375,17.10331
1627,CHN,2,2080,21501597.0,1209554.625,18.132015
1628,CHN,2,2085,22419785.0,1180551.5,19.311344
1629,CHN,2,2090,23413754.0,1156393.75,20.538893
1630,CHN,2,2095,22861769.0,1132802.25,19.940186
1631,CHN,2,2100,24218638.0,1106801.5,22.1016
1632,CIV,0,2020,60732.06640625,26811.7890625,2.2651255
1633,CIV,0,2025,79510.0234375,30280.923828125,2.635733
1634,CIV,0,2030,110418.8671875,33960.5,3.2505198
1635,CIV,0,2035,139656.71875,37847.625,3.6370976
1636,CIV,0,2040,181485.296875,42005.7421875,4.4311395
1637,CIV,0,2045,228165.53125,46097.828125,4.784091
1638,CIV,0,2050,296528.1875,50056.4765625,5.8170714
1639,CIV,0,2055,375190.1875,54074.83203125,7.1037927
1640,CIV,0,2060,491578.375,58066.80859375,8.619611
1641,CIV,0,2065,611901.25,61764.44140625,9.673012
1642,CIV,0,2070,736006.0625,65530.359375,11.49304
1643,CIV,0,2075,905380.375,69127.609375,12.900468
1644,CIV,0,2080,1030756.125,72057.1640625,14.349787
1645,CIV,0,2085,1248376.875,74593.3359375,17.646862
1646,CIV,0,2090,1430669.125,76853.8125,18.658962
1647,CIV,0,2095,1661338.75,79508.328125,21.518896
1648,CIV,0,2100,1945986.625,80615.890625,24.456999
1649,CIV,1,2020,60732.06640625,26811.7890625,2.2651255
1650,CIV,1,2025,88911.3984375,30175.80078125,2.9248495
1651,CIV,1,2030,119389.140625,33832.94921875,3.509415
1652,CIV,1,2035,186032.0625,37770.98828125,4.914856
1653,CIV,1,2040,247991.703125,41808.76953125,6.0142393
1654,CIV,1,2045,365400.125,45717.9921875,7.8207054
1655,CIV,1,2050,501785.3125,49741.19921875,10.256023
1656,CIV,1,2055,705863.5625,53979.46875,13.566181
1657,CIV,1,2060,918195.25,57681.20703125,15.047385
1658,CIV,1,2065,1251340.125,61316.25,20.459782
1659,CIV,1,2070,1465679.625,64462.4296875,22.02673
1660,CIV,1,2075,1842342.375,68622.4765625,25.777323
1661,CIV,1,2080,2389116.25,72457.5546875,35.861668
1662,CIV,1,2085,3302480.0,75250.59375,49.335655
1663,CIV,1,2090,4015258.75,78913.4375,58.602272
1664,CIV,1,2095,5093228.5,80905.90625,74.763565
1665,CIV,1,2100,5497696.5,82827.6953125,61.220406
1666,CIV,2,2020,60732.06640625,26811.7890625,2.2651255
1667,CIV,2,2025,77628.875,30267.2919921875,2.5654085
1668,CIV,2,2030,96166.0390625,33931.3828125,2.8736877
1669,CIV,2,2035,115425.60546875,37790.84765625,3.0306532
1670,CIV,2,2040,140331.5390625,41873.98828125,3.3562746
1671,CIV,2,2045,170907.984375,46036.1484375,3.7274137
1672,CIV,2,2050,200385.96875,50195.42578125,4.0270715
1673,CIV,2,2055,238949.6484375,54302.62109375,4.4416366
1674,CIV,2,2060,279917.359375,58244.625,4.9156613
1675,CIV,2,2065,326044.234375,62273.15625,5.4140124
1676,CIV,2,2070,372540.921875,65854.859375,5.745491
1677,CIV,2,2075,418492.859375,69735.296875,6.0965147
1678,CIV,2,2080,494540.8125,72636.0078125,6.9833484
1679,CIV,2,2085,539742.125,75250.59375,7.214604
1680,CIV,2,2090,609039.90625,78324.640625,8.128814
1681,CIV,2,2095,670823.875,80515.59375,8.582609
1682,CIV,2,2100,720513.46875,82132.375,8.863665
1683,CMR,0,2020,38107.89453125,26491.087890625,1.4385176
1684,CMR,0,2025,51809.26953125,29889.060546875,1.7371557
1685,CMR,0,2030,69893.5390625,33432.08984375,2.0751061
1686,CMR,0,2035,90856.234375,37107.3125,2.4281564
1687,CMR,0,2040,115819.65625,40964.29296875,2.81252
1688,CMR,0,2045,148929.15625,44804.4296875,3.3027954
1689,CMR,0,2050,187294.109375,48725.05859375,3.795376
1690,CMR,0,2055,223892.65625,52453.9296875,4.1589417
1691,CMR,0,2060,294297.875,56267.4140625,5.0990934
1692,CMR,0,2065,365612.53125,59885.3203125,5.982284
1693,CMR,0,2070,450583.5625,63225.53515625,6.910801
1694,CMR,0,2075,546514.1875,66459.3359375,8.061006
1695,CMR,0,2080,611719.0,69702.375,8.663088
1696,CMR,0,2085,733985.3125,72238.5078125,9.732021
1697,CMR,0,2090,864855.0625,74658.7734375,11.390297
1698,CMR,0,2095,940342.9375,76762.0390625,12.268264
1699,CMR,0,2100,1118477.5,78570.078125,14.032089
1700,CMR,1,2020,38107.89453125,26491.087890625,1.4385176
1701,CMR,1,2025,54369.21484375,29850.142578125,1.8333136
1702,CMR,1,2030,64933.2578125,33368.40234375,1.9221841
1703,CMR,1,2035,107247.1953125,37050.2890625,2.8642592
1704,CMR,1,2040,142917.84375,41013.08984375,3.5127497
1705,CMR,1,2045,190438.46875,45163.3203125,4.1569333
1706,CMR,1,2050,252836.359375,49068.35546875,5.27489
1707,CMR,1,2055,318095.09375,53040.3125,5.959571
1708,CMR,1,2060,408668.71875,56608.52734375,7.356762
1709,CMR,1,2065,542765.875,60742.6484375,9.620977
1710,CMR,1,2070,601078.125,64272.703125,9.156011
1711,CMR,1,2075,861882.9375,67901.4765625,12.361439
1712,CMR,1,2080,1055703.875,70942.171875,14.271349
1713,CMR,1,2085,1192666.125,74083.671875,17.81098
1714,CMR,1,2090,1624457.125,75866.375,22.871668
1715,CMR,1,2095,2071835.5,78269.1953125,26.42361
1716,CMR,1,2100,2395334.0,80362.09375,30.956108
1717,CMR,2,2020,38107.89453125,26491.087890625,1.4385176
1718,CMR,2,2025,46642.921875,29874.111328125,1.5580316
1719,CMR,2,2030,57704.171875,33409.859375,1.7020295
1720,CMR,2,2035,68312.64453125,37076.60546875,1.8354377
1721,CMR,2,2040,83455.5546875,40873.328125,2.0339482
1722,CMR,2,2045,106319.69921875,44748.640625,2.371357
1723,CMR,2,2050,125414.88671875,48627.99609375,2.5649278
1724,CMR,2,2055,149683.765625,52368.70703125,2.8427098
1725,CMR,2,2060,173088.34375,56030.49609375,2.9984212
1726,CMR,2,2065,201618.7109375,59709.08984375,3.4945266
1727,CMR,2,2070,219439.5,62999.328125,3.5253944
1728,CMR,2,2075,245937.859375,66043.828125,3.6844428
1729,CMR,2,2080,291211.984375,69119.453125,4.1824756
1730,CMR,2,2085,314015.203125,71713.15625,4.5221906
1731,CMR,2,2090,343910.265625,74030.03125,4.8010154
1732,CMR,2,2095,390003.125,75991.4375,5.0229216
1733,CMR,2,2100,423385.4375,77688.546875,5.3814187
1734,COD,0,2020,45871.62109375,92853.1640625,0.49402323
1735,COD,0,2025,65808.2890625,108000.65625,0.608191
1736,COD,0,2030,106108.0859375,124675.4296875,0.8532251
1737,COD,0,2035,149907.234375,142935.515625,1.0601555
1738,COD,0,2040,200313.984375,163163.28125,1.2117158
1739,COD,0,2045,271290.6875,183323.65625,1.5259906
1740,COD,0,2050,352899.28125,203838.859375,1.7626011
1741,COD,0,2055,503466.53125,225865.84375,2.2304568
1742,COD,0,2060,699490.5,246232.140625,2.9648438
1743,COD,0,2065,866281.875,267790.59375,3.1741176
1744,COD,0,2070,1149039.5,289032.3125,4.175451
1745,COD,0,2075,1516177.125,309404.40625,5.0676036
1746,COD,0,2080,1739152.0,330948.71875,5.3889384
1747,COD,0,2085,2204460.75,349938.625,6.3725743
1748,COD,0,2090,2611285.5,369502.15625,6.8786693
1749,COD,0,2095,3132340.0,386465.71875,8.040924
1750,COD,0,2100,3949987.75,399483.28125,10.4442425
1751,COD,1,2020,45871.62109375,92853.1640625,0.49402323
1752,COD,1,2025,67363.234375,108157.828125,0.61016643
1753,COD,1,2030,109945.453125,125322.0,0.87559664
1754,COD,1,2035,176451.140625,143610.3125,1.2705833
1755,COD,1,2040,231548.375,163503.671875,1.4077858
1756,COD,1,2045,361829.0,183924.71875,1.9773388
1757,COD,1,2050,472053.65625,204313.328125,2.2286127
1758,COD,1,2055,707368.5,224499.390625,3.111628
1759,COD,1,2060,997952.6875,246232.140625,3.9673524
1760,COD,1,2065,1294415.625,269183.84375,4.5729537
1761,COD,1,2070,1895096.0,289237.03125,6.8063083
1762,COD,1,2075,2687738.25,310459.96875,8.072249
1763,COD,1,2080,2768140.25,335811.4375,9.062718
1764,COD,1,2085,3602665.0,356491.03125,11.254122
1765,COD,1,2090,4866729.5,378550.09375,15.158115
1766,COD,1,2095,6580427.0,397944.8125,18.744806
1767,COD,1,2100,7905509.0,418214.53125,20.369291
1768,COD,2,2020,45871.62109375,92853.1640625,0.49402323
1769,COD,2,2025,64289.849609375,108000.65625,0.596574
1770,COD,2,2030,81942.4609375,124670.5390625,0.6571294
1771,COD,2,2035,109036.40234375,142819.703125,0.7584998
1772,COD,2,2040,138046.375,162630.90625,0.8522032
1773,COD,2,2045,177428.078125,182668.1640625,0.9933764
1774,COD,2,2050,225842.9296875,203058.296875,1.1392164
1775,COD,2,2055,284164.578125,225002.140625,1.2913581
1776,COD,2,2060,357998.390625,245442.71875,1.4768645
1777,COD,2,2065,437253.0625,265946.5,1.6285492
1778,COD,2,2070,524707.65625,287247.3125,1.8714991
1779,COD,2,2075,613756.09375,307638.34375,2.015745
1780,COD,2,2080,749146.34375,328805.4375,2.351395
1781,COD,2,2085,900964.875,348299.4375,2.645714
1782,COD,2,2090,1044825.6875,367410.59375,3.0078888
1783,COD,2,2095,1214453.875,382891.59375,3.043574
1784,COD,2,2100,1341056.0625,397870.78125,3.475361
1785,COG,0,2020,10060.7353515625,5702.173828125,1.7643684
1786,COG,0,2025,12979.333984375,6442.181640625,2.0064414
1787,COG,0,2030,16771.95703125,7241.5947265625,2.2767088
1788,COG,0,2035,22698.927734375,8100.43994140625,2.8120434
1789,COG,0,2040,28055.0390625,9008.548828125,3.1038392
1790,COG,0,2045,34021.2265625,9942.8173828125,3.3235319
1791,COG,0,2050,44058.3046875,10932.6005859375,4.0550137
1792,COG,0,2055,55203.38671875,11915.6533203125,4.6113963
1793,COG,0,2060,72774.6640625,12900.6259765625,5.830682
1794,COG,0,2065,89882.09375,13840.212890625,6.7617226
1795,COG,0,2070,111468.0234375,14870.515625,7.84846
1796,COG,0,2075,138391.25,15858.6806640625,9.08729
1797,COG,0,2080,160285.3125,16915.755859375,9.431949
1798,COG,0,2085,192635.546875,17828.029296875,10.517089
1799,COG,0,2090,215437.4375,18566.69921875,10.165875
1800,COG,0,2095,262678.21875,19452.705078125,13.145277
1801,COG,0,2100,310695.96875,20202.2265625,15.529031
1802,COG,1,2020,10060.7353515625,5702.173828125,1.7643684
1803,COG,1,2025,13436.8818359375,6436.6064453125,2.0694482
1804,COG,1,2030,18279.58203125,7219.6064453125,2.548164
1805,COG,1,2035,25766.353515625,8082.896484375,3.2176824
1806,COG,1,2040,34661.98828125,9055.8505859375,3.8686895
1807,COG,1,2045,46866.87109375,10047.8525390625,4.697633
1808,COG,1,2050,64846.44921875,10970.388671875,6.159201
1809,COG,1,2055,79001.7109375,11938.833984375,6.860717
1810,COG,1,2060,94186.6875,12975.1142578125,7.1648417
1811,COG,1,2065,138026.53125,13977.5498046875,9.759993
1812,COG,1,2070,202074.515625,15054.2314453125,14.448755
1813,COG,1,2075,287944.78125,16125.6376953125,18.240183
1814,COG,1,2080,356389.84375,17057.287109375,21.32157
1815,COG,1,2085,435841.53125,18024.69140625,27.739706
1816,COG,1,2090,544248.875,19056.103515625,30.963263
1817,COG,1,2095,729655.8125,19948.638671875,39.71049
1818,COG,1,2100,846538.5,20895.47265625,39.837734
1819,COG,2,2020,10060.7353515625,5702.173828125,1.7643684
1820,COG,2,2025,12303.81103515625,6440.85302734375,1.9002019
1821,COG,2,2030,14933.37109375,7233.09326171875,2.0729485
1822,COG,2,2035,18192.0986328125,8097.63330078125,2.2529173
1823,COG,2,2040,22125.001953125,8999.6923828125,2.4876468
1824,COG,2,2045,26500.4970703125,9943.322265625,2.673706
1825,COG,2,2050,31526.2412109375,10916.4228515625,2.8746462
1826,COG,2,2055,37567.25,11906.345703125,3.1822364
1827,COG,2,2060,43180.875,12906.8759765625,3.3942292
1828,COG,2,2065,51295.88671875,13852.900390625,3.6584983
1829,COG,2,2070,59473.50390625,14873.623046875,4.0389447
1830,COG,2,2075,66118.8046875,15891.01953125,4.096011
1831,COG,2,2080,73012.31640625,16933.8828125,4.31922
1832,COG,2,2085,84890.12890625,17885.087890625,4.8384733
1833,COG,2,2090,95019.0859375,18768.517578125,5.212351
1834,COG,2,2095,107363.22265625,19681.57421875,5.399683
1835,COG,2,2100,117003.00390625,20578.7197265625,5.65075
1836,COL,0,2020,302126.5625,50930.66015625,5.9321156
1837,COL,0,2025,361568.90625,53881.69921875,6.766156
1838,COL,0,2030,438708.40625,56439.22265625,7.758333
1839,COL,0,2035,510855.34375,58533.0078125,8.73764
1840,COL,0,2040,602096.125,60240.0625,9.849078
1841,COL,0,2045,702145.9375,61418.90625,11.488316
1842,COL,0,2050,818972.0625,62267.265625,12.935511
1843,COL,0,2055,967686.625,62431.5546875,15.56151
1844,COL,0,2060,1160842.875,62614.24609375,18.478704
1845,COL,0,2065,1290033.125,62478.5703125,20.575014
1846,COL,0,2070,1437901.375,61977.76171875,23.442139
1847,COL,0,2075,1606326.875,61310.26953125,26.24302
1848,COL,0,2080,1700499.5,60360.22265625,28.43239
1849,COL,0,2085,1891139.0,59467.91015625,32.71217
1850,COL,0,2090,2005324.125,58114.52734375,35.805294
1851,COL,0,2095,2093480.875,56591.87890625,36.356903
1852,COL,0,2100,2136721.0,55155.84375,38.997242
1853,COL,1,2020,302126.5625,50930.66015625,5.9321156
1854,COL,1,2025,373294.3125,53856.28515625,6.9675174
1855,COL,1,2030,431241.4375,56458.1015625,7.626578
1856,COL,1,2035,567441.9375,58576.61328125,9.603449
1857,COL,1,2040,737712.5625,60262.01953125,12.6234255
1858,COL,1,2045,897696.75,61418.90625,14.993972
1859,COL,1,2050,1215594.0,61791.62890625,19.826172
1860,COL,1,2055,1477203.125,62588.515625,23.357363
1861,COL,1,2060,1627032.0,63113.60546875,26.005648
1862,COL,1,2065,2040846.125,63059.76171875,30.613493
1863,COL,1,2070,2443710.5,63225.9765625,38.196873
1864,COL,1,2075,3024578.75,61959.28515625,51.636047
1865,COL,1,2080,3562841.0,61266.984375,55.970444
1866,COL,1,2085,4272967.5,60246.24609375,67.76243
1867,COL,1,2090,4976129.0,59167.0859375,79.28056
1868,COL,1,2095,5441365.5,57267.5390625,96.0045
1869,COL,1,2100,6005921.5,55840.7578125,117.24689
1870,COL,2,2020,302126.5625,50930.66015625,5.9321156
1871,COL,2,2025,344557.828125,53878.61328125,6.398786
1872,COL,2,2030,380807.484375,56394.1796875,6.736968
1873,COL,2,2035,429578.40625,58501.390625,7.312517
1874,COL,2,2040,462505.109375,60146.35546875,7.6017885
1875,COL,2,2045,513746.65625,61233.45703125,8.380065
1876,COL,2,2050,559773.21875,61976.28515625,9.163142
1877,COL,2,2055,584934.34375,62366.89453125,9.3315935
1878,COL,2,2060,622377.40625,62490.9765625,10.120396
1879,COL,2,2065,648052.4375,62366.69921875,10.306066
1880,COL,2,2070,663632.90625,61836.65625,10.791314
1881,COL,2,2075,686109.1875,61165.88671875,11.143514
1882,COL,2,2080,715520.53125,60090.478515625,11.772182
1883,COL,2,2085,752885.03125,58959.92578125,12.246726
1884,COL,2,2090,785359.21875,57371.2890625,13.883585
1885,COL,2,2095,830428.6875,55975.09765625,14.669943
1886,COL,2,2100,854518.21875,54344.29296875,15.4847765
1887,COM,0,2020,1105.4530029296875,806.166015625,1.3712474
1888,COM,0,2025,1457.8336181640625,893.364501953125,1.6349187
1889,COM,0,2030,1970.096923828125,979.7290649414062,2.0005496
1890,COM,0,2035,2403.414306640625,1065.8399658203125,2.2334452
1891,COM,0,2040,3048.68701171875,1152.9918212890625,2.6090298
1892,COM,0,2045,4016.6025390625,1238.3563232421875,3.2584198
1893,COM,0,2050,4903.20751953125,1320.8619384765625,3.6241515
1894,COM,0,2055,6084.58984375,1401.66015625,4.29203
1895,COM,0,2060,7699.8271484375,1471.662109375,5.1306114
1896,COM,0,2065,9400.3466796875,1542.1221923828125,6.120784
1897,COM,0,2070,11477.630859375,1598.920166015625,7.4287095
1898,COM,0,2075,13842.193359375,1655.2032470703125,8.228809
1899,COM,0,2080,15617.6279296875,1704.65673828125,9.213882
1900,COM,0,2085,18513.146484375,1733.01416015625,10.802188
1901,COM,0,2090,20150.74609375,1755.062255859375,11.436703
1902,COM,0,2095,23108.9609375,1780.583984375,13.1299
1903,COM,0,2100,26365.615234375,1795.4404296875,14.967907
1904,COM,1,2020,1105.4530029296875,806.166015625,1.3712474
1905,COM,1,2025,1657.4189453125,896.4608764648438,1.8605813
1906,COM,1,2030,2297.43994140625,988.7679443359375,2.3828156
1907,COM,1,2035,3200.61962890625,1076.38427734375,3.0305455
1908,COM,1,2040,4375.25634765625,1175.95556640625,3.6527703
1909,COM,1,2045,5735.90380859375,1254.2630615234375,4.7029805
1910,COM,1,2050,7521.52978515625,1352.62548828125,5.480228
1911,COM,1,2055,9996.9423828125,1436.5784912109375,6.7797246
1912,COM,1,2060,12394.494140625,1509.712646484375,8.649624
1913,COM,1,2065,15901.3828125,1587.671875,11.03521
1914,COM,1,2070,21518.74609375,1650.554443359375,12.753823
1915,COM,1,2075,27475.966796875,1681.2230224609375,16.8446
1916,COM,1,2080,31702.525390625,1716.637939453125,21.386284
1917,COM,1,2085,40079.734375,1754.430419921875,24.406775
1918,COM,1,2090,49845.41015625,1781.7281494140625,28.764135
1919,COM,1,2095,62079.921875,1819.6904296875,32.75419
1920,COM,1,2100,74619.7578125,1822.699462890625,42.755856
1921,COM,2,2020,1105.4530029296875,806.166015625,1.3712474
1922,COM,2,2025,1360.225341796875,893.8716430664062,1.5233048
1923,COM,2,2030,1625.45458984375,980.4783935546875,1.6579794
1924,COM,2,2035,1897.155029296875,1066.810546875,1.7613347
1925,COM,2,2040,2305.34912109375,1154.666015625,2.0076761
1926,COM,2,2045,2758.310546875,1238.2037353515625,2.2574596
1927,COM,2,2050,3120.259765625,1320.4666748046875,2.319846
1928,COM,2,2055,3621.307861328125,1401.5472412109375,2.4664452
1929,COM,2,2060,4230.79052734375,1479.390625,2.7859068
1930,COM,2,2065,4807.072265625,1548.460693359375,3.0632608
1931,COM,2,2070,5377.7255859375,1609.40087890625,3.2899935
1932,COM,2,2075,6190.88623046875,1658.720703125,3.7501569
1933,COM,2,2080,7038.84912109375,1707.61962890625,4.0624795
1934,COM,2,2085,7604.455078125,1744.02392578125,4.369314
1935,COM,2,2090,8246.1962890625,1774.3125,4.635032
1936,COM,2,2095,9130.224609375,1799.8555908203125,5.0099125
1937,COM,2,2100,9791.224609375,1805.491943359375,5.4189105
1938,CPV,0,2020,1698.41845703125,582.6400146484375,2.915039
1939,CPV,0,2025,1991.158447265625,611.1351318359375,3.244746
1940,CPV,0,2030,2436.608642578125,638.288330078125,3.8131049
1941,CPV,0,2035,2825.71240234375,659.0558471679688,4.2856956
1942,CPV,0,2040,3412.94091796875,679.1231079101562,4.9906178
1943,CPV,0,2045,3943.530517578125,692.8492431640625,5.7348204
1944,CPV,0,2050,4616.29052734375,698.3272705078125,6.511679
1945,CPV,0,2055,5571.94580078125,700.5857543945312,7.9144635
1946,CPV,0,2060,6223.44970703125,704.56201171875,9.341389
1947,CPV,0,2065,6778.2880859375,703.2760620117188,9.772452
1948,CPV,0,2070,7609.6826171875,693.9971313476562,10.637324
1949,CPV,0,2075,9037.6220703125,681.9810791015625,13.48265
1950,CPV,0,2080,9674.80078125,674.3362426757812,13.783963
1951,CPV,0,2085,10858.494140625,659.3558959960938,15.522048
1952,CPV,0,2090,11858.7880859375,649.582763671875,18.539558
1953,CPV,0,2095,12704.1650390625,635.4848022460938,19.586256
1954,CPV,0,2100,13644.50390625,619.33740234375,21.610964
1955,CPV,1,2020,1698.41845703125,582.6400146484375,2.915039
1956,CPV,1,2025,2147.578857421875,609.2123413085938,3.507112
1957,CPV,1,2030,2805.52099609375,642.7180786132812,4.399304
1958,CPV,1,2035,3709.5654296875,677.1044921875,5.3405333
1959,CPV,1,2040,4356.3271484375,697.6221923828125,6.002292
1960,CPV,1,2045,5231.62255859375,717.9270629882812,7.9186964
1961,CPV,1,2050,6754.0849609375,738.7991943359375,9.7471695
1962,CPV,1,2055,9158.041015625,745.6605834960938,12.752976
1963,CPV,1,2060,10979.96875,751.5618286132812,15.216901
1964,CPV,1,2065,14453.0703125,746.45751953125,20.0443
1965,CPV,1,2070,17541.478515625,731.6195068359375,23.984951
1966,CPV,1,2075,19759.0390625,730.6581420898438,28.059704
1967,CPV,1,2080,21152.255859375,708.4231567382812,28.65164
1968,CPV,1,2085,26689.595703125,706.0105590820312,35.42695
1969,CPV,1,2090,30502.716796875,700.2941284179688,39.548073
1970,CPV,1,2095,36302.30078125,683.3994750976562,46.425602
1971,CPV,1,2100,38436.8125,660.2176513671875,54.0557
1972,CPV,2,2020,1698.41845703125,582.6400146484375,2.915039
1973,CPV,2,2025,1969.390869140625,611.2435302734375,3.2188
1974,CPV,2,2030,2180.399658203125,637.1002807617188,3.3629787
1975,CPV,2,2035,2389.63427734375,657.0084228515625,3.675625
1976,CPV,2,2040,2652.541748046875,676.5677490234375,3.9436007
1977,CPV,2,2045,2986.122314453125,687.5166625976562,4.339976
1978,CPV,2,2050,3315.98681640625,692.7579345703125,4.6601214
1979,CPV,2,2055,3530.199462890625,693.250244140625,4.936301
1980,CPV,2,2060,3882.35595703125,694.1138916015625,5.482201
1981,CPV,2,2065,4185.7373046875,695.2600708007812,5.987052
1982,CPV,2,2070,4278.01611328125,686.9647827148438,6.222372
1983,CPV,2,2075,4441.64013671875,678.5429077148438,6.2922363
1984,CPV,2,2080,4618.8427734375,668.383544921875,6.4505925
1985,CPV,2,2085,4835.609375,655.7415161132812,6.933961
1986,CPV,2,2090,5041.978515625,647.678466796875,7.406358
1987,CPV,2,2095,5255.990234375,632.4115600585938,8.147979
1988,CPV,2,2100,5541.451171875,616.6004638671875,8.702499
1989,CRI,0,2020,62464.453125,5123.10498046875,12.192695
1990,CRI,0,2025,72753.9453125,5333.34423828125,13.6323595
1991,CRI,0,2030,86528.3359375,5505.89892578125,15.741707
1992,CRI,0,2035,100125.1953125,5647.7783203125,17.734125
1993,CRI,0,2040,117963.1328125,5759.7470703125,20.621141
1994,CRI,0,2045,133201.203125,5844.05322265625,22.853899
1995,CRI,0,2050,156144.015625,5887.43896484375,26.88843
1996,CRI,0,2055,178756.3125,5914.28076171875,30.126276
1997,CRI,0,2060,201964.703125,5910.26513671875,34.279675
1998,CRI,0,2065,224768.859375,5885.18505859375,38.182373
1999,CRI,0,2070,256656.4375,5845.27685546875,45.533295
2000,CRI,0,2075,281973.34375,5783.33984375,49.139294
2001,CRI,0,2080,306620.625,5688.927734375,54.697887
2002,CRI,0,2085,331469.25,5605.65771484375,60.604202
2003,CRI,0,2090,351758.0,5488.9892578125,65.48455
2004,CRI,0,2095,384309.0625,5403.72509765625,70.22433
2005,CRI,0,2100,403859.6875,5324.6796875,79.83003
2006,CRI,1,2020,62464.453125,5123.10498046875,12.192695
2007,CRI,1,2025,73453.125,5340.1669921875,13.724563
2008,CRI,1,2030,93078.8671875,5510.36767578125,16.779953
2009,CRI,1,2035,121756.8984375,5674.23291015625,21.696144
2010,CRI,1,2040,144671.203125,5816.099609375,24.466845
2011,CRI,1,2045,163265.53125,5916.2265625,28.55662
2012,CRI,1,2050,206276.4375,5969.7158203125,36.270912
2013,CRI,1,2055,251388.703125,6020.6904296875,42.973946
2014,CRI,1,2060,293693.46875,6028.65478515625,52.535122
2015,CRI,1,2065,355873.625,6007.53125,62.577087
2016,CRI,1,2070,424834.28125,5985.40380859375,73.277885
2017,CRI,1,2075,522901.1875,5941.93359375,89.28674
2018,CRI,1,2080,587963.375,5909.50048828125,104.671814
2019,CRI,1,2085,746665.9375,5839.95458984375,133.19205
2020,CRI,1,2090,910293.5625,5750.3681640625,161.55081
2021,CRI,1,2095,1048027.1875,5674.37158203125,196.59698
2022,CRI,1,2100,1192611.125,5570.08056640625,216.40547
2023,CRI,2,2020,62464.453125,5123.10498046875,12.192695
2024,CRI,2,2025,70043.3515625,5335.5009765625,13.105675
2025,CRI,2,2030,77772.515625,5507.33203125,14.123584
2026,CRI,2,2035,83377.87890625,5650.41943359375,14.784582
2027,CRI,2,2040,94113.484375,5761.91015625,16.587847
2028,CRI,2,2045,102908.0078125,5846.23828125,17.70131
2029,CRI,2,2050,107696.38671875,5894.1572265625,18.257572
2030,CRI,2,2055,113786.171875,5922.58984375,19.266129
2031,CRI,2,2060,123447.9921875,5921.73974609375,21.021961
2032,CRI,2,2065,131669.4609375,5897.85888671875,22.52405
2033,CRI,2,2070,135373.9375,5859.2626953125,23.80318
2034,CRI,2,2075,141776.9375,5794.71826171875,24.720686
2035,CRI,2,2080,145562.171875,5717.61328125,26.018286
2036,CRI,2,2085,150592.640625,5620.0859375,27.144379
2037,CRI,2,2090,155978.6484375,5512.4765625,28.303532
2038,CRI,2,2095,165228.0078125,5404.677734375,31.858072
2039,CRI,2,2100,169089.8671875,5318.560546875,32.92205
2040,CUB,0,2020,82150.3125,11300.6982421875,7.2694902
2041,CUB,0,2025,92684.5234375,11183.8662109375,8.293404
2042,CUB,0,2030,101408.9140625,10985.484375,9.200152
2043,CUB,0,2035,115760.265625,10710.041015625,10.7802
2044,CUB,0,2040,123953.5390625,10402.5986328125,11.961881
2045,CUB,0,2045,136885.96875,10041.9921875,13.582411
2046,CUB,0,2050,149839.65625,9642.5361328125,15.629914
2047,CUB,0,2055,163067.171875,9216.783203125,17.558666
2048,CUB,0,2060,173811.703125,8755.068359375,19.765017
2049,CUB,0,2065,189462.15625,8296.548828125,22.888126
2050,CUB,0,2070,200679.390625,7869.97216796875,24.926964
2051,CUB,0,2075,216522.5,7484.69873046875,29.306
2052,CUB,0,2080,224392.5625,7137.14404296875,31.168638
2053,CUB,0,2085,235417.078125,6791.95849609375,34.18899
2054,CUB,0,2090,236897.515625,6470.5380859375,38.35344
2055,CUB,0,2095,251472.375,6161.13720703125,42.240322
2056,CUB,0,2100,257541.578125,5880.611328125,48.039066
2057,CUB,1,2020,82150.3125,11300.6982421875,7.2694902
2058,CUB,1,2025,96168.4921875,11199.1884765625,8.5810175
2059,CUB,1,2030,114312.2265625,11027.4287109375,10.295672
2060,CUB,1,2035,139259.015625,10776.8251953125,13.202758
2061,CUB,1,2040,164218.859375,10459.525390625,15.526032
2062,CUB,1,2045,185382.140625,10114.4345703125,18.09382
2063,CUB,1,2050,228956.875,9793.140625,23.285236
2064,CUB,1,2055,275156.03125,9388.6640625,31.103651
2065,CUB,1,2060,301875.5625,8970.7998046875,36.216797
2066,CUB,1,2065,369342.875,8572.75,46.96697
2067,CUB,1,2070,413622.65625,8173.775390625,52.820362
2068,CUB,1,2075,460222.375,7826.205078125,60.24472
2069,CUB,1,2080,537996.875,7496.38671875,69.50091
2070,CUB,1,2085,607209.0,7139.40869140625,89.59271
2071,CUB,1,2090,708770.5,6854.10400390625,111.73636
2072,CUB,1,2095,714500.6875,6549.119140625,113.17119
2073,CUB,1,2100,798864.5,6232.06591796875,133.18236
2074,CUB,2,2020,82150.3125,11300.6982421875,7.2694902
2075,CUB,2,2025,86865.62890625,11179.787109375,7.7547565
2076,CUB,2,2030,92588.546875,10980.21875,8.411473
2077,CUB,2,2035,91678.42578125,10709.48046875,8.541718
2078,CUB,2,2040,95641.41015625,10373.02734375,9.153331
2079,CUB,2,2045,99844.41796875,10028.7490234375,9.951786
2080,CUB,2,2050,105489.71484375,9634.9970703125,10.860534
2081,CUB,2,2055,104451.625,9211.3134765625,11.459261
2082,CUB,2,2060,105420.5703125,8754.8388671875,12.108792
2083,CUB,2,2065,104771.078125,8296.95703125,12.653086
2084,CUB,2,2070,105835.9765625,7877.31005859375,13.379058
2085,CUB,2,2075,105400.2265625,7504.87939453125,14.147005
2086,CUB,2,2080,105355.890625,7174.6875,14.679983
2087,CUB,2,2085,107016.828125,6829.515625,15.823972
2088,CUB,2,2090,105380.21875,6506.39794921875,16.00082
2089,CUB,2,2095,107636.390625,6214.5029296875,17.675127
2090,CUB,2,2100,107444.99609375,5941.78955078125,17.88252
2091,CYP,0,2020,24491.0390625,1237.5369873046875,19.790148
2092,CYP,0,2025,27778.884765625,1264.61474609375,22.080364
2093,CYP,0,2030,31580.208984375,1281.170166015625,24.597841
2094,CYP,0,2035,35727.5,1288.8140869140625,27.438433
2095,CYP,0,2040,41140.4453125,1295.410400390625,31.88262
2096,CYP,0,2045,45738.6484375,1292.6942138671875,35.295185
2097,CYP,0,2050,51011.64453125,1286.1287841796875,39.70467
2098,CYP,0,2055,56995.046875,1274.52783203125,46.056377
2099,CYP,0,2060,64526.7578125,1248.4158935546875,50.516315
2100,CYP,0,2065,71103.953125,1223.9598388671875,60.293602
2101,CYP,0,2070,73689.203125,1191.1851806640625,61.346584
2102,CYP,0,2075,77434.328125,1166.5372314453125,63.31531
2103,CYP,0,2080,81423.390625,1123.8125,70.276596
2104,CYP,0,2085,87511.2734375,1082.7005615234375,80.21998
2105,CYP,0,2090,90894.1796875,1040.593994140625,82.78735
2106,CYP,0,2095,94869.3359375,1001.8546142578125,90.74721
2107,CYP,0,2100,97024.359375,976.05615234375,93.64841
2108,CYP,1,2020,24491.0390625,1237.5369873046875,19.790148
2109,CYP,1,2025,28480.40234375,1270.8853759765625,22.602146
2110,CYP,1,2030,34414.60546875,1280.892822265625,26.682718
2111,CYP,1,2035,41503.37890625,1284.3524169921875,32.627785
2112,CYP,1,2040,48653.0625,1283.87353515625,36.8089
2113,CYP,1,2045,56003.09375,1284.8143310546875,40.621063
2114,CYP,1,2050,73294.8515625,1278.5687255859375,56.463882
2115,CYP,1,2055,92534.953125,1272.26806640625,77.46806
2116,CYP,1,2060,102765.84375,1248.4158935546875,74.03743
2117,CYP,1,2065,123878.8828125,1243.724609375,105.69745
2118,CYP,1,2070,154249.421875,1196.775634765625,138.02061
2119,CYP,1,2075,188833.3125,1183.1346435546875,162.68648
2120,CYP,1,2080,212587.125,1151.1044921875,181.571
2121,CYP,1,2085,234171.671875,1119.502197265625,209.68065
2122,CYP,1,2090,254575.03125,1074.4771728515625,249.67397
2123,CYP,1,2095,257913.15625,1040.4326171875,268.71002
2124,CYP,1,2100,296620.75,1019.7020263671875,342.4357
2125,CYP,2,2020,24491.0390625,1237.5369873046875,19.790148
2126,CYP,2,2025,26989.3291015625,1264.5992431640625,21.33821
2127,CYP,2,2030,27869.8955078125,1281.6524658203125,21.663576
2128,CYP,2,2035,29951.302734375,1291.0181884765625,23.09667
2129,CYP,2,2040,31777.5283203125,1297.1806640625,24.912325
2130,CYP,2,2045,33392.18359375,1293.357666015625,25.407837
2131,CYP,2,2050,34535.9921875,1291.2041015625,27.061813
2132,CYP,2,2055,35565.330078125,1275.004150390625,28.05999
2133,CYP,2,2060,36916.0859375,1255.01513671875,29.366823
2134,CYP,2,2065,38048.650390625,1229.0582275390625,30.88248
2135,CYP,2,2070,38327.419921875,1202.843505859375,31.0187
2136,CYP,2,2075,39419.591796875,1171.039306640625,33.143253
2137,CYP,2,2080,40553.5625,1129.902587890625,34.633583
2138,CYP,2,2085,41517.314453125,1085.5372314453125,36.805874
2139,CYP,2,2090,41775.12109375,1052.23828125,38.992508
2140,CYP,2,2095,42884.9296875,1015.32080078125,40.86458
2141,CYP,2,2100,43466.083984375,982.5947265625,43.677525
2142,CZE,0,2020,206528.75,10697.8583984375,19.305616
2143,CZE,0,2025,228542.46875,10680.7265625,21.396875
2144,CZE,0,2030,261713.78125,10570.388671875,24.901276
2145,CZE,0,2035,282690.25,10411.791015625,27.297493
2146,CZE,0,2040,319058.21875,10261.4970703125,31.002012
2147,CZE,0,2045,353372.125,10102.46875,35.335815
2148,CZE,0,2050,409065.40625,9940.1591796875,41.21144
2149,CZE,0,2055,444272.75,9764.001953125,45.94797
2150,CZE,0,2060,468864.28125,9553.3544921875,48.94484
2151,CZE,0,2065,524480.125,9314.2294921875,56.75167
2152,CZE,0,2070,575679.8125,9064.1015625,63.74893
2153,CZE,0,2075,613946.375,8824.427734375,69.755104
2154,CZE,0,2080,663962.1875,8669.7021484375,75.75954
2155,CZE,0,2085,747781.3125,8502.8935546875,88.356445
2156,CZE,0,2090,788005.5,8399.33203125,93.72247
2157,CZE,0,2095,866590.9375,8335.0478515625,105.4999
2158,CZE,0,2100,904234.9375,8208.6005859375,112.091225
2159,CZE,1,2020,206528.75,10697.8583984375,19.305616
2160,CZE,1,2025,242077.09375,10681.419921875,22.766262
2161,CZE,1,2030,288490.0,10586.775390625,26.991467
2162,CZE,1,2035,331180.46875,10448.8544921875,32.09497
2163,CZE,1,2040,380949.90625,10316.89453125,37.456974
2164,CZE,1,2045,411266.6875,10191.7109375,40.317215
2165,CZE,1,2050,553529.1875,10055.73828125,57.916695
2166,CZE,1,2055,694675.125,9906.6875,72.08384
2167,CZE,1,2060,800313.375,9657.326171875,89.06931
2168,CZE,1,2065,944079.0625,9411.54296875,105.03229
2169,CZE,1,2070,1121723.125,9182.388671875,128.55336
2170,CZE,1,2075,1292225.875,9007.3583984375,146.74205
2171,CZE,1,2080,1490206.5,8848.5576171875,168.97772
2172,CZE,1,2085,1757130.0,8730.880859375,203.126
2173,CZE,1,2090,1936434.75,8686.34375,233.4417
2174,CZE,1,2095,2249872.75,8577.2978515625,271.9039
2175,CZE,1,2100,2479536.0,8475.2841796875,313.77936
2176,CZE,2,2020,206528.75,10697.8583984375,19.305616
2177,CZE,2,2025,225694.0,10676.0400390625,21.22525
2178,CZE,2,2030,230990.296875,10571.0458984375,21.919025
2179,CZE,2,2035,237842.4453125,10408.109375,22.80877
2180,CZE,2,2040,237026.921875,10244.3271484375,22.818533
2181,CZE,2,2045,250789.9140625,10072.599609375,24.917812
2182,CZE,2,2050,264029.125,9919.072265625,27.034266
2183,CZE,2,2055,269058.328125,9742.1357421875,27.388567
2184,CZE,2,2060,285661.46875,9529.2294921875,30.033335
2185,CZE,2,2065,297724.625,9300.9638671875,32.61223
2186,CZE,2,2070,302782.03125,9058.4697265625,34.311443
2187,CZE,2,2075,307261.21875,8810.0087890625,34.478527
2188,CZE,2,2080,318858.375,8640.2646484375,37.115017
2189,CZE,2,2085,335646.671875,8488.9384765625,39.000263
2190,CZE,2,2090,349996.859375,8381.71484375,41.91972
2191,CZE,2,2095,363643.359375,8317.9111328125,43.92001
2192,CZE,2,2100,377471.875,8196.59765625,46.08996
2193,DEU,0,2020,3506430.75,83160.8671875,42.164433
2194,DEU,0,2025,3861009.5,83961.9765625,46.072994
2195,DEU,0,2030,4549428.5,84346.953125,53.93787
2196,DEU,0,2035,5114047.5,84351.03125,60.7964
2197,DEU,0,2040,5621775.5,84072.921875,65.77487
2198,DEU,0,2045,6105117.0,83536.90625,73.244675
2199,DEU,0,2050,6807590.0,82619.0703125,81.61382
2200,DEU,0,2055,7671152.5,81452.9296875,92.0608
2201,DEU,0,2060,8641948.0,80147.1484375,107.85227
2202,DEU,0,2065,8953042.0,79180.75,111.33664
2203,DEU,0,2070,9813932.0,78450.390625,124.87772
2204,DEU,0,2075,10363085.0,77668.453125,133.4386
2205,DEU,0,2080,11423768.0,76729.0625,149.20242
2206,DEU,0,2085,12538792.0,76094.4375,172.35675
2207,DEU,0,2090,13251858.0,75530.78125,180.04987
2208,DEU,0,2095,14079012.0,74486.28125,186.63007
2209,DEU,0,2100,15493664.0,73741.4609375,213.94293
2210,DEU,1,2020,3506430.75,83160.8671875,42.164433
2211,DEU,1,2025,4177311.5,84011.4765625,49.71541
2212,DEU,1,2030,4682830.5,84796.3203125,56.249252
2213,DEU,1,2035,5418534.0,85180.84375,62.73407
2214,DEU,1,2040,6813294.5,84997.21875,78.841995
2215,DEU,1,2045,8052961.5,84228.6640625,94.52258
2216,DEU,1,2050,9534849.0,83718.703125,116.444244
2217,DEU,1,2055,11887595.0,82961.0,141.3797
2218,DEU,1,2060,14166455.0,82672.71875,166.48868
2219,DEU,1,2065,15955243.0,82058.5,191.85814
2220,DEU,1,2070,19461658.0,81643.6171875,238.70961
2221,DEU,1,2075,22618394.0,81205.59375,259.19907
2222,DEU,1,2080,27016618.0,80138.6953125,338.58713
2223,DEU,1,2085,29273322.0,79063.09375,371.3174
2224,DEU,1,2090,31877148.0,78149.734375,427.97678
2225,DEU,1,2095,35731692.0,77700.2578125,513.87006
2226,DEU,1,2100,40789596.0,77652.5703125,588.58105
2227,DEU,2,2020,3506430.75,83160.8671875,42.164433
2228,DEU,2,2025,3762201.875,83961.9765625,44.900215
2229,DEU,2,2030,3831330.625,84350.2578125,45.428535
2230,DEU,2,2035,3972979.125,84419.5234375,46.95102
2231,DEU,2,2040,4107665.375,84196.72265625,48.876663
2232,DEU,2,2045,4224800.75,83547.8046875,50.886288
2233,DEU,2,2050,4339221.0,82733.9375,52.987953
2234,DEU,2,2055,4339245.5,81634.1171875,53.940296
2235,DEU,2,2060,4569291.0,80379.421875,56.79577
2236,DEU,2,2065,4661763.75,79270.85546875,58.2263
2237,DEU,2,2070,4870351.5,78641.9765625,60.425823
2238,DEU,2,2075,5105313.0,77888.2734375,66.82749
2239,DEU,2,2080,5117479.5,76742.046875,66.68689
2240,DEU,2,2085,5477558.5,76339.78125,73.892296
2241,DEU,2,2090,5846970.5,75572.265625,77.7688
2242,DEU,2,2095,5864366.25,74764.5078125,79.2784
2243,DEU,2,2100,6038653.75,74047.8828125,80.51976
2244,DJI,0,2020,3110.087158203125,1090.156005859375,2.8528826
2245,DJI,0,2025,3792.427490234375,1189.3740234375,3.1731124
2246,DJI,0,2030,4668.1328125,1289.88427734375,3.5872424
2247,DJI,0,2035,5745.5537109375,1417.6854248046875,4.0209494
2248,DJI,0,2040,6943.16064453125,1502.4891357421875,4.6992583
2249,DJI,0,2045,8434.6435546875,1624.424560546875,5.2547326
2250,DJI,0,2050,10106.0380859375,1716.1689453125,6.1178646
2251,DJI,0,2055,12411.6103515625,1809.51611328125,7.103272
2252,DJI,0,2060,14800.521484375,1850.494140625,7.797321
2253,DJI,0,2065,17575.615234375,1941.6085205078125,8.905095
2254,DJI,0,2070,19950.0703125,2013.2481689453125,10.156398
2255,DJI,0,2075,23777.345703125,2058.741943359375,11.66929
2256,DJI,0,2080,27046.6953125,2104.4931640625,13.203014
2257,DJI,0,2085,30933.0546875,2116.014404296875,14.134127
2258,DJI,0,2090,33932.91015625,2190.123779296875,15.400361
2259,DJI,0,2095,38132.7734375,2261.179443359375,16.506935
2260,DJI,0,2100,42988.45703125,2304.358642578125,19.876066
2261,DJI,1,2020,3110.087158203125,1090.156005859375,2.8528826
2262,DJI,1,2025,3973.177001953125,1169.89453125,3.296261
2263,DJI,1,2030,5162.30029296875,1277.8629150390625,3.8839152
2264,DJI,1,2035,6882.72119140625,1389.250244140625,5.070056
2265,DJI,1,2040,8792.552734375,1512.155517578125,6.2535663
2266,DJI,1,2045,11205.3193359375,1621.304931640625,7.7524705
2267,DJI,1,2050,15115.90234375,1705.81298828125,9.207053
2268,DJI,1,2055,18206.779296875,1807.316162109375,10.902591
2269,DJI,1,2060,22227.142578125,1884.613037109375,11.640463
2270,DJI,1,2065,29971.974609375,2007.8001708984375,17.08315
2271,DJI,1,2070,35855.37890625,2043.704345703125,21.564926
2272,DJI,1,2075,46187.88671875,2103.612548828125,24.50012
2273,DJI,1,2080,57017.72265625,2181.1708984375,30.44767
2274,DJI,1,2085,71718.5,2263.7587890625,35.257694
2275,DJI,1,2090,90112.7734375,2290.093505859375,41.043415
2276,DJI,1,2095,107218.515625,2293.0791015625,52.442535
2277,DJI,1,2100,129447.3359375,2457.45458984375,61.606674
2278,DJI,2,2020,3110.087158203125,1090.156005859375,2.8528826
2279,DJI,2,2025,3646.484375,1193.840087890625,3.063505
2280,DJI,2,2030,4218.0830078125,1300.693603515625,3.2397997
2281,DJI,2,2035,4803.272705078125,1419.042724609375,3.4486806
2282,DJI,2,2040,5515.237060546875,1509.5528564453125,3.649102
2283,DJI,2,2045,6386.699462890625,1622.9996337890625,3.9982834
2284,DJI,2,2050,7201.67041015625,1723.5543212890625,4.293825
2285,DJI,2,2055,8145.482666015625,1818.755859375,4.4819746
2286,DJI,2,2060,9020.5205078125,1886.6890869140625,4.7708
2287,DJI,2,2065,10039.7373046875,1993.2027587890625,5.0978775
2288,DJI,2,2070,10944.6220703125,2070.8447265625,5.464131
2289,DJI,2,2075,11733.0419921875,2111.423828125,5.858916
2290,DJI,2,2080,13025.55419921875,2169.39453125,6.265977
2291,DJI,2,2085,14476.484375,2213.66455078125,6.7110333
2292,DJI,2,2090,15831.40966796875,2276.724365234375,7.2056613
2293,DJI,2,2095,17678.0537109375,2337.8876953125,8.368142
2294,DJI,2,2100,18951.7626953125,2391.81298828125,8.466604
2295,DNK,0,2020,328926.3125,5831.40380859375,56.406025
2296,DNK,0,2025,362767.5,5929.275390625,61.083515
2297,DNK,0,2030,424294.03125,6008.56005859375,70.962814
2298,DNK,0,2035,465984.375,6064.07421875,76.496346
2299,DNK,0,2040,539062.5,6095.4970703125,87.0248
2300,DNK,0,2045,611615.0,6106.6572265625,100.38333
2301,DNK,0,2050,695025.125,6118.978515625,113.731316
2302,DNK,0,2055,776663.1875,6120.11767578125,127.147285
2303,DNK,0,2060,861037.1875,6106.93994140625,139.43193
2304,DNK,0,2065,951780.25,6069.5693359375,154.98051
2305,DNK,0,2070,1055228.875,6061.16748046875,171.34158
2306,DNK,0,2075,1174805.625,6051.13525390625,193.09671
2307,DNK,0,2080,1294996.5,6020.7509765625,209.42574
2308,DNK,0,2085,1406853.625,5991.748046875,225.75835
2309,DNK,0,2090,1453807.625,5960.24609375,235.20813
2310,DNK,0,2095,1570580.75,5936.79541015625,264.73694
2311,DNK,0,2100,1623907.5,5890.40234375,277.46222
2312,DNK,1,2020,328926.3125,5831.40380859375,56.406025
2313,DNK,1,2025,377789.1875,5931.021484375,64.10595
2314,DNK,1,2030,451259.21875,6014.80615234375,74.89375
2315,DNK,1,2035,563979.3125,6084.68798828125,94.22491
2316,DNK,1,2040,692981.6875,6114.53857421875,112.83953
2317,DNK,1,2045,807757.0625,6117.80078125,131.80424
2318,DNK,1,2050,1000619.5625,6120.482421875,161.84338
2319,DNK,1,2055,1250439.5,6121.00390625,210.13577
2320,DNK,1,2060,1383144.625,6124.5537109375,227.44267
2321,DNK,1,2065,1759566.875,6096.84619140625,306.5944
2322,DNK,1,2070,2205194.75,6078.77490234375,385.6432
2323,DNK,1,2075,2594450.75,6073.2802734375,438.23196
2324,DNK,1,2080,2938695.75,6053.3642578125,508.57553
2325,DNK,1,2085,3348339.75,6036.83984375,520.71954
2326,DNK,1,2090,4144865.5,5991.525390625,707.9343
2327,DNK,1,2095,4537067.5,5965.46044921875,699.7889
2328,DNK,1,2100,4697009.0,5962.79052734375,810.5128
2329,DNK,2,2020,328926.3125,5831.40380859375,56.406025
2330,DNK,2,2025,357961.46875,5928.77392578125,60.384438
2331,DNK,2,2030,376073.875,6008.7578125,62.606224
2332,DNK,2,2035,386132.71875,6060.068359375,63.49471
2333,DNK,2,2040,394347.9375,6093.18212890625,64.44129
2334,DNK,2,2045,422521.59375,6101.54150390625,69.276245
2335,DNK,2,2050,438467.90625,6107.634765625,71.71446
2336,DNK,2,2055,456299.578125,6106.3232421875,75.00462
2337,DNK,2,2060,488951.96875,6104.2060546875,80.38439
2338,DNK,2,2065,513234.84375,6066.865234375,85.70692
2339,DNK,2,2070,530883.59375,6060.78173828125,88.90741
2340,DNK,2,2075,554383.15625,6044.74560546875,91.83806
2341,DNK,2,2080,581927.65625,6011.56884765625,97.60845
2342,DNK,2,2085,614255.375,5978.7177734375,103.99627
2343,DNK,2,2090,633300.75,5934.2890625,105.96806
2344,DNK,2,2095,652753.90625,5906.81298828125,111.542404
2345,DNK,2,2100,668923.625,5873.98193359375,115.75928
2346,DOM,0,2020,84413.109375,10999.6640625,7.6741533
2347,DOM,0,2025,98248.8125,11503.96875,8.529506
2348,DOM,0,2030,118536.4921875,11936.478515625,10.003866
2349,DOM,0,2035,136806.34375,12279.2587890625,11.03542
2350,DOM,0,2040,155058.09375,12546.712890625,12.39996
2351,DOM,0,2045,174960.71875,12746.365234375,13.483123
2352,DOM,0,2050,208336.90625,12900.6015625,16.292234
2353,DOM,0,2055,237434.015625,12985.078125,18.444103
2354,DOM,0,2060,275276.09375,12994.0185546875,21.219465
2355,DOM,0,2065,308553.125,12936.4248046875,23.979134
2356,DOM,0,2070,340574.1875,12868.12890625,25.976324
2357,DOM,0,2075,392149.9375,12742.50390625,30.151878
2358,DOM,0,2080,412887.46875,12586.73828125,31.935654
2359,DOM,0,2085,453728.65625,12430.666015625,36.109188
2360,DOM,0,2090,478394.0625,12204.34765625,38.24744
2361,DOM,0,2095,514184.6875,11956.951171875,42.379585
2362,DOM,0,2100,512767.90625,11712.4326171875,43.22763
2363,DOM,1,2020,84413.109375,10999.6640625,7.6741533
2364,DOM,1,2025,100579.7578125,11500.21484375,8.76691
2365,DOM,1,2030,131435.96875,11944.18359375,11.008394
2366,DOM,1,2035,170832.984375,12261.4609375,13.753647
2367,DOM,1,2040,205576.375,12464.916015625,16.465227
2368,DOM,1,2045,228871.234375,12702.921875,17.263617
2369,DOM,1,2050,298524.21875,12799.7841796875,23.474388
2370,DOM,1,2055,370377.4375,12836.826171875,29.130142
2371,DOM,1,2060,434085.3125,12840.83203125,33.42914
2372,DOM,1,2065,566708.0,12764.3037109375,44.453457
2373,DOM,1,2070,685791.5,12626.25,54.865585
2374,DOM,1,2075,789828.625,12529.271484375,60.387905
2375,DOM,1,2080,921406.5625,12383.478515625,72.798645
2376,DOM,1,2085,1138971.625,12187.2294921875,88.79982
2377,DOM,1,2090,1297080.625,12015.6298828125,108.4039
2378,DOM,1,2095,1514171.875,11777.30859375,122.928925
2379,DOM,1,2100,1636024.875,11428.0830078125,139.25401
2380,DOM,2,2020,84413.109375,10999.6640625,7.6741533
2381,DOM,2,2025,96526.0234375,11504.279296875,8.408974
2382,DOM,2,2030,104037.203125,11930.4951171875,8.676195
2383,DOM,2,2035,110134.265625,12271.306640625,9.00545
2384,DOM,2,2040,121436.9765625,12520.6259765625,9.667775
2385,DOM,2,2045,135469.8671875,12722.6533203125,10.604085
2386,DOM,2,2050,143806.109375,12861.91015625,11.239857
2387,DOM,2,2055,153541.640625,12929.75390625,11.911173
2388,DOM,2,2060,161096.46875,12928.1484375,12.512355
2389,DOM,2,2065,172634.3046875,12881.6064453125,13.539308
2390,DOM,2,2070,174609.8671875,12796.3056640625,13.496028
2391,DOM,2,2075,188451.46875,12636.84375,14.851764
2392,DOM,2,2080,194536.375,12476.2353515625,15.822265
2393,DOM,2,2085,205684.6171875,12300.453125,16.74205
2394,DOM,2,2090,212434.5,12087.3408203125,18.046984
2395,DOM,2,2095,225541.78125,11852.9326171875,19.644167
2396,DOM,2,2100,228855.1875,11559.1181640625,20.748394
2397,DZA,0,2020,170585.953125,43451.6640625,3.9258785
2398,DZA,0,2025,206808.28125,46834.84375,4.4019322
2399,DZA,0,2030,245819.90625,49599.90234375,4.962474
2400,DZA,0,2035,310917.78125,52034.83203125,5.9761367
2401,DZA,0,2040,368195.6875,54326.6171875,6.7852936
2402,DZA,0,2045,438624.75,56644.66796875,7.7055454
2403,DZA,0,2050,514259.4375,58888.7109375,8.578052
2404,DZA,0,2055,610314.75,60809.0703125,9.809416
2405,DZA,0,2060,732700.0,62340.3671875,11.655636
2406,DZA,0,2065,803719.5,63476.76953125,12.4498625
2407,DZA,0,2070,886462.6875,64134.33984375,13.869736
2408,DZA,0,2075,1011622.125,64641.9921875,15.7015
2409,DZA,0,2080,1089375.5,65234.12890625,16.595766
2410,DZA,0,2085,1221104.375,65561.859375,17.881031
2411,DZA,0,2090,1328348.75,65797.40625,19.767286
2412,DZA,0,2095,1446783.75,65901.5,22.390142
2413,DZA,0,2100,1579149.125,65809.625,24.31948
2414,DZA,1,2020,170585.953125,43451.6640625,3.9258785
2415,DZA,1,2025,202901.828125,46762.0390625,4.3075433
2416,DZA,1,2030,264598.65625,49483.91796875,5.351248
2417,DZA,1,2035,321944.5,51808.390625,6.199413
2418,DZA,1,2040,457616.25,54203.59765625,8.641766
2419,DZA,1,2045,589113.5,56415.1875,10.728012
2420,DZA,1,2050,765635.5,58728.15625,12.849563
2421,DZA,1,2055,832989.4375,60590.2265625,13.200755
2422,DZA,1,2060,1020674.5625,61788.12890625,15.477062
2423,DZA,1,2065,1379997.375,62733.6796875,22.002192
2424,DZA,1,2070,1719482.125,63418.265625,26.326473
2425,DZA,1,2075,1956637.875,64011.72265625,30.625074
2426,DZA,1,2080,2354939.0,64343.37890625,36.52809
2427,DZA,1,2085,2695277.25,64476.6953125,40.16709
2428,DZA,1,2090,3157527.75,64425.390625,45.439056
2429,DZA,1,2095,3862326.0,63734.3203125,55.542995
2430,DZA,1,2100,4004721.0,63233.23828125,63.672085
2431,DZA,2,2020,170585.953125,43451.6640625,3.9258785
2432,DZA,2,2025,199092.7421875,46786.12109375,4.249025
2433,DZA,2,2030,220697.5703125,49533.4453125,4.470563
2434,DZA,2,2035,235543.0390625,51890.046875,4.4886255
2435,DZA,2,2040,269138.875,54152.546875,4.939277
2436,DZA,2,2045,305265.828125,56420.07421875,5.3654866
2437,DZA,2,2050,337600.25,58604.76953125,5.6652203
2438,DZA,2,2055,359684.8125,60511.794921875,5.945112
2439,DZA,2,2060,414697.984375,62035.9921875,6.7017584
2440,DZA,2,2065,453980.71875,63075.5546875,7.134
2441,DZA,2,2070,487952.890625,63692.59375,7.6167893
2442,DZA,2,2075,513270.28125,64169.8828125,7.9198365
2443,DZA,2,2080,557204.375,64794.94921875,8.715254
2444,DZA,2,2085,596814.34375,65002.984375,9.157812
2445,DZA,2,2090,628238.375,65162.921875,9.528503
2446,DZA,2,2095,652208.5,65259.2578125,9.743561
2447,DZA,2,2100,673802.1875,65108.9375,9.866245
2448,ECU,0,2020,95049.9140625,17588.595703125,5.404065
2449,ECU,0,2025,114023.21875,18926.498046875,6.016971
2450,ECU,0,2030,138897.6875,20133.44140625,6.856529
2451,ECU,0,2035,172194.3125,21264.24609375,8.144352
2452,ECU,0,2040,205737.890625,22246.080078125,9.330922
2453,ECU,0,2045,243007.25,23162.6328125,10.565149
2454,ECU,0,2050,284820.1875,23952.171875,11.72342
2455,ECU,0,2055,346656.03125,24622.15625,13.689109
2456,ECU,0,2060,419076.90625,25200.26953125,17.099459
2457,ECU,0,2065,454722.3125,25592.33984375,17.992723
2458,ECU,0,2070,499621.96875,25899.486328125,19.116972
2459,ECU,0,2075,574876.25,26012.826171875,21.324137
2460,ECU,0,2080,627358.375,26035.216796875,24.667343
2461,ECU,0,2085,697260.6875,26002.771484375,26.037617
2462,ECU,0,2090,735224.375,25886.55078125,27.917835
2463,ECU,0,2095,833958.1875,25586.94921875,32.249714
2464,ECU,0,2100,877896.5,25433.75,34.1576
2465,ECU,1,2020,95049.9140625,17588.595703125,5.404065
2466,ECU,1,2025,115449.0546875,18905.943359375,6.081237
2467,ECU,1,2030,154142.78125,20115.578125,7.6279745
2468,ECU,1,2035,206018.484375,21286.166015625,9.71456
2469,ECU,1,2040,243829.578125,22243.41796875,10.898671
2470,ECU,1,2045,320601.15625,22968.44921875,14.25136
2471,ECU,1,2050,423762.375,23771.466796875,18.332167
2472,ECU,1,2055,503660.375,24314.96484375,20.290648
2473,ECU,1,2060,627594.0625,24770.267578125,25.560097
2474,ECU,1,2065,748286.0,25127.48828125,30.630106
2475,ECU,1,2070,939676.8125,25346.685546875,36.97387
2476,ECU,1,2075,1152702.75,25489.3828125,45.21863
2477,ECU,1,2080,1432024.75,25530.80859375,57.458603
2478,ECU,1,2085,1642087.25,25402.3125,64.95635
2479,ECU,1,2090,1814207.5,25139.1328125,74.59721
2480,ECU,1,2095,2254996.0,24676.404296875,99.47341
2481,ECU,1,2100,2406890.25,24358.6015625,102.019844
2482,ECU,2,2020,95049.9140625,17588.595703125,5.404065
2483,ECU,2,2025,110429.73828125,18921.853515625,5.838658
2484,ECU,2,2030,125442.9453125,20147.40234375,6.244121
2485,ECU,2,2035,137628.984375,21271.458984375,6.444719
2486,ECU,2,2040,154979.0625,22249.712890625,7.020549
2487,ECU,2,2045,171871.7578125,23162.63671875,7.3988314
2488,ECU,2,2050,183401.3671875,23948.66796875,7.6418643
2489,ECU,2,2055,198803.984375,24578.1171875,8.076549
2490,ECU,2,2060,220527.328125,25119.775390625,8.663964
2491,ECU,2,2065,237366.1796875,25507.42578125,9.304883
2492,ECU,2,2070,246007.375,25807.7236328125,9.522104
2493,ECU,2,2075,264678.65625,25953.376953125,10.361247
2494,ECU,2,2080,281702.90625,25955.26171875,10.929234
2495,ECU,2,2085,303625.359375,25818.513671875,11.581927
2496,ECU,2,2090,328483.46875,25680.85546875,12.9688225
2497,ECU,2,2095,355012.734375,25426.1669921875,13.858646
2498,ECU,2,2100,364602.65625,25173.5,14.928539
2499,EGY,0,2020,417786.1875,107465.1328125,3.887644
2500,EGY,0,2025,512205.0,117205.296875,4.3599606
2501,EGY,0,2030,654860.75,126517.7578125,5.1825476
2502,EGY,0,2035,780694.125,136032.265625,5.777132
2503,EGY,0,2040,941467.8125,145853.609375,6.4601436
2504,EGY,0,2045,1118706.5,155863.9375,7.1179085
2505,EGY,0,2050,1426435.0,165784.234375,8.694362
2506,EGY,0,2055,1755933.875,175198.765625,10.005547
2507,EGY,0,2060,2083633.5,183702.078125,11.596304
2508,EGY,0,2065,2444781.25,191429.4375,12.971622
2509,EGY,0,2070,2861938.75,198845.75,14.385944
2510,EGY,0,2075,3231988.25,205062.3125,16.11513
2511,EGY,0,2080,3647302.25,211636.828125,16.971977
2512,EGY,0,2085,4200942.5,217576.734375,19.536978
2513,EGY,0,2090,4812892.5,222361.796875,21.320312
2514,EGY,0,2095,5270007.5,225242.078125,23.88666
2515,EGY,0,2100,5965107.0,229044.796875,27.071873
2516,EGY,1,2020,417786.1875,107465.1328125,3.887644
2517,EGY,1,2025,520811.875,117122.921875,4.45161
2518,EGY,1,2030,748249.9375,126009.0390625,6.0019345
2519,EGY,1,2035,982959.1875,135371.328125,7.360637
2520,EGY,1,2040,1373289.5,145514.75,9.5645075
2521,EGY,1,2045,1738947.125,155846.796875,11.169143
2522,EGY,1,2050,2157656.0,164206.203125,13.601596
2523,EGY,1,2055,2797988.75,173442.9375,16.409204
2524,EGY,1,2060,3409343.5,182107.25,19.480106
2525,EGY,1,2065,4402294.5,188873.90625,25.400864
2526,EGY,1,2070,5898559.5,197043.109375,28.973593
2527,EGY,1,2075,7816471.5,204722.640625,35.17819
2528,EGY,1,2080,9194317.0,210834.484375,42.834705
2529,EGY,1,2085,11325320.0,214721.125,48.989517
2530,EGY,1,2090,13847160.0,219849.34375,60.565395
2531,EGY,1,2095,16185796.0,225095.921875,73.470604
2532,EGY,1,2100,17665864.0,230545.359375,67.67923
2533,EGY,2,2020,417786.1875,107465.1328125,3.887644
2534,EGY,2,2025,497331.359375,117189.08203125,4.242948
2535,EGY,2,2030,554969.0,126448.90234375,4.4035077
2536,EGY,2,2035,622236.28125,135995.171875,4.6127267
2537,EGY,2,2040,726694.53125,145565.96875,5.0068192
2538,EGY,2,2045,833004.03125,155648.0625,5.3287916
2539,EGY,2,2050,944406.96875,165591.78125,5.7043524
2540,EGY,2,2055,1021116.21875,174754.125,5.929925
2541,EGY,2,2060,1136768.5625,182998.765625,6.144107
2542,EGY,2,2065,1282402.8125,190626.296875,6.931736
2543,EGY,2,2070,1379672.6875,198195.40625,6.956832
2544,EGY,2,2075,1523244.75,204855.609375,7.4564323
2545,EGY,2,2080,1621516.625,211160.171875,7.9230013
2546,EGY,2,2085,1823781.4375,216722.203125,8.842638
2547,EGY,2,2090,1973704.25,221365.8125,9.337021
2548,EGY,2,2095,2073620.4375,224208.203125,9.219709
2549,EGY,2,2100,2222636.125,227101.375,9.751624
2550,ERI,0,2020,0.0,3555.867919921875,0.0
2551,ERI,0,2025,0.0,3894.81005859375,0.0
2552,ERI,0,2030,0.0,4263.8779296875,0.0
2553,ERI,0,2035,0.0,4672.65283203125,0.0
2554,ERI,0,2040,0.0,5076.7275390625,0.0
2555,ERI,0,2045,0.0,5559.3955078125,0.0
2556,ERI,0,2050,0.0,5936.73046875,0.0
2557,ERI,0,2055,0.0,6344.96630859375,0.0
2558,ERI,0,2060,0.0,6696.080078125,0.0
2559,ERI,0,2065,0.0,7034.6064453125,0.0
2560,ERI,0,2070,0.0,7418.8994140625,0.0
2561,ERI,0,2075,0.0,7762.46826171875,0.0
2562,ERI,0,2080,0.0,8032.8193359375,0.0
2563,ERI,0,2085,0.0,8319.9033203125,0.0
2564,ERI,0,2090,0.0,8577.4736328125,0.0
2565,ERI,0,2095,0.0,8645.84765625,0.0
2566,ERI,0,2100,0.0,8832.201171875,0.0
2567,ERI,1,2020,0.0,3555.867919921875,0.0
2568,ERI,1,2025,0.0,3864.35205078125,0.0
2569,ERI,1,2030,0.0,4213.02685546875,0.0
2570,ERI,1,2035,0.0,4575.46484375,0.0
2571,ERI,1,2040,0.0,4993.5029296875,0.0
2572,ERI,1,2045,0.0,5450.5234375,0.0
2573,ERI,1,2050,0.0,5803.96630859375,0.0
2574,ERI,1,2055,0.0,6300.5498046875,0.0
2575,ERI,1,2060,0.0,6639.494140625,0.0
2576,ERI,1,2065,0.0,6880.71728515625,0.0
2577,ERI,1,2070,0.0,7187.10595703125,0.0
2578,ERI,1,2075,0.0,7575.22900390625,0.0
2579,ERI,1,2080,0.0,7867.41943359375,0.0
2580,ERI,1,2085,0.0,8293.58203125,0.0
2581,ERI,1,2090,0.0,8517.212890625,0.0
2582,ERI,1,2095,0.0,8571.8828125,0.0
2583,ERI,1,2100,0.0,8719.54296875,0.0
2584,ERI,2,2020,0.0,3555.867919921875,0.0
2585,ERI,2,2025,0.0,3886.86083984375,0.0
2586,ERI,2,2030,0.0,4255.22265625,0.0
2587,ERI,2,2035,0.0,4646.302734375,0.0
2588,ERI,2,2040,0.0,5050.31689453125,0.0
2589,ERI,2,2045,0.0,5520.796875,0.0
2590,ERI,2,2050,0.0,5852.45263671875,0.0
2591,ERI,2,2055,0.0,6235.62841796875,0.0
2592,ERI,2,2060,0.0,6633.5703125,0.0
2593,ERI,2,2065,0.0,6959.90478515625,0.0
2594,ERI,2,2070,0.0,7273.38818359375,0.0
2595,ERI,2,2075,0.0,7605.6494140625,0.0
2596,ERI,2,2080,0.0,7872.216796875,0.0
2597,ERI,2,2085,0.0,8129.83544921875,0.0
2598,ERI,2,2090,0.0,8378.8310546875,0.0
2599,ERI,2,2095,0.0,8480.23828125,0.0
2600,ERI,2,2100,0.0,8610.478515625,0.0
2601,ESP,0,2020,1191973.125,47365.65625,25.165346
2602,ESP,0,2025,1318780.625,47205.12890625,28.077606
2603,ESP,0,2030,1461090.875,46764.25390625,31.278856
2604,ESP,0,2035,1622733.125,46305.6640625,34.89098
2605,ESP,0,2040,1842729.125,45679.74609375,40.54225
2606,ESP,0,2045,1998053.0,45179.53125,44.881702
2607,ESP,0,2050,2226072.25,44007.34765625,50.48885
2608,ESP,0,2055,2464222.75,42772.734375,58.565742
2609,ESP,0,2060,2693966.5,41508.08203125,64.23704
2610,ESP,0,2065,2921240.25,39872.86328125,76.66994
2611,ESP,0,2070,2975291.0,38207.359375,78.00892
2612,ESP,0,2075,3100411.25,36628.6640625,80.51237
2613,ESP,0,2080,3204601.75,35440.44921875,89.3644
2614,ESP,0,2085,3520185.75,34478.234375,102.00851
2615,ESP,0,2090,3640501.0,33901.546875,105.27321
2616,ESP,0,2095,3878148.75,33210.78125,115.395035
2617,ESP,0,2100,3978074.0,32374.8515625,119.084236
2618,ESP,1,2020,1191973.125,47365.65625,25.165346
2619,ESP,1,2025,1356371.75,47194.86328125,28.74111
2620,ESP,1,2030,1588096.25,46738.2734375,33.930008
2621,ESP,1,2035,1898871.0,46500.58984375,41.48981
2622,ESP,1,2040,2185826.75,45939.3046875,46.806557
2623,ESP,1,2045,2503383.25,45472.28125,51.65414
2624,ESP,1,2050,3151361.5,44847.66015625,71.800026
2625,ESP,1,2055,3901145.5,43768.875,98.50915
2626,ESP,1,2060,4220241.5,42319.88671875,94.14671
2627,ESP,1,2065,5083928.5,40732.98046875,134.40591
2628,ESP,1,2070,6209063.5,39196.49609375,175.50836
2629,ESP,1,2075,7082977.0,37779.953125,206.87373
2630,ESP,1,2080,8075208.5,36496.11328125,230.88747
2631,ESP,1,2085,8857053.0,35441.23046875,266.63196
2632,ESP,1,2090,10394635.0,34836.1796875,317.48785
2633,ESP,1,2095,10820662.0,34980.74609375,341.6943
2634,ESP,1,2100,11837604.0,33946.53515625,435.44458
2635,ESP,2,2020,1191973.125,47365.65625,25.165346
2636,ESP,2,2025,1280761.875,47187.58984375,27.133875
2637,ESP,2,2030,1285858.4375,46758.1640625,27.547615
2638,ESP,2,2035,1357543.5,46344.0546875,29.369951
2639,ESP,2,2040,1420287.75,45724.67578125,31.678755
2640,ESP,2,2045,1465747.6875,45307.736328125,32.308853
2641,ESP,2,2050,1495772.5,44315.16796875,34.412067
2642,ESP,2,2055,1505992.5625,43009.92578125,35.68136
2643,ESP,2,2060,1519607.8125,41590.72265625,37.34314
2644,ESP,2,2065,1539401.6875,40137.125,39.270466
2645,ESP,2,2070,1525120.25,38252.3125,39.443684
2646,ESP,2,2075,1535864.0625,36770.51171875,42.145283
2647,ESP,2,2080,1568544.25,35573.392578125,44.040405
2648,ESP,2,2085,1637403.8125,34654.8984375,46.80271
2649,ESP,2,2090,1688664.0,33988.60546875,49.583252
2650,ESP,2,2095,1733110.9375,33270.9609375,51.9638
2651,ESP,2,2100,1768422.9375,32464.408203125,55.540768
2652,EST,0,2020,27109.08984375,1329.52197265625,20.390102
2653,EST,0,2025,29950.1875,1322.8592529296875,22.598837
2654,EST,0,2030,33999.5234375,1302.35888671875,26.300093
2655,EST,0,2035,36801.65625,1285.5433349609375,28.83092
2656,EST,0,2040,41487.58203125,1263.236083984375,32.743538
2657,EST,0,2045,46022.8828125,1250.7669677734375,37.32079
2658,EST,0,2050,52351.5390625,1234.0428466796875,43.526478
2659,EST,0,2055,57464.375,1207.9259033203125,48.52908
2660,EST,0,2060,61716.4140625,1173.93115234375,51.694294
2661,EST,0,2065,68997.0703125,1153.828125,59.939674
2662,EST,0,2070,75243.8359375,1126.525390625,67.33
2663,EST,0,2075,80285.4921875,1098.4759521484375,73.67357
2664,EST,0,2080,85850.3046875,1067.301025390625,80.0153
2665,EST,0,2085,94423.75,1039.18408203125,93.31983
2666,EST,0,2090,99036.6484375,1021.5791625976562,98.98729
2667,EST,0,2095,107890.3203125,1007.3140869140625,111.42631
2668,EST,0,2100,112512.9921875,993.9215698242188,118.38791
2669,EST,1,2020,27109.08984375,1329.52197265625,20.390102
2670,EST,1,2025,31432.556640625,1319.79150390625,24.045147
2671,EST,1,2030,37072.61328125,1300.2486572265625,28.507702
2672,EST,1,2035,42839.25390625,1276.6876220703125,33.897892
2673,EST,1,2040,50344.34765625,1254.07568359375,39.5611
2674,EST,1,2045,54781.66015625,1245.15478515625,42.582016
2675,EST,1,2050,70032.1171875,1239.38623046875,61.17014
2676,EST,1,2055,88066.3515625,1222.230712890625,76.13312
2677,EST,1,2060,102684.828125,1178.4071044921875,94.07275
2678,EST,1,2065,124956.4921875,1156.0745849609375,110.932434
2679,EST,1,2070,146763.59375,1134.36962890625,135.7748
2680,EST,1,2075,168254.5625,1095.5233154296875,154.98523
2681,EST,1,2080,193355.5625,1070.7010498046875,178.46997
2682,EST,1,2085,219635.484375,1052.601318359375,214.53653
2683,EST,1,2090,243806.203125,1041.731201171875,246.55519
2684,EST,1,2095,283968.625,1010.6119384765625,287.178
2685,EST,1,2100,303237.375,999.15283203125,331.4058
2686,EST,2,2020,27109.08984375,1329.52197265625,20.390102
2687,EST,2,2025,29513.5390625,1324.285888671875,22.417568
2688,EST,2,2030,30066.1865234375,1305.48828125,23.150318
2689,EST,2,2035,30997.318359375,1285.1134033203125,24.090042
2690,EST,2,2040,31434.017578125,1265.1484375,24.100355
2691,EST,2,2045,32907.21875,1255.0833740234375,26.31756
2692,EST,2,2050,34381.103515625,1237.629150390625,28.552904
2693,EST,2,2055,35480.96875,1210.6719970703125,28.927109
2694,EST,2,2060,37514.8046875,1176.4166259765625,31.720446
2695,EST,2,2065,38959.310546875,1151.6923828125,34.444206
2696,EST,2,2070,39668.38671875,1123.5184326171875,36.238876
2697,EST,2,2075,40609.615234375,1091.8883056640625,36.415344
2698,EST,2,2080,41664.697265625,1065.575927734375,39.199936
2699,EST,2,2085,43536.28515625,1038.24609375,41.19109
2700,EST,2,2090,44836.072265625,1021.0870971679688,44.27454
2701,EST,2,2095,46039.359375,1002.5610961914062,46.387196
2702,EST,2,2100,47438.052734375,985.9807739257812,48.679043
2703,ETH,0,2020,96357.1484375,117190.9140625,0.8222237
2704,ETH,0,2025,131611.375,132415.8125,1.0025398
2705,ETH,0,2030,170543.125,147400.421875,1.1554153
2706,ETH,0,2035,229063.265625,162519.21875,1.4227998
2707,ETH,0,2040,281218.59375,177660.515625,1.5795691
2708,ETH,0,2045,382228.25,193033.46875,2.0195081
2709,ETH,0,2050,482834.3125,208031.734375,2.3062978
2710,ETH,0,2055,664089.375,222699.734375,3.0848923
2711,ETH,0,2060,790848.5,235514.90625,3.4352803
2712,ETH,0,2065,956323.5,248311.625,3.9100678
2713,ETH,0,2070,1198314.125,258124.5625,4.780574
2714,ETH,0,2075,1441088.125,269163.96875,5.4766
2715,ETH,0,2080,1654651.0,278554.28125,6.1116304
2716,ETH,0,2085,1964201.5,286209.03125,7.286568
2717,ETH,0,2090,2129304.5,292036.25,7.822754
2718,ETH,0,2095,2592268.0,295538.875,9.149579
2719,ETH,0,2100,2974971.75,299323.4375,10.277259
2720,ETH,1,2020,96357.1484375,117190.9140625,0.8222237
2721,ETH,1,2025,136359.09375,132815.453125,1.0411693
2722,ETH,1,2030,198534.890625,149362.6875,1.356285
2723,ETH,1,2035,286358.71875,164197.34375,1.7531017
2724,ETH,1,2040,436558.3125,180382.09375,2.431469
2725,ETH,1,2045,571532.8125,194490.765625,3.010526
2726,ETH,1,2050,754506.3125,208124.4375,3.6900396
2727,ETH,1,2055,1006141.0625,224375.8125,4.24268
2728,ETH,1,2060,1442858.25,236734.796875,6.223067
2729,ETH,1,2065,1824779.0,248430.71875,7.6349154
2730,ETH,1,2070,2522229.0,258124.5625,9.505393
2731,ETH,1,2075,3038834.5,267941.59375,11.152189
2732,ETH,1,2080,3438451.25,279530.09375,13.389175
2733,ETH,1,2085,4465410.0,286209.03125,17.043966
2734,ETH,1,2090,5538812.0,293029.75,19.186918
2735,ETH,1,2095,7222901.0,305989.5,26.74385
2736,ETH,1,2100,9314436.0,311214.34375,35.34143
2737,ETH,2,2020,96357.1484375,117190.9140625,0.8222237
2738,ETH,2,2025,120479.75390625,132488.7734375,0.9125209
2739,ETH,2,2030,151504.984375,147355.984375,1.0249156
2740,ETH,2,2035,179980.3671875,162808.328125,1.1133116
2741,ETH,2,2040,207072.3515625,177898.59375,1.1640713
2742,ETH,2,2045,259703.8984375,193422.40625,1.3525125
2743,ETH,2,2050,312732.828125,208570.46875,1.5399083
2744,ETH,2,2055,362201.953125,223453.328125,1.6365739
2745,ETH,2,2060,416840.75,236897.3359375,1.7819475
2746,ETH,2,2065,501819.3125,249419.046875,2.0681224
2747,ETH,2,2070,534977.4375,259061.4375,2.0840523
2748,ETH,2,2075,616190.65625,270122.34375,2.2902677
2749,ETH,2,2080,686155.5,278361.203125,2.4805143
2750,ETH,2,2085,768805.34375,285335.5625,2.8214598
2751,ETH,2,2090,863756.40625,290352.8125,2.9177945
2752,ETH,2,2095,960209.15625,295310.296875,3.2370193
2753,ETH,2,2100,1079964.5625,298632.8125,3.5675325
2754,FIN,0,2020,252108.0625,5529.54296875,45.59293
2755,FIN,0,2025,276909.03125,5558.0634765625,49.723423
2756,FIN,0,2030,315142.8125,5553.98828125,56.729122
2757,FIN,0,2035,352667.4375,5512.5830078125,63.861595
2758,FIN,0,2040,386205.71875,5452.75341796875,70.62699
2759,FIN,0,2045,413569.3125,5378.56103515625,76.352844
2760,FIN,0,2050,462677.4375,5295.330078125,85.81291
2761,FIN,0,2055,514946.1875,5196.33251953125,97.703384
2762,FIN,0,2060,556986.0625,5116.22216796875,108.36759
2763,FIN,0,2065,601391.75,5030.47119140625,118.23437
2764,FIN,0,2070,663386.3125,4945.7431640625,133.65176
2765,FIN,0,2075,730863.4375,4854.94921875,148.61522
2766,FIN,0,2080,784752.3125,4746.35693359375,163.47768
2767,FIN,0,2085,835124.0625,4637.38330078125,180.75066
2768,FIN,0,2090,867150.625,4542.25732421875,195.5844
2769,FIN,0,2095,939822.5,4460.91845703125,211.60426
2770,FIN,0,2100,973169.5625,4381.951171875,218.75456
2771,FIN,1,2020,252108.0625,5529.54296875,45.59293
2772,FIN,1,2025,297807.71875,5565.4921875,53.87336
2773,FIN,1,2030,343077.875,5574.4677734375,62.255318
2774,FIN,1,2035,392566.21875,5562.6162109375,70.31261
2775,FIN,1,2040,478043.34375,5508.884765625,87.74652
2776,FIN,1,2045,568327.625,5441.02294921875,106.81684
2777,FIN,1,2050,661971.625,5323.50634765625,121.568596
2778,FIN,1,2055,737276.6875,5245.03076171875,139.73701
2779,FIN,1,2060,915552.5625,5156.67333984375,178.74617
2780,FIN,1,2065,1177757.375,5100.044921875,239.13068
2781,FIN,1,2070,1414900.75,5069.361328125,275.589
2782,FIN,1,2075,1712716.25,4984.65869140625,349.27032
2783,FIN,1,2080,1926849.0,4907.15087890625,424.17023
2784,FIN,1,2085,2042284.375,4817.76123046875,444.08835
2785,FIN,1,2090,2273696.25,4714.96435546875,483.8909
2786,FIN,1,2095,2767091.0,4614.85693359375,605.25244
2787,FIN,1,2100,2964152.0,4558.08056640625,655.7488
2788,FIN,2,2020,252108.0625,5529.54296875,45.59293
2789,FIN,2,2025,269726.1875,5556.671875,48.570274
2790,FIN,2,2030,281309.71875,5553.95654296875,50.342472
2791,FIN,2,2035,290180.34375,5514.58349609375,53.08322
2792,FIN,2,2040,292147.671875,5443.7060546875,53.238987
2793,FIN,2,2045,309896.03125,5370.4619140625,57.12909
2794,FIN,2,2050,322318.84375,5286.3095703125,60.48627
2795,FIN,2,2055,330060.125,5196.96533203125,64.27043
2796,FIN,2,2060,337665.0,5117.484375,65.9014
2797,FIN,2,2065,345165.546875,5030.47119140625,68.31708
2798,FIN,2,2070,358374.46875,4945.7431640625,69.82388
2799,FIN,2,2075,375709.9375,4839.59521484375,77.24117
2800,FIN,2,2080,377531.421875,4738.27880859375,79.250465
2801,FIN,2,2085,388399.21875,4624.28759765625,82.28751
2802,FIN,2,2090,404352.484375,4528.7060546875,89.9187
2803,FIN,2,2095,422927.8125,4432.986328125,96.90229
2804,FIN,2,2100,424384.515625,4351.81396484375,94.57654
2805,FJI,0,2020,4385.712890625,920.4219970703125,4.7648935
2806,FJI,0,2025,4952.5595703125,947.0084838867188,5.219205
2807,FJI,0,2030,5877.68994140625,966.5563354492188,6.100483
2808,FJI,0,2035,6807.6044921875,981.3899536132812,6.8968515
2809,FJI,0,2040,8065.55859375,988.1649780273438,8.278978
2810,FJI,0,2045,9381.703125,990.9011840820312,9.241773
2811,FJI,0,2050,11172.0185546875,988.8613891601562,11.53698
2812,FJI,0,2055,12799.76171875,988.452880859375,13.142031
2813,FJI,0,2060,14165.943359375,973.6990356445312,14.639253
2814,FJI,0,2065,16507.98828125,964.481689453125,17.136683
2815,FJI,0,2070,17696.005859375,953.7550048828125,18.105434
2816,FJI,0,2075,20038.185546875,938.048095703125,21.658594
2817,FJI,0,2080,21051.724609375,918.1238403320312,23.115807
2818,FJI,0,2085,22936.515625,896.6115112304688,24.849283
2819,FJI,0,2090,24842.0546875,875.4453125,28.194668
2820,FJI,0,2095,27392.595703125,850.8526611328125,31.5538
2821,FJI,0,2100,29091.265625,831.2946166992188,34.38934
2822,FJI,1,2020,4385.712890625,920.4219970703125,4.7648935
2823,FJI,1,2025,5355.6337890625,944.172119140625,5.6708236
2824,FJI,1,2030,6588.61572265625,960.2959594726562,6.9115896
2825,FJI,1,2035,8466.9833984375,977.9566650390625,8.90114
2826,FJI,1,2040,10534.52734375,981.6408081054688,11.080859
2827,FJI,1,2045,11359.6005859375,972.02587890625,11.126286
2828,FJI,1,2050,13346.248046875,980.9740600585938,13.358021
2829,FJI,1,2055,17880.353515625,984.7403564453125,19.249737
2830,FJI,1,2060,22211.103515625,971.6611328125,23.224096
2831,FJI,1,2065,27357.40234375,964.0093994140625,25.872364
2832,FJI,1,2070,31855.49609375,941.5028076171875,30.20252
2833,FJI,1,2075,38291.91796875,916.3192138671875,39.6468
2834,FJI,1,2080,43984.546875,900.3264770507812,48.770157
2835,FJI,1,2085,55215.91796875,880.4884033203125,58.420574
2836,FJI,1,2090,65552.0234375,857.90966796875,75.91625
2837,FJI,1,2095,78296.2734375,837.812255859375,91.74142
2838,FJI,1,2100,87236.6796875,812.6377563476562,110.99282
2839,FJI,2,2020,4385.712890625,920.4219970703125,4.7648935
2840,FJI,2,2025,4970.4853515625,947.0260620117188,5.258391
2841,FJI,2,2030,5242.10986328125,965.8681640625,5.419875
2842,FJI,2,2035,5493.7197265625,981.5054931640625,5.5468917
2843,FJI,2,2040,5905.0,986.9714965820312,5.914605
2844,FJI,2,2045,6252.591796875,990.872314453125,6.2793694
2845,FJI,2,2050,6563.435546875,984.996826171875,6.7424383
2846,FJI,2,2055,6694.61865234375,983.0087890625,6.7705517
2847,FJI,2,2060,7255.1962890625,970.8577880859375,7.577856
2848,FJI,2,2065,7689.63671875,963.5307006835938,8.123037
2849,FJI,2,2070,7900.0185546875,952.1860961914062,8.482306
2850,FJI,2,2075,8256.400390625,934.9810791015625,8.840368
2851,FJI,2,2080,8549.1279296875,916.9952392578125,9.285976
2852,FJI,2,2085,8878.501953125,893.795654296875,9.64174
2853,FJI,2,2090,9382.1015625,873.4490356445312,10.854978
2854,FJI,2,2095,9903.421875,849.2091064453125,11.392314
2855,FJI,2,2100,10077.384765625,825.3525390625,12.490938
2856,FRA,0,2020,2452204.25,67571.109375,36.29072
2857,FRA,0,2025,2703282.0,68382.4609375,39.461735
2858,FRA,0,2030,3084052.25,69097.46875,44.66309
2859,FRA,0,2035,3494150.5,69778.4765625,50.10873
2860,FRA,0,2040,3936275.0,70266.0859375,56.352066
2861,FRA,0,2045,4530364.0,70546.078125,64.71298
2862,FRA,0,2050,5052506.0,70580.171875,71.93114
2863,FRA,0,2055,5559471.0,70537.625,78.82076
2864,FRA,0,2060,6228382.5,70420.3828125,87.91035
2865,FRA,0,2065,6779464.0,70170.8671875,96.43683
2866,FRA,0,2070,7608206.0,70133.8359375,107.67863
2867,FRA,0,2075,8556007.0,70088.2109375,126.70768
2868,FRA,0,2080,9789716.0,69901.1953125,144.97469
2869,FRA,0,2085,10510535.0,69977.5546875,150.19763
2870,FRA,0,2090,10852646.0,70075.078125,155.5508
2871,FRA,0,2095,11788119.0,70099.0078125,165.09036
2872,FRA,0,2100,12511269.0,70031.96875,182.61758
2873,FRA,1,2020,2452204.25,67571.109375,36.29072
2874,FRA,1,2025,2714205.25,68266.1953125,39.543266
2875,FRA,1,2030,3225120.25,69052.0078125,46.767384
2876,FRA,1,2035,3929096.0,69583.671875,57.07597
2877,FRA,1,2040,4581585.0,69758.0390625,66.364784
2878,FRA,1,2045,5758731.5,70153.2578125,83.542656
2879,FRA,1,2050,7397521.5,70328.53125,104.46758
2880,FRA,1,2055,8817442.0,70279.3515625,123.60018
2881,FRA,1,2060,10854212.0,70026.046875,148.95941
2882,FRA,1,2065,13497039.0,69588.34375,200.46542
2883,FRA,1,2070,15900302.0,69546.03125,234.48529
2884,FRA,1,2075,18495074.0,69694.3046875,271.00064
2885,FRA,1,2080,23507284.0,69438.9453125,339.93268
2886,FRA,1,2085,26970322.0,70121.09375,394.21326
2887,FRA,1,2090,30116090.0,70245.28125,435.51355
2888,FRA,1,2095,35440164.0,70391.9921875,529.5001
2889,FRA,1,2100,38060240.0,70971.40625,607.30383
2890,FRA,2,2020,2452204.25,67571.109375,36.29072
2891,FRA,2,2025,2621077.125,68357.328125,38.379307
2892,FRA,2,2030,2763577.375,69032.05859375,40.06138
2893,FRA,2,2035,2942895.5,69694.78125,42.165215
2894,FRA,2,2040,3010246.375,70062.0625,42.780624
2895,FRA,2,2045,3184368.125,70273.2265625,45.583797
2896,FRA,2,2050,3294263.5,70254.2265625,47.312096
2897,FRA,2,2055,3482326.0,70279.3515625,50.88527
2898,FRA,2,2060,3594413.375,70040.640625,51.83705
2899,FRA,2,2065,3873553.25,69832.4921875,55.932343
2900,FRA,2,2070,3964851.25,69775.8203125,56.978554
2901,FRA,2,2075,4176579.0,69758.8515625,59.33125
2902,FRA,2,2080,4310661.25,69571.64453125,61.46542
2903,FRA,2,2085,4655673.0,69480.8984375,67.661476
2904,FRA,2,2090,5016152.25,69417.96875,74.87923
2905,FRA,2,2095,5375079.0,69505.9609375,80.623764
2906,FRA,2,2100,5426534.5,68987.0546875,79.698746
2907,GAB,0,2020,15381.30078125,2292.572998046875,6.709187
2908,GAB,0,2025,19352.37890625,2571.5654296875,7.5001545
2909,GAB,0,2030,24925.98046875,2854.44140625,8.780621
2910,GAB,0,2035,31055.669921875,3140.5,9.95615
2911,GAB,0,2040,38234.5546875,3445.409423828125,11.220357
2912,GAB,0,2045,47559.3359375,3753.3955078125,12.776807
2913,GAB,0,2050,58356.41796875,4055.791748046875,14.681794
2914,GAB,0,2055,71974.390625,4379.48974609375,16.691505
2915,GAB,0,2060,87031.375,4668.76904296875,18.689222
2916,GAB,0,2065,104084.0546875,4930.97021484375,21.712534
2917,GAB,0,2070,127933.09375,5219.65234375,24.34556
2918,GAB,0,2075,152407.59375,5478.1572265625,27.935783
2919,GAB,0,2080,177248.84375,5707.24853515625,30.817413
2920,GAB,0,2085,205238.015625,5939.90283203125,34.548714
2921,GAB,0,2090,233233.09375,6154.021484375,37.96641
2922,GAB,0,2095,267839.21875,6310.60302734375,43.110363
2923,GAB,0,2100,305863.78125,6452.81787109375,46.851486
2924,GAB,1,2020,15381.30078125,2292.572998046875,6.709187
2925,GAB,1,2025,22137.197265625,2581.82080078125,8.574075
2926,GAB,1,2030,29894.404296875,2865.87353515625,10.556134
2927,GAB,1,2035,45655.984375,3150.356201171875,14.827744
2928,GAB,1,2040,55099.515625,3457.15478515625,15.888329
2929,GAB,1,2045,73496.71875,3801.419921875,19.233961
2930,GAB,1,2050,102290.3359375,4143.4609375,24.641924
2931,GAB,1,2055,131333.46875,4486.6279296875,30.87766
2932,GAB,1,2060,181599.875,4791.9794921875,38.25278
2933,GAB,1,2065,223208.5625,5110.7763671875,43.525974
2934,GAB,1,2070,282004.90625,5443.79345703125,54.47267
2935,GAB,1,2075,368444.5,5695.61376953125,66.53946
2936,GAB,1,2080,462326.09375,5902.0263671875,81.40284
2937,GAB,1,2085,574584.25,6270.8115234375,93.526436
2938,GAB,1,2090,730098.6875,6479.52880859375,115.33938
2939,GAB,1,2095,928655.25,6577.83642578125,143.76897
2940,GAB,1,2100,1073359.25,6812.95703125,167.99638
2941,GAB,2,2020,15381.30078125,2292.572998046875,6.709187
2942,GAB,2,2025,18912.8798828125,2572.416748046875,7.3853283
2943,GAB,2,2030,22639.244140625,2854.377197265625,7.9081483
2944,GAB,2,2035,26580.8798828125,3140.24853515625,8.314387
2945,GAB,2,2040,31318.349609375,3446.920654296875,9.074763
2946,GAB,2,2045,37799.5703125,3756.65869140625,10.115175
2947,GAB,2,2050,42913.52734375,4063.4228515625,10.598218
2948,GAB,2,2055,48080.30078125,4389.99169921875,11.176931
2949,GAB,2,2060,55621.943359375,4686.779296875,12.202427
2950,GAB,2,2065,63648.904296875,4964.197265625,13.170518
2951,GAB,2,2070,69848.2734375,5232.65087890625,13.162368
2952,GAB,2,2075,79077.9765625,5484.22021484375,14.652898
2953,GAB,2,2080,90001.79296875,5731.3916015625,15.562634
2954,GAB,2,2085,99050.109375,5991.01318359375,16.608662
2955,GAB,2,2090,110161.09375,6228.943359375,17.561115
2956,GAB,2,2095,120140.8046875,6393.3896484375,18.56454
2957,GAB,2,2100,126520.76171875,6500.34375,19.149685
2958,GBR,0,2020,2868551.25,67081.234375,42.762352
2959,GBR,0,2025,3253594.5,68778.53125,47.250862
2960,GBR,0,2030,3830351.5,70233.9140625,54.641228
2961,GBR,0,2035,4312276.0,71364.3359375,60.667713
2962,GBR,0,2040,4889025.5,72113.2890625,67.84421
2963,GBR,0,2045,5522706.5,72833.375,75.63311
2964,GBR,0,2050,6212302.0,73340.6171875,84.50417
2965,GBR,0,2055,6938517.0,73505.1953125,92.91919
2966,GBR,0,2060,7685950.0,73519.8046875,100.87684
2967,GBR,0,2065,8895818.0,73452.4765625,120.30738
2968,GBR,0,2070,9713049.0,73299.8203125,131.51741
2969,GBR,0,2075,10913645.0,72987.578125,143.39903
2970,GBR,0,2080,11756883.0,72765.4765625,153.7897
2971,GBR,0,2085,12927236.0,72504.4296875,172.99446
2972,GBR,0,2090,14075863.0,71901.5,189.40091
2973,GBR,0,2095,14821516.0,71608.6953125,209.575
2974,GBR,0,2100,15866577.0,71153.265625,219.60062
2975,GBR,1,2020,2868551.25,67081.234375,42.762352
2976,GBR,1,2025,3264560.75,68848.2890625,47.10555
2977,GBR,1,2030,3818219.0,70287.765625,54.97111
2978,GBR,1,2035,4813040.5,71318.359375,66.671776
2979,GBR,1,2040,5722425.5,72190.0625,79.2054
2980,GBR,1,2045,7198125.0,73090.8984375,97.25332
2981,GBR,1,2050,8892192.0,73517.375,125.69406
2982,GBR,1,2055,10893588.0,74127.828125,153.17532
2983,GBR,1,2060,12130721.0,74026.265625,163.44148
2984,GBR,1,2065,15577676.0,73832.40625,203.93208
2985,GBR,1,2070,18014742.0,73732.890625,238.85674
2986,GBR,1,2075,21536736.0,73354.78125,297.2185
2987,GBR,1,2080,25005622.0,72201.9921875,330.7154
2988,GBR,1,2085,29053842.0,72166.3671875,413.45926
2989,GBR,1,2090,35703552.0,71774.1953125,502.26428
2990,GBR,1,2095,42873008.0,71547.4453125,588.49133
2991,GBR,1,2100,47426308.0,71093.84375,719.4288
2992,GBR,2,2020,2868551.25,67081.234375,42.762352
2993,GBR,2,2025,3162147.0,68766.984375,46.059597
2994,GBR,2,2030,3438466.25,70243.9765625,48.822666
2995,GBR,2,2035,3581783.0,71327.796875,49.823483
2996,GBR,2,2040,3719256.125,72089.0859375,51.890873
2997,GBR,2,2045,4015789.25,72731.37109375,54.511852
2998,GBR,2,2050,4257690.5,73070.34375,57.636528
2999,GBR,2,2055,4439487.25,73402.78125,60.158386
3000,GBR,2,2060,4583540.0,73357.8828125,61.621254
3001,GBR,2,2065,4766223.75,73105.890625,64.552376
3002,GBR,2,2070,5071492.25,73236.2421875,68.76819
3003,GBR,2,2075,5337210.75,72906.6953125,73.02403
3004,GBR,2,2080,5626141.25,72423.88671875,77.34407
3005,GBR,2,2085,5839230.75,71974.4765625,81.37315
3006,GBR,2,2090,6147184.75,71743.62890625,85.933304
3007,GBR,2,2095,6592038.5,71088.59375,89.97002
3008,GBR,2,2100,6760764.5,70471.1640625,94.98003
3009,GEO,0,2020,16780.9375,3722.716064453125,4.5077133
3010,GEO,0,2025,19609.0234375,3685.271484375,5.358627
3011,GEO,0,2030,22016.978515625,3638.670654296875,6.0094004
3012,GEO,0,2035,24586.62109375,3565.20654296875,6.850196
3013,GEO,0,2040,28629.259765625,3504.97802734375,7.888841
3014,GEO,0,2045,33158.46875,3478.383544921875,9.445542
3015,GEO,0,2050,39100.0546875,3419.95849609375,11.257187
3016,GEO,0,2055,44689.66796875,3348.413330078125,13.635777
3017,GEO,0,2060,48024.5234375,3304.24755859375,15.039973
3018,GEO,0,2065,53651.36328125,3217.92626953125,16.585312
3019,GEO,0,2070,59736.78125,3177.91015625,18.753414
3020,GEO,0,2075,66031.5625,3124.864013671875,20.41923
3021,GEO,0,2080,68208.8203125,3113.165771484375,20.074425
3022,GEO,0,2085,73668.8984375,3089.6298828125,22.835802
3023,GEO,0,2090,77921.4375,3038.735595703125,27.274595
3024,GEO,0,2095,92686.453125,2968.0673828125,30.609684
3025,GEO,0,2100,102888.2890625,2905.81787109375,32.57401
3026,GEO,1,2020,16780.9375,3722.716064453125,4.5077133
3027,GEO,1,2025,23843.830078125,3734.201416015625,6.5391016
3028,GEO,1,2030,29500.234375,3681.387939453125,7.9583206
3029,GEO,1,2035,37174.5546875,3712.034912109375,10.496828
3030,GEO,1,2040,43841.62890625,3615.16015625,12.407407
3031,GEO,1,2045,50264.73046875,3580.225830078125,13.644648
3032,GEO,1,2050,53041.18359375,3529.25439453125,13.97542
3033,GEO,1,2055,61180.7890625,3480.78564453125,18.936213
3034,GEO,1,2060,75953.0,3360.786376953125,22.096785
3035,GEO,1,2065,92514.078125,3287.349365234375,28.398298
3036,GEO,1,2070,114063.2578125,3225.839111328125,33.00947
3037,GEO,1,2075,146169.515625,3163.218017578125,45.329292
3038,GEO,1,2080,157490.921875,3105.490966796875,49.46663
3039,GEO,1,2085,197502.875,3042.853515625,68.045105
3040,GEO,1,2090,213962.5625,3024.515625,71.48938
3041,GEO,1,2095,276940.40625,2932.454345703125,94.7386
3042,GEO,1,2100,309729.65625,2911.111083984375,104.25102
3043,GEO,2,2020,16780.9375,3722.716064453125,4.5077133
3044,GEO,2,2025,18125.7841796875,3687.4345703125,4.909519
3045,GEO,2,2030,19536.814453125,3638.201416015625,5.319573
3046,GEO,2,2035,21062.7265625,3573.9912109375,5.9238124
3047,GEO,2,2040,22298.82421875,3515.36865234375,6.2877145
3048,GEO,2,2045,24189.921875,3478.680908203125,6.8441796
3049,GEO,2,2050,25384.8955078125,3422.76611328125,7.206428
3050,GEO,2,2055,27832.7109375,3359.38330078125,8.398552
3051,GEO,2,2060,28785.0419921875,3305.13623046875,8.68364
3052,GEO,2,2065,31638.92578125,3231.626953125,9.35565
3053,GEO,2,2070,33849.220703125,3202.5439453125,10.454089
3054,GEO,2,2075,36687.9765625,3144.966796875,12.230945
3055,GEO,2,2080,39390.994140625,3114.551025390625,12.13334
3056,GEO,2,2085,38873.396484375,3086.59375,12.03
3057,GEO,2,2090,42021.896484375,3055.7119140625,13.02202
3058,GEO,2,2095,44545.765625,2961.525634765625,14.744211
3059,GEO,2,2100,44488.087890625,2900.929443359375,14.622068
3060,GHA,0,2020,63634.90234375,32180.400390625,1.9774429
3061,GHA,0,2025,81121.3125,35484.5,2.2840977
3062,GHA,0,2030,105389.1484375,38803.66015625,2.7150102
3063,GHA,0,2035,132254.171875,42174.9140625,3.1464503
3064,GHA,0,2040,168084.0625,45376.515625,3.707731
3065,GHA,0,2045,205394.15625,48499.5546875,4.19531
3066,GHA,0,2050,260472.296875,51679.6015625,5.008669
3067,GHA,0,2055,311993.03125,54543.97265625,5.605472
3068,GHA,0,2060,397551.9375,57337.48046875,7.043519
3069,GHA,0,2065,461403.15625,59907.83203125,7.892004
3070,GHA,0,2070,551027.6875,62493.4609375,8.961178
3071,GHA,0,2075,643434.5,64890.49609375,9.770101
3072,GHA,0,2080,736060.0625,67356.015625,11.049704
3073,GHA,0,2085,845276.3125,68540.3671875,12.306852
3074,GHA,0,2090,947180.75,69935.6328125,13.883571
3075,GHA,0,2095,1101325.0,71573.71875,16.241718
3076,GHA,0,2100,1295051.875,72909.3125,17.609919
3077,GHA,1,2020,63634.90234375,32180.400390625,1.9774429
3078,GHA,1,2025,91676.796875,35492.359375,2.6201625
3079,GHA,1,2030,115849.5,38803.93359375,2.9525485
3080,GHA,1,2035,163116.59375,42108.2734375,4.039084
3081,GHA,1,2040,230917.84375,45261.484375,5.166656
3082,GHA,1,2045,277191.9375,48393.2421875,6.0152926
3083,GHA,1,2050,401744.96875,51446.484375,7.684645
3084,GHA,1,2055,548022.8125,54045.79296875,9.905971
3085,GHA,1,2060,680951.5625,56370.4921875,11.502035
3086,GHA,1,2065,856116.25,59096.2109375,14.566819
3087,GHA,1,2070,1060545.75,61947.83984375,16.397287
3088,GHA,1,2075,1284858.25,64369.3046875,19.428799
3089,GHA,1,2080,1671798.875,67016.8828125,22.599064
3090,GHA,1,2085,2161918.75,68540.3671875,30.337484
3091,GHA,1,2090,2678371.75,69756.078125,35.936703
3092,GHA,1,2095,3441310.0,70969.671875,46.909897
3093,GHA,1,2100,3655195.25,72632.546875,46.389324
3094,GHA,2,2020,63634.90234375,32180.400390625,1.9774429
3095,GHA,2,2025,77718.58203125,35486.38671875,2.1873705
3096,GHA,2,2030,92565.51171875,38816.5234375,2.3791273
3097,GHA,2,2035,108385.31640625,42173.40625,2.5574172
3098,GHA,2,2040,124236.0546875,45333.21875,2.7712219
3099,GHA,2,2045,147340.671875,48430.736328125,2.9523144
3100,GHA,2,2050,168323.3046875,51620.14453125,3.3486035
3101,GHA,2,2055,184222.9453125,54457.75390625,3.366368
3102,GHA,2,2060,202954.3203125,57330.1953125,3.4779704
3103,GHA,2,2065,229498.8125,60057.71484375,3.8161702
3104,GHA,2,2070,257172.9140625,62752.703125,4.0281057
3105,GHA,2,2075,283364.9375,64988.67578125,4.4026623
3106,GHA,2,2080,314365.6875,67364.59375,4.6653414
3107,GHA,2,2085,347967.453125,68970.203125,5.094822
3108,GHA,2,2090,374267.734375,70507.2109375,5.1671495
3109,GHA,2,2095,416267.25,71934.4453125,6.0453067
3110,GHA,2,2100,445701.625,73185.73828125,6.124267
3111,GIN,0,2020,12840.7373046875,13205.1533203125,0.97240347
3112,GIN,0,2025,17017.6953125,14991.0478515625,1.1387172
3113,GIN,0,2030,23002.21875,16864.24609375,1.3726537
3114,GIN,0,2035,29971.888671875,18779.68359375,1.5962917
3115,GIN,0,2040,39210.140625,20733.439453125,1.8485593
3116,GIN,0,2045,49858.30078125,22664.607421875,2.1443558
3117,GIN,0,2050,64035.08984375,24630.115234375,2.550326
3118,GIN,0,2055,81958.5546875,26516.576171875,3.0547993
3119,GIN,0,2060,103331.5546875,28452.451171875,3.4551847
3120,GIN,0,2065,126626.9375,30223.162109375,4.063015
3121,GIN,0,2070,151473.484375,31898.09375,4.673374
3122,GIN,0,2075,186735.1875,33488.359375,5.4890385
3123,GIN,0,2080,222072.453125,34720.96875,6.0840306
3124,GIN,0,2085,269308.59375,36128.171875,7.63715
3125,GIN,0,2090,310214.8125,37309.5703125,8.902241
3126,GIN,0,2095,367738.6875,38217.45703125,10.303226
3127,GIN,0,2100,425090.75,39115.0859375,10.852946
3128,GIN,1,2020,12840.7373046875,13205.1533203125,0.97240347
3129,GIN,1,2025,18806.107421875,14998.49609375,1.2671747
3130,GIN,1,2030,24967.072265625,16843.9765625,1.4681616
3131,GIN,1,2035,36715.76953125,18753.189453125,1.96842
3132,GIN,1,2040,50731.1484375,20584.634765625,2.4773104
3133,GIN,1,2045,70228.09375,22545.416015625,3.1669395
3134,GIN,1,2050,92886.0234375,24456.828125,3.8331735
3135,GIN,1,2055,117418.21875,26267.119140625,4.527727
3136,GIN,1,2060,162452.0,28213.013671875,5.823765
3137,GIN,1,2065,196718.421875,29868.912109375,6.912729
3138,GIN,1,2070,269660.65625,31624.74609375,8.516489
3139,GIN,1,2075,363698.53125,33071.2109375,10.36904
3140,GIN,1,2080,415322.15625,34245.9921875,11.305995
3141,GIN,1,2085,537326.3125,35576.11328125,14.101547
3142,GIN,1,2090,709586.0625,36518.25390625,18.231318
3143,GIN,1,2095,907139.75,37305.02734375,23.656826
3144,GIN,1,2100,1160432.25,37926.5546875,32.771004
3145,GIN,2,2020,12840.7373046875,13205.1533203125,0.97240347
3146,GIN,2,2025,16410.7587890625,14993.93359375,1.0935587
3147,GIN,2,2030,19884.3310546875,16866.130859375,1.1847004
3148,GIN,2,2035,24259.119140625,18764.544921875,1.2896152
3149,GIN,2,2040,28927.162109375,20708.28515625,1.3873602
3150,GIN,2,2045,35083.53125,22650.857421875,1.5462444
3151,GIN,2,2050,41137.15234375,24504.802734375,1.6495191
3152,GIN,2,2055,48279.427734375,26348.287109375,1.8187704
3153,GIN,2,2060,58205.7734375,28236.666015625,2.0678735
3154,GIN,2,2065,66302.0546875,29958.970703125,2.2495525
3155,GIN,2,2070,74054.61328125,31650.677734375,2.3314147
3156,GIN,2,2075,87194.4765625,33203.912109375,2.5821972
3157,GIN,2,2080,98878.23828125,34577.57421875,2.7980826
3158,GIN,2,2085,109341.84375,35948.65625,3.0311515
3159,GIN,2,2090,125094.2109375,36975.2734375,3.484482
3160,GIN,2,2095,139096.0859375,37846.8828125,3.6542528
3161,GIN,2,2100,153829.3515625,38496.30078125,4.049327
3162,GMB,0,2020,1710.2640380859375,2573.9951171875,0.6644395
3163,GMB,0,2025,2377.623046875,2976.440673828125,0.8046679
3164,GMB,0,2030,3234.0380859375,3403.24951171875,0.9555799
3165,GMB,0,2035,4072.898193359375,3840.99609375,1.0630585
3166,GMB,0,2040,5461.62109375,4307.45654296875,1.2829311
3167,GMB,0,2045,6897.16845703125,4778.1962890625,1.4432396
3168,GMB,0,2050,9297.728515625,5212.9482421875,1.8399906
3169,GMB,0,2055,11879.1240234375,5655.1435546875,2.0562706
3170,GMB,0,2060,15387.7998046875,6085.30224609375,2.6498466
3171,GMB,0,2065,19081.412109375,6500.11865234375,2.964794
3172,GMB,0,2070,22971.7109375,6867.36572265625,3.2123897
3173,GMB,0,2075,28464.142578125,7208.05712890625,3.859864
3174,GMB,0,2080,32355.94921875,7474.91064453125,4.5440426
3175,GMB,0,2085,37217.5234375,7721.4931640625,4.746108
3176,GMB,0,2090,43893.90625,7968.9541015625,5.861396
3177,GMB,0,2095,50083.19921875,8260.61328125,6.6802354
3178,GMB,0,2100,57556.5,8461.17578125,7.5215216
3179,GMB,1,2020,1710.2640380859375,2573.9951171875,0.6644395
3180,GMB,1,2025,2433.81884765625,2970.082763671875,0.82753545
3181,GMB,1,2030,3499.195556640625,3395.54833984375,1.0389256
3182,GMB,1,2035,4694.83740234375,3830.94677734375,1.2057546
3183,GMB,1,2040,6644.57958984375,4310.06982421875,1.582806
3184,GMB,1,2045,9130.7763671875,4794.072265625,1.9559793
3185,GMB,1,2050,12678.7548828125,5269.1640625,2.5112236
3186,GMB,1,2055,16828.57421875,5725.79150390625,3.0109513
3187,GMB,1,2060,22267.267578125,6159.58251953125,3.9190755
3188,GMB,1,2065,31081.14453125,6581.48974609375,4.771133
3189,GMB,1,2070,43144.47265625,7056.10205078125,6.0082126
3190,GMB,1,2075,52929.51171875,7376.6787109375,7.259253
3191,GMB,1,2080,60553.1484375,7610.38720703125,8.465558
3192,GMB,1,2085,83256.484375,7857.52197265625,10.918969
3193,GMB,1,2090,99180.546875,8079.8203125,12.423695
3194,GMB,1,2095,119178.34375,8375.2236328125,15.276413
3195,GMB,1,2100,158154.671875,8653.9677734375,19.017756
3196,GMB,2,2020,1710.2640380859375,2573.9951171875,0.6644395
3197,GMB,2,2025,2232.2158203125,2972.357421875,0.75096947
3198,GMB,2,2030,2748.0599365234375,3396.087890625,0.79835844
3199,GMB,2,2035,3224.8092041015625,3834.28515625,0.8296877
3200,GMB,2,2040,3934.9478759765625,4289.5615234375,0.92210126
3201,GMB,2,2045,4977.633544921875,4744.56787109375,1.0399952
3202,GMB,2,2050,6116.918212890625,5184.8447265625,1.1983367
3203,GMB,2,2055,7159.1953125,5609.912109375,1.2820761
3204,GMB,2,2060,8105.697021484375,6070.6044921875,1.3510561
3205,GMB,2,2065,9357.8505859375,6465.96142578125,1.4685025
3206,GMB,2,2070,11078.17919921875,6849.47314453125,1.6385205
3207,GMB,2,2075,12980.708984375,7221.70849609375,1.7812891
3208,GMB,2,2080,15073.94677734375,7505.3671875,1.9556942
3209,GMB,2,2085,16991.392578125,7823.8212890625,2.3012543
3210,GMB,2,2090,19230.0947265625,8094.4814453125,2.4420443
3211,GMB,2,2095,21941.7900390625,8302.4580078125,2.834575
3212,GMB,2,2100,24953.833984375,8559.0517578125,2.975362
3213,GNB,0,2020,1235.2374267578125,2015.8280029296875,0.61276925
3214,GNB,0,2025,1657.5028076171875,2245.60888671875,0.7420928
3215,GNB,0,2030,2175.795654296875,2472.501220703125,0.8812691
3216,GNB,0,2035,2637.840087890625,2687.958740234375,0.98038954
3217,GNB,0,2040,3454.58251953125,2927.84716796875,1.1831638
3218,GNB,0,2045,4220.2353515625,3139.43115234375,1.3310058
3219,GNB,0,2050,5507.18798828125,3353.5439453125,1.6969035
3220,GNB,0,2055,6920.357421875,3562.584228515625,1.8963645
3221,GNB,0,2060,8863.5419921875,3775.73974609375,2.4437807
3222,GNB,0,2065,10748.8427734375,3970.9541015625,2.7342362
3223,GNB,0,2070,12752.2763671875,4137.42822265625,2.9625778
3224,GNB,0,2075,15635.06640625,4303.02099609375,3.559701
3225,GNB,0,2080,17698.21875,4428.64306640625,4.1906743
3226,GNB,0,2085,20082.26953125,4547.98828125,4.377026
3227,GNB,0,2090,23621.4921875,4649.93798828125,5.4055834
3228,GNB,0,2095,27044.619140625,4731.1845703125,6.160746
3229,GNB,0,2100,31314.82421875,4825.1943359375,6.9366093
3230,GNB,1,2020,1235.2374267578125,2015.8280029296875,0.61276925
3231,GNB,1,2025,1696.5323486328125,2249.412109375,0.76318204
3232,GNB,1,2030,2331.09765625,2467.736572265625,0.95813346
3233,GNB,1,2035,2967.5966796875,2676.147216796875,1.1119889
3234,GNB,1,2040,4069.46484375,2933.06640625,1.459719
3235,GNB,1,2045,5531.2041015625,3188.7080078125,1.8038723
3236,GNB,1,2050,7679.59765625,3422.423095703125,2.315938
3237,GNB,1,2055,9608.8564453125,3594.036376953125,2.7768042
3238,GNB,1,2060,12958.3125,3784.66650390625,3.614308
3239,GNB,1,2065,18252.33984375,4000.1240234375,4.400105
3240,GNB,1,2070,23956.4921875,4207.01611328125,5.540983
3241,GNB,1,2075,29538.5859375,4391.28955078125,6.6947365
3242,GNB,1,2080,35398.765625,4612.78857421875,7.8072324
3243,GNB,1,2085,45873.56640625,4749.87744140625,10.069854
3244,GNB,1,2090,55583.03125,4906.88232421875,11.457564
3245,GNB,1,2095,64477.77734375,4953.93798828125,14.088441
3246,GNB,1,2100,83239.875,4997.4248046875,17.538837
3247,GNB,2,2020,1235.2374267578125,2015.8280029296875,0.61276925
3248,GNB,2,2025,1553.4351806640625,2242.973876953125,0.6925702
3249,GNB,2,2030,1848.294189453125,2469.314697265625,0.736274
3250,GNB,2,2035,2092.620849609375,2677.526123046875,0.7651669
3251,GNB,2,2040,2468.21533203125,2908.728515625,0.85039395
3252,GNB,2,2045,3068.39453125,3117.436767578125,0.9591198
3253,GNB,2,2050,3671.99951171875,3325.4482421875,1.1051478
3254,GNB,2,2055,4191.8154296875,3538.874755859375,1.1823753
3255,GNB,2,2060,4622.8515625,3728.7080078125,1.245991
3256,GNB,2,2065,5250.49267578125,3921.85302734375,1.3543042
3257,GNB,2,2070,6054.916015625,4075.076171875,1.5111006
3258,GNB,2,2075,7006.3125,4233.037109375,1.642767
3259,GNB,2,2080,7988.8193359375,4358.96533203125,1.8036094
3260,GNB,2,2085,9060.921875,4491.10888671875,2.1222968
3261,GNB,2,2090,10207.08984375,4608.68994140625,2.2521384
3262,GNB,2,2095,11494.443359375,4707.18701171875,2.6141438
3263,GNB,2,2100,13123.4072265625,4775.35107421875,2.7439826
3264,GNQ,0,2020,9699.142578125,1596.0489501953125,6.0769706
3265,GNQ,0,2025,12492.2607421875,1832.3345947265625,6.8152723
3266,GNQ,0,2030,16468.744140625,2074.955078125,8.101099
3267,GNQ,0,2035,20651.103515625,2314.2177734375,9.030523
3268,GNQ,0,2040,26155.056640625,2581.82275390625,10.098173
3269,GNQ,0,2045,31924.220703125,2867.448486328125,11.126358
3270,GNQ,0,2050,40660.6171875,3122.441162109375,13.5905905
3271,GNQ,0,2055,51212.33203125,3297.54345703125,15.64017
3272,GNQ,0,2060,62522.765625,3517.867431640625,18.126762
3273,GNQ,0,2065,74633.703125,3755.95458984375,20.27659
3274,GNQ,0,2070,88642.421875,3917.541259765625,22.487389
3275,GNQ,0,2075,102381.0703125,4191.845703125,25.190363
3276,GNQ,0,2080,116907.8125,4351.626953125,26.529745
3277,GNQ,0,2085,136225.421875,4561.76708984375,30.539227
3278,GNQ,0,2090,157555.21875,4728.41845703125,33.326847
3279,GNQ,0,2095,175660.96875,4909.26318359375,37.33843
3280,GNQ,0,2100,200980.6875,5047.35400390625,42.317394
3281,GNQ,1,2020,9699.142578125,1596.0489501953125,6.0769706
3282,GNQ,1,2025,12828.6923828125,1830.6802978515625,6.9585342
3283,GNQ,1,2030,18657.849609375,2022.8232421875,9.381924
3284,GNQ,1,2035,26452.572265625,2228.94580078125,11.505779
3285,GNQ,1,2040,36901.76953125,2517.2998046875,14.950759
3286,GNQ,1,2045,47400.21875,2831.6826171875,17.459045
3287,GNQ,1,2050,62144.03125,3102.918212890625,21.261333
3288,GNQ,1,2055,82606.4140625,3274.555419921875,25.650047
3289,GNQ,1,2060,100096.953125,3399.777587890625,30.450327
3290,GNQ,1,2065,125547.8671875,3545.049072265625,39.705357
3291,GNQ,1,2070,177595.765625,3787.659912109375,45.29007
3292,GNQ,1,2075,223913.15625,3997.643310546875,54.988785
3293,GNQ,1,2080,270911.6875,4054.82861328125,66.95707
3294,GNQ,1,2085,339823.0625,4322.30029296875,76.57796
3295,GNQ,1,2090,416192.90625,4523.35302734375,94.6728
3296,GNQ,1,2095,486420.9375,4599.185546875,114.845566
3297,GNQ,1,2100,574597.0,4724.3203125,105.792786
3298,GNQ,2,2020,9699.142578125,1596.0489501953125,6.0769706
3299,GNQ,2,2025,12188.11083984375,1833.63037109375,6.6323643
3300,GNQ,2,2030,14536.708984375,2076.97021484375,6.883343
3301,GNQ,2,2035,16774.5146484375,2317.716064453125,7.2103834
3302,GNQ,2,2040,19819.92578125,2556.47412109375,7.8264093
3303,GNQ,2,2045,23681.466796875,2839.5849609375,8.3297
3304,GNQ,2,2050,27187.18359375,3086.403564453125,8.916758
3305,GNQ,2,2055,30489.6552734375,3274.555419921875,9.2693615
3306,GNQ,2,2060,34655.07421875,3491.533447265625,9.60416
3307,GNQ,2,2065,39256.1875,3729.1923828125,10.835342
3308,GNQ,2,2070,43145.751953125,3909.1982421875,10.874571
3309,GNQ,2,2075,47316.775390625,4153.4736328125,11.655522
3310,GNQ,2,2080,51522.150390625,4279.0966796875,12.384838
3311,GNQ,2,2085,57505.1015625,4503.98583984375,13.822369
3312,GNQ,2,2090,64472.3125,4667.92626953125,14.595163
3313,GNQ,2,2095,70140.1640625,4823.12646484375,14.411788
3314,GNQ,2,2100,76827.13671875,5010.98583984375,15.243251
3315,GRC,0,2020,187406.4375,10698.5986328125,17.516914
3316,GRC,0,2025,213220.140625,10412.6904296875,20.383179
3317,GRC,0,2030,231384.53125,10105.7275390625,23.00583
3318,GRC,0,2035,251258.3125,9804.435546875,25.680498
3319,GRC,0,2040,278276.5625,9504.4853515625,29.230146
3320,GRC,0,2045,320264.40625,9189.498046875,35.221607
3321,GRC,0,2050,348262.1875,8927.3701171875,38.321785
3322,GRC,0,2055,365125.09375,8539.91796875,43.014313
3323,GRC,0,2060,387699.96875,8135.24609375,47.21009
3324,GRC,0,2065,416125.0625,7683.9248046875,53.578506
3325,GRC,0,2070,432330.375,7239.8935546875,55.919952
3326,GRC,0,2075,470479.40625,6846.1171875,66.68996
3327,GRC,0,2080,512491.21875,6559.9140625,73.45432
3328,GRC,0,2085,581531.6875,6279.3828125,91.30866
3329,GRC,0,2090,608000.0,6025.6103515625,101.44088
3330,GRC,0,2095,635760.5,5791.7412109375,110.27479
3331,GRC,0,2100,656999.5,5579.46044921875,115.64164
3332,GRC,1,2020,187406.4375,10698.5986328125,17.516914
3333,GRC,1,2025,222827.546875,10434.8046875,21.41251
3334,GRC,1,2030,250567.8125,10145.203125,24.927355
3335,GRC,1,2035,273198.65625,9896.380859375,28.039999
3336,GRC,1,2040,309816.125,9579.1357421875,32.58101
3337,GRC,1,2045,399408.53125,9236.2568359375,44.02209
3338,GRC,1,2050,472751.78125,9062.9482421875,56.14869
3339,GRC,1,2055,513771.15625,8789.826171875,58.53989
3340,GRC,1,2060,611750.0,8405.4423828125,77.53596
3341,GRC,1,2065,710421.125,8057.384765625,96.52151
3342,GRC,1,2070,832469.125,7619.58642578125,110.32036
3343,GRC,1,2075,953737.75,7255.56884765625,130.70015
3344,GRC,1,2080,1112371.875,6900.79833984375,161.19493
3345,GRC,1,2085,1188201.25,6585.11083984375,177.50111
3346,GRC,1,2090,1459130.0,6333.44384765625,222.12833
3347,GRC,1,2095,1739580.625,6153.447265625,285.84344
3348,GRC,1,2100,1813081.125,5992.99853515625,360.44608
3349,GRC,2,2020,187406.4375,10698.5986328125,17.516914
3350,GRC,2,2025,202313.25,10407.3779296875,19.497404
3351,GRC,2,2030,204142.3984375,10101.0009765625,20.14874
3352,GRC,2,2035,213840.2890625,9792.798828125,21.854395
3353,GRC,2,2040,223058.6328125,9480.9306640625,23.407124
3354,GRC,2,2045,229760.15625,9151.623046875,25.36367
3355,GRC,2,2050,228310.046875,8858.2734375,24.989767
3356,GRC,2,2055,241754.6484375,8473.8974609375,28.216185
3357,GRC,2,2060,234347.078125,8081.96630859375,29.0523
3358,GRC,2,2065,241978.046875,7617.6201171875,31.51837
3359,GRC,2,2070,245950.9296875,7191.28662109375,34.406796
3360,GRC,2,2075,258434.25,6837.41015625,38.93399
3361,GRC,2,2080,246240.9375,6534.87255859375,37.574226
3362,GRC,2,2085,247674.3125,6262.25537109375,40.615356
3363,GRC,2,2090,254367.9453125,6022.7392578125,43.916496
3364,GRC,2,2095,262585.421875,5796.96923828125,45.65904
3365,GRC,2,2100,263399.390625,5591.9921875,49.330463
3366,GTM,0,2020,70466.1796875,16858.33203125,4.179902
3367,GTM,0,2025,88768.2265625,18395.07421875,4.843784
3368,GTM,0,2030,110612.9375,19880.376953125,5.5588284
3369,GTM,0,2035,134482.359375,21317.521484375,6.3125105
3370,GTM,0,2040,169121.125,22595.58984375,7.5678616
3371,GTM,0,2045,205864.125,23863.578125,8.553279
3372,GTM,0,2050,244155.1875,24944.53125,9.665527
3373,GTM,0,2055,306581.78125,25939.6484375,11.943766
3374,GTM,0,2060,355977.125,26687.4296875,13.489366
3375,GTM,0,2065,400280.9375,27323.537109375,14.586818
3376,GTM,0,2070,454299.65625,27987.912109375,16.084093
3377,GTM,0,2075,519214.40625,28437.38671875,17.434664
3378,GTM,0,2080,578514.625,28620.15234375,19.716576
3379,GTM,0,2085,646745.875,28791.7734375,21.756666
3380,GTM,0,2090,711620.6875,28705.052734375,24.506096
3381,GTM,0,2095,775248.625,28588.9921875,25.403519
3382,GTM,0,2100,858979.5,28387.158203125,30.059702
3383,GTM,1,2020,70466.1796875,16858.33203125,4.179902
3384,GTM,1,2025,90474.3125,18424.07421875,4.930922
3385,GTM,1,2030,116961.796875,19929.587890625,5.9351335
3386,GTM,1,2035,163051.8125,21264.701171875,7.7387023
3387,GTM,1,2040,224907.53125,22492.21484375,10.001484
3388,GTM,1,2045,275317.4375,23598.24609375,11.9577465
3389,GTM,1,2050,375539.5,24699.720703125,14.880542
3390,GTM,1,2055,476055.53125,25688.15234375,19.000738
3391,GTM,1,2060,613429.375,26594.287109375,24.384611
3392,GTM,1,2065,726977.9375,27145.7421875,27.440624
3393,GTM,1,2070,893691.75,27625.37109375,31.42655
3394,GTM,1,2075,1090505.25,28118.76171875,39.78271
3395,GTM,1,2080,1399776.0,28389.212890625,48.416683
3396,GTM,1,2085,1726811.625,28870.400390625,55.597305
3397,GTM,1,2090,2085893.375,28680.462890625,68.121765
3398,GTM,1,2095,2425287.25,29045.818359375,85.54698
3399,GTM,1,2100,2800803.75,28752.203125,99.71156
3400,GTM,2,2020,70466.1796875,16858.33203125,4.179902
3401,GTM,2,2025,82230.36328125,18404.15625,4.48014
3402,GTM,2,2030,95769.09375,19891.35546875,4.8081017
3403,GTM,2,2035,106812.1484375,21320.623046875,5.011547
3404,GTM,2,2040,123955.0390625,22595.013671875,5.4478703
3405,GTM,2,2045,143233.4453125,23849.322265625,5.9002614
3406,GTM,2,2050,161142.3046875,24926.255859375,6.4369674
3407,GTM,2,2055,178758.46875,25884.607421875,6.915308
3408,GTM,2,2060,198106.265625,26664.251953125,7.545126
3409,GTM,2,2065,222497.15625,27280.78515625,7.8991466
3410,GTM,2,2070,246245.84375,28099.5703125,8.917594
3411,GTM,2,2075,270882.921875,28493.580078125,9.696331
3412,GTM,2,2080,295482.59375,28620.15234375,10.495718
3413,GTM,2,2085,323940.5625,28744.978515625,11.554791
3414,GTM,2,2090,339448.125,28724.853515625,11.799166
3415,GTM,2,2095,362303.875,28605.921875,12.352815
3416,GTM,2,2100,390436.40625,28404.197265625,13.771922
3417,GUY,0,2020,7374.26708984375,797.2020263671875,9.250186
3418,GUY,0,2025,8390.8525390625,814.64306640625,10.290404
3419,GUY,0,2030,9542.734375,825.9555053710938,11.480607
3420,GUY,0,2035,11014.419921875,833.5693359375,13.32554
3421,GUY,0,2040,13035.7509765625,842.8677978515625,15.506679
3422,GUY,0,2045,14972.64453125,847.8967895507812,17.764198
3423,GUY,0,2050,17194.912109375,850.18212890625,20.06926
3424,GUY,0,2055,20002.599609375,852.1840209960938,23.823734
3425,GUY,0,2060,22946.802734375,849.1979370117188,27.336655
3426,GUY,0,2065,25424.517578125,859.3722534179688,29.360632
3427,GUY,0,2070,27500.98828125,855.5418090820312,32.87992
3428,GUY,0,2075,31345.9296875,864.5271606445312,37.369087
3429,GUY,0,2080,34220.8046875,855.73974609375,40.640038
3430,GUY,0,2085,37717.38671875,852.075927734375,44.619152
3431,GUY,0,2090,40066.71484375,837.29736328125,50.242027
3432,GUY,0,2095,43220.859375,825.5484008789062,51.970478
3433,GUY,0,2100,46504.13671875,808.83251953125,57.694176
3434,GUY,1,2020,7374.26708984375,797.2020263671875,9.250186
3435,GUY,1,2025,8929.51953125,817.7445678710938,11.025909
3436,GUY,1,2030,10488.9462890625,830.8945922851562,12.784717
3437,GUY,1,2035,12994.359375,845.30322265625,16.33387
3438,GUY,1,2040,15886.521484375,861.1527709960938,19.58095
3439,GUY,1,2045,19013.55078125,856.5330200195312,23.070616
3440,GUY,1,2050,24322.32421875,861.3005981445312,30.471684
3441,GUY,1,2055,28823.794921875,867.1187133789062,37.393654
3442,GUY,1,2060,33190.20703125,880.6071166992188,37.415447
3443,GUY,1,2065,41224.75,861.9497680664062,49.02968
3444,GUY,1,2070,50222.1640625,868.7796020507812,60.956894
3445,GUY,1,2075,63346.46875,855.8785400390625,73.600746
3446,GUY,1,2080,79687.4140625,842.349365234375,85.80358
3447,GUY,1,2085,90666.6875,834.7470092773438,114.61003
3448,GUY,1,2090,106077.984375,807.160888671875,145.93602
3449,GUY,1,2095,127131.421875,799.7203369140625,172.20093
3450,GUY,1,2100,136423.421875,816.6893920898438,211.87982
3451,GUY,2,2020,7374.26708984375,797.2020263671875,9.250186
3452,GUY,2,2025,8013.484130859375,814.9588623046875,9.828589
3453,GUY,2,2030,8568.697265625,825.8919067382812,10.386637
3454,GUY,2,2035,9202.5107421875,833.4940185546875,11.090168
3455,GUY,2,2040,9778.26806640625,842.1117553710938,11.797576
3456,GUY,2,2045,10451.4453125,847.4828491210938,12.325083
3457,GUY,2,2050,11033.23974609375,847.4154052734375,12.923934
3458,GUY,2,2055,11749.35888671875,849.1591186523438,13.791902
3459,GUY,2,2060,12674.5751953125,847.3151245117188,15.025595
3460,GUY,2,2065,13502.93115234375,851.67236328125,15.6278715
3461,GUY,2,2070,14195.958984375,854.3777465820312,16.71209
3462,GUY,2,2075,15083.73095703125,854.0858764648438,17.680887
3463,GUY,2,2080,16028.00146484375,847.067626953125,18.82152
3464,GUY,2,2085,17004.744140625,842.540283203125,21.006012
3465,GUY,2,2090,17970.173828125,825.29541015625,22.42335
3466,GUY,2,2095,18650.134765625,811.033935546875,23.763754
3467,GUY,2,2100,19006.5537109375,800.9669799804688,23.373545
3468,HKG,0,2020,314289.59375,7481.0,42.011707
3469,HKG,0,2025,346732.78125,7714.49560546875,44.846874
3470,HKG,0,2030,403034.40625,7865.39453125,51.168503
3471,HKG,0,2035,444542.96875,7951.74853515625,56.98479
3472,HKG,0,2040,493947.78125,7946.9833984375,61.923557
3473,HKG,0,2045,552666.5,7919.1767578125,70.71253
3474,HKG,0,2050,598855.6875,7865.49609375,75.64929
3475,HKG,0,2055,678095.5625,7813.84619140625,88.15164
3476,HKG,0,2060,756707.875,7729.87060546875,98.87733
3477,HKG,0,2065,802825.3125,7659.77197265625,106.178955
3478,HKG,0,2070,856561.9375,7557.15869140625,114.63605
3479,HKG,0,2075,908490.4375,7427.86181640625,125.349976
3480,HKG,0,2080,954373.9375,7371.77734375,132.54393
3481,HKG,0,2085,1043927.0625,7281.81884765625,147.34491
3482,HKG,0,2090,1064399.625,7205.99560546875,151.51
3483,HKG,0,2095,1151868.5,7117.9423828125,167.10025
3484,HKG,0,2100,1271977.5,7094.18212890625,181.14153
3485,HKG,1,2020,314289.59375,7481.0,42.011707
3486,HKG,1,2025,381014.84375,7723.8203125,49.575737
3487,HKG,1,2030,434240.4375,7854.423828125,53.662292
3488,HKG,1,2035,532282.125,7955.306640625,65.75941
3489,HKG,1,2040,615150.5625,8057.32080078125,76.1613
3490,HKG,1,2045,696464.5,8099.75732421875,86.212234
3491,HKG,1,2050,822316.4375,8046.365234375,99.32821
3492,HKG,1,2055,1049223.0,7992.36376953125,126.40868
3493,HKG,1,2060,1213631.0,7948.373046875,143.73872
3494,HKG,1,2065,1557149.5,7940.83935546875,226.8078
3495,HKG,1,2070,1804895.0,7892.1435546875,270.24023
3496,HKG,1,2075,2182603.75,7682.12548828125,293.44287
3497,HKG,1,2080,2381399.25,7708.794921875,301.7179
3498,HKG,1,2085,2791535.75,7626.8125,341.16232
3499,HKG,1,2090,3273689.5,7549.58349609375,420.2766
3500,HKG,1,2095,3415644.5,7465.5341796875,499.21478
3501,HKG,1,2100,3847670.0,7462.4970703125,610.2667
3502,HKG,2,2020,314289.59375,7481.0,42.011707
3503,HKG,2,2025,339615.875,7724.13134765625,43.95423
3504,HKG,2,2030,356414.625,7877.9384765625,45.06578
3505,HKG,2,2035,368937.59375,7969.70166015625,46.335705
3506,HKG,2,2040,374812.9375,7955.59228515625,46.729103
3507,HKG,2,2045,379925.921875,7907.03125,48.175175
3508,HKG,2,2050,387697.5,7883.47265625,49.999626
3509,HKG,2,2055,381602.34375,7814.14404296875,49.251694
3510,HKG,2,2060,405293.59375,7721.39892578125,55.10972
3511,HKG,2,2065,412029.234375,7650.2373046875,52.612484
3512,HKG,2,2070,421430.09375,7565.8857421875,55.87305
3513,HKG,2,2075,435512.1875,7426.130859375,58.518745
3514,HKG,2,2080,449121.328125,7367.03515625,62.298107
3515,HKG,2,2085,464766.0,7281.81884765625,64.80845
3516,HKG,2,2090,473782.109375,7183.34423828125,68.46336
3517,HKG,2,2095,480511.734375,7098.81005859375,68.866905
3518,HKG,2,2100,503986.375,7103.4375,71.36439
3519,HND,0,2020,22476.349609375,10121.7626953125,2.2205963
3520,HND,0,2025,28124.982421875,10906.1376953125,2.5828533
3521,HND,0,2030,35785.25,11636.544921875,3.065041
3522,HND,0,2035,44416.7265625,12281.5830078125,3.6154172
3523,HND,0,2040,54197.95703125,12877.6142578125,4.2688866
3524,HND,0,2045,70489.625,13386.6435546875,5.2932167
3525,HND,0,2050,87105.7734375,13801.830078125,6.286203
3526,HND,0,2055,104968.2421875,14135.5283203125,7.5301313
3527,HND,0,2060,124171.96875,14381.4072265625,8.796312
3528,HND,0,2065,138897.984375,14575.345703125,9.388572
3529,HND,0,2070,157992.28125,14644.5029296875,11.003069
3530,HND,0,2075,177360.46875,14628.123046875,11.754245
3531,HND,0,2080,196032.15625,14559.4755859375,13.508851
3532,HND,0,2085,223133.609375,14435.076171875,14.819678
3533,HND,0,2090,248627.203125,14207.720703125,17.037601
3534,HND,0,2095,278113.78125,13911.263671875,19.568773
3535,HND,0,2100,319572.09375,13645.41015625,23.9203
3536,HND,1,2020,22476.349609375,10121.7626953125,2.2205963
3537,HND,1,2025,30196.3359375,10905.251953125,2.7598348
3538,HND,1,2030,39468.6171875,11642.552734375,3.399879
3539,HND,1,2035,55193.1015625,12302.4716796875,4.459172
3540,HND,1,2040,68287.3046875,12958.96484375,5.3304143
3541,HND,1,2045,86531.7421875,13479.1181640625,6.5455317
3542,HND,1,2050,120763.9453125,13932.1943359375,9.134089
3543,HND,1,2055,152457.984375,14219.2373046875,10.821375
3544,HND,1,2060,179546.796875,14508.751953125,12.3277025
3545,HND,1,2065,225605.078125,14688.326171875,15.117861
3546,HND,1,2070,271348.40625,14829.013671875,17.752077
3547,HND,1,2075,358299.6875,14801.783203125,24.498327
3548,HND,1,2080,429117.5625,14767.2138671875,31.323797
3549,HND,1,2085,563438.5,14461.0234375,39.682053
3550,HND,1,2090,622755.0,14231.6142578125,43.758564
3551,HND,1,2095,753862.0,13965.193359375,49.83824
3552,HND,1,2100,798676.6875,13667.7060546875,65.2053
3553,HND,2,2020,22476.349609375,10121.7626953125,2.2205963
3554,HND,2,2025,27070.474609375,10907.0966796875,2.4843943
3555,HND,2,2030,32392.6455078125,11632.466796875,2.7739737
3556,HND,2,2035,36258.275390625,12282.4208984375,2.9655771
3557,HND,2,2040,43011.44921875,12873.3642578125,3.405829
3558,HND,2,2045,48331.611328125,13357.8955078125,3.5988944
3559,HND,2,2050,51913.52734375,13783.5419921875,3.728543
3560,HND,2,2055,59010.1328125,14103.9873046875,4.2394238
3561,HND,2,2060,65330.751953125,14363.109375,4.531685
3562,HND,2,2065,72410.8828125,14548.4404296875,5.0530663
3563,HND,2,2070,80040.40234375,14632.1025390625,5.506091
3564,HND,2,2075,89508.421875,14586.193359375,6.262218
3565,HND,2,2080,97970.6484375,14511.0341796875,7.0155387
3566,HND,2,2085,99782.8984375,14357.3310546875,7.166098
3567,HND,2,2090,101155.6640625,14129.4013671875,7.056885
3568,HND,2,2095,106058.73828125,13859.3525390625,7.485838
3569,HND,2,2100,108422.48828125,13530.3818359375,8.333539
3570,HRV,0,2020,53640.36328125,4047.679931640625,13.252126
3571,HRV,0,2025,56740.50390625,3918.281982421875,14.523628
3572,HRV,0,2030,65726.375,3781.655029296875,17.361977
3573,HRV,0,2035,69616.359375,3643.56884765625,18.705652
3574,HRV,0,2040,77580.484375,3508.18603515625,22.143335
3575,HRV,0,2045,80346.1484375,3364.51171875,24.155066
3576,HRV,0,2050,86631.3046875,3221.04638671875,27.408062
3577,HRV,0,2055,98957.4609375,3078.1865234375,32.14746
3578,HRV,0,2060,111708.2734375,2948.27685546875,38.456585
3579,HRV,0,2065,113206.2265625,2811.871826171875,39.600193
3580,HRV,0,2070,121267.609375,2663.854736328125,45.56942
3581,HRV,0,2075,137408.609375,2536.430419921875,55.62671
3582,HRV,0,2080,140684.84375,2419.534423828125,57.517105
3583,HRV,0,2085,145670.5625,2312.982666015625,64.48651
3584,HRV,0,2090,155983.359375,2216.48046875,70.82852
3585,HRV,0,2095,161909.640625,2129.2978515625,78.97866
3586,HRV,0,2100,171545.78125,2052.51708984375,85.5771
3587,HRV,1,2020,53640.36328125,4047.679931640625,13.252126
3588,HRV,1,2025,62305.65234375,3918.814453125,16.094782
3589,HRV,1,2030,71799.15625,3797.357666015625,19.11853
3590,HRV,1,2035,84261.109375,3653.988037109375,22.745491
3591,HRV,1,2040,100827.796875,3510.74853515625,28.41928
3592,HRV,1,2045,109702.375,3371.33544921875,31.78375
3593,HRV,1,2050,128646.5625,3231.921630859375,40.651672
3594,HRV,1,2055,135078.203125,3135.561767578125,46.54278
3595,HRV,1,2060,164581.296875,3016.80810546875,57.06338
3596,HRV,1,2065,204509.65625,2885.669677734375,73.44726
3597,HRV,1,2070,230147.8125,2746.345703125,85.66415
3598,HRV,1,2075,269691.40625,2642.04248046875,98.89186
3599,HRV,1,2080,308008.5625,2546.75830078125,122.94596
3600,HRV,1,2085,366222.3125,2464.382080078125,152.2723
3601,HRV,1,2090,431127.40625,2378.964599609375,182.11534
3602,HRV,1,2095,477845.78125,2278.071533203125,205.11205
3603,HRV,1,2100,539502.0625,2192.352783203125,224.83228
3604,HRV,2,2020,53640.36328125,4047.679931640625,13.252126
3605,HRV,2,2025,54741.55859375,3915.1015625,13.927054
3606,HRV,2,2030,58370.884765625,3780.90625,15.44921
3607,HRV,2,2035,60159.275390625,3638.29638671875,16.444637
3608,HRV,2,2040,59752.642578125,3504.52197265625,17.185862
3609,HRV,2,2045,58223.7421875,3356.258056640625,17.3184
3610,HRV,2,2050,60899.2265625,3214.3310546875,18.956139
3611,HRV,2,2055,61274.02734375,3073.291259765625,19.759996
3612,HRV,2,2060,59112.673828125,2938.885498046875,20.179546
3613,HRV,2,2065,57756.8359375,2795.79638671875,20.233969
3614,HRV,2,2070,59905.72265625,2658.558349609375,23.18479
3615,HRV,2,2075,58782.880859375,2523.1142578125,23.422113
3616,HRV,2,2080,59313.669921875,2400.537109375,25.342455
3617,HRV,2,2085,59815.72265625,2299.582763671875,25.973412
3618,HRV,2,2090,63897.31640625,2205.40478515625,29.58463
3619,HRV,2,2095,65045.73828125,2116.0546875,31.638988
3620,HRV,2,2100,63848.099609375,2031.8341064453125,32.49743
3621,HTI,0,2020,15175.8486328125,11306.80078125,1.3421876
3622,HTI,0,2025,19403.3828125,11967.1201171875,1.6173339
3623,HTI,0,2030,26185.37890625,12557.669921875,2.0894818
3624,HTI,0,2035,30984.62890625,13074.36328125,2.3710918
3625,HTI,0,2040,37822.171875,13530.408203125,2.8096094
3626,HTI,0,2045,48557.7109375,13897.53515625,3.5467806
3627,HTI,0,2050,58261.2578125,14211.9619140625,4.079092
3628,HTI,0,2055,72532.03125,14434.6650390625,5.0857105
3629,HTI,0,2060,86181.125,14594.638671875,5.824652
3630,HTI,0,2065,99736.78125,14658.5107421875,6.7175117
3631,HTI,0,2070,117360.59375,14681.09375,8.356253
3632,HTI,0,2075,136620.046875,14652.564453125,9.106399
3633,HTI,0,2080,161535.890625,14509.9775390625,11.432687
3634,HTI,0,2085,184497.671875,14344.05078125,13.014394
3635,HTI,0,2090,196828.953125,14154.0732421875,14.456637
3636,HTI,0,2095,215101.21875,13909.2353515625,16.459173
3637,HTI,0,2100,230642.078125,13603.1708984375,16.776335
3638,HTI,1,2020,15175.8486328125,11306.80078125,1.3421876
3639,HTI,1,2025,21739.1171875,11970.8076171875,1.8144592
3640,HTI,1,2030,27750.94140625,12591.84375,2.1982062
3641,HTI,1,2035,38878.84765625,13144.359375,2.9577966
3642,HTI,1,2040,54778.3046875,13630.4677734375,4.163245
3643,HTI,1,2045,64825.2890625,14030.7919921875,4.5403757
3644,HTI,1,2050,89345.3359375,14306.2158203125,6.4193563
3645,HTI,1,2055,107048.46875,14508.1923828125,7.3730435
3646,HTI,1,2060,126754.3515625,14663.7900390625,8.243725
3647,HTI,1,2065,159565.03125,14658.5107421875,10.76987
3648,HTI,1,2070,222088.546875,14729.78125,16.151962
3649,HTI,1,2075,276534.5,14607.5849609375,18.291664
3650,HTI,1,2080,280912.8125,14418.5390625,20.898159
3651,HTI,1,2085,351484.875,14204.0517578125,26.456137
3652,HTI,1,2090,397851.71875,13985.7333984375,28.638613
3653,HTI,1,2095,512035.25,13716.4228515625,37.72363
3654,HTI,1,2100,657152.375,13467.69140625,54.91683
3655,HTI,2,2020,15175.8486328125,11306.80078125,1.3421876
3656,HTI,2,2025,17940.1953125,11963.708984375,1.4932586
3657,HTI,2,2030,20827.974609375,12557.5927734375,1.6533903
3658,HTI,2,2035,24175.3505859375,13071.60546875,1.8431939
3659,HTI,2,2040,28112.6865234375,13517.79296875,2.098803
3660,HTI,2,2045,32285.0185546875,13892.8447265625,2.3183413
3661,HTI,2,2050,38009.7734375,14212.7734375,2.709733
3662,HTI,2,2055,40952.083984375,14438.78125,2.829548
3663,HTI,2,2060,45019.48046875,14603.8388671875,3.0540283
3664,HTI,2,2065,47429.3203125,14654.1005859375,3.238344
3665,HTI,2,2070,53452.318359375,14672.353515625,3.7320173
3666,HTI,2,2075,59891.990234375,14615.189453125,4.1980433
3667,HTI,2,2080,64292.4765625,14434.9736328125,4.4418354
3668,HTI,2,2085,68549.78515625,14285.5986328125,4.644829
3669,HTI,2,2090,72524.71484375,14092.9921875,5.0497622
3670,HTI,2,2095,78214.7890625,13849.2392578125,5.635249
3671,HTI,2,2100,80632.53125,13536.32421875,6.041044
3672,HUN,0,2020,142601.5625,9750.1494140625,14.625577
3673,HUN,0,2025,158255.34375,9582.1865234375,16.589237
3674,HUN,0,2030,180567.953125,9371.1904296875,19.213177
3675,HUN,0,2035,193096.984375,9118.4541015625,21.232738
3676,HUN,0,2040,209130.203125,8848.9423828125,23.502943
3677,HUN,0,2045,225682.859375,8568.9619140625,26.295311
3678,HUN,0,2050,251887.9375,8307.53515625,30.318396
3679,HUN,0,2055,284169.84375,8059.787109375,35.38674
3680,HUN,0,2060,311573.3125,7799.17724609375,39.677166
3681,HUN,0,2065,328624.4375,7548.38427734375,43.82933
3682,HUN,0,2070,360294.65625,7294.5029296875,49.177982
3683,HUN,0,2075,391109.4375,7040.791015625,55.994778
3684,HUN,0,2080,407736.71875,6826.7578125,61.943146
3685,HUN,0,2085,438053.65625,6642.74609375,66.634254
3686,HUN,0,2090,479816.0,6445.00732421875,76.72683
3687,HUN,0,2095,484529.5625,6283.865234375,78.69246
3688,HUN,0,2100,533334.6875,6136.10595703125,86.45247
3689,HUN,1,2020,142601.5625,9750.1494140625,14.625577
3690,HUN,1,2025,155835.203125,9588.962890625,16.24076
3691,HUN,1,2030,186071.96875,9392.810546875,19.866995
3692,HUN,1,2035,223561.96875,9144.4013671875,24.210573
3693,HUN,1,2040,267270.46875,8867.060546875,30.05781
3694,HUN,1,2045,311770.875,8603.71484375,36.26046
3695,HUN,1,2050,352820.84375,8319.3369140625,42.996063
3696,HUN,1,2055,405363.34375,8075.169921875,52.041874
3697,HUN,1,2060,459336.71875,7819.76171875,60.09714
3698,HUN,1,2065,524911.4375,7549.81884765625,72.13123
3699,HUN,1,2070,620706.3125,7318.96923828125,92.092415
3700,HUN,1,2075,664290.125,7111.470703125,97.70919
3701,HUN,1,2080,806768.8125,6873.9326171875,117.72132
3702,HUN,1,2085,1007325.875,6655.23388671875,142.68086
3703,HUN,1,2090,1175177.5,6530.97802734375,177.62373
3704,HUN,1,2095,1296824.625,6379.9072265625,210.32133
3705,HUN,1,2100,1328643.25,6227.60107421875,219.79192
3706,HUN,2,2020,142601.5625,9750.1494140625,14.625577
3707,HUN,2,2025,153229.890625,9582.1865234375,16.009682
3708,HUN,2,2030,159137.671875,9371.48828125,16.968346
3709,HUN,2,2035,162859.015625,9121.666015625,17.738195
3710,HUN,2,2040,167290.0078125,8851.0869140625,18.903347
3711,HUN,2,2045,170608.03125,8577.166015625,20.10638
3712,HUN,2,2050,174375.0546875,8311.9375,20.745028
3713,HUN,2,2055,170621.9453125,8078.49755859375,21.534325
3714,HUN,2,2060,174256.09375,7812.6962890625,22.236473
3715,HUN,2,2065,176936.4921875,7570.04052734375,23.891054
3716,HUN,2,2070,177242.578125,7314.97998046875,24.30967
3717,HUN,2,2075,178998.8828125,7067.8603515625,25.277632
3718,HUN,2,2080,184985.0703125,6841.76416015625,26.903332
3719,HUN,2,2085,190175.0546875,6634.48779296875,28.00212
3720,HUN,2,2090,195489.0390625,6460.54248046875,30.19215
3721,HUN,2,2095,205372.9609375,6312.63671875,32.299374
3722,HUN,2,2100,213811.40625,6169.75732421875,34.274357
3723,IDN,0,2020,1041550.125,271857.96875,3.831229
3724,IDN,0,2025,1197214.375,285192.0,4.1965194
3725,IDN,0,2030,1457933.25,297181.03125,4.905114
3726,IDN,0,2035,1709469.875,307304.78125,5.545437
3727,IDN,0,2040,2086968.875,316054.375,6.6567407
3728,IDN,0,2045,2430548.25,322910.71875,7.430879
3729,IDN,0,2050,3006319.75,327501.25,9.276348
3730,IDN,0,2055,3448809.75,331661.5625,10.566895
3731,IDN,0,2060,3905264.25,333611.0,11.770741
3732,IDN,0,2065,4558404.0,334648.03125,13.778808
3733,IDN,0,2070,4889911.5,335611.03125,14.557736
3734,IDN,0,2075,5677424.0,336274.65625,17.414667
3735,IDN,0,2080,6046318.0,334236.0,18.586344
3736,IDN,0,2085,6589132.0,334261.59375,19.98015
3737,IDN,0,2090,7336254.5,331326.375,22.67002
3738,IDN,0,2095,8351492.5,328996.15625,25.370941
3739,IDN,0,2100,9017162.0,324674.03125,27.650866
3740,IDN,1,2020,1041550.125,271857.96875,3.831229
3741,IDN,1,2025,1294636.625,285230.40625,4.559645
3742,IDN,1,2030,1647585.125,297211.21875,5.557287
3743,IDN,1,2035,2134531.25,305930.875,7.1569924
3744,IDN,1,2040,2709655.75,313953.84375,8.909602
3745,IDN,1,2045,2874320.25,320072.375,8.946128
3746,IDN,1,2050,3481669.25,325559.03125,10.740562
3747,IDN,1,2055,4913700.5,328943.15625,15.477817
3748,IDN,1,2060,6103649.0,332001.9375,18.673414
3749,IDN,1,2065,7265984.0,332200.65625,20.802763
3750,IDN,1,2070,8617080.0,334187.96875,24.28444
3751,IDN,1,2075,10294440.0,334622.8125,31.878147
3752,IDN,1,2080,13109225.0,332309.90625,39.213814
3753,IDN,1,2085,15653341.0,328883.625,46.97326
3754,IDN,1,2090,19280972.0,327927.25,61.04072
3755,IDN,1,2095,22320072.0,329486.03125,73.765
3756,IDN,1,2100,27463220.0,325870.84375,89.244156
3757,IDN,2,2020,1041550.125,271857.96875,3.831229
3758,IDN,2,2025,1205221.0,285203.46875,4.2280273
3759,IDN,2,2030,1290731.375,297150.375,4.357869
3760,IDN,2,2035,1375498.5,307309.4375,4.459997
3761,IDN,2,2040,1489858.6875,315775.5625,4.7556586
3762,IDN,2,2045,1629854.0625,322320.40625,5.0489483
3763,IDN,2,2050,1754965.5625,327235.90625,5.4212804
3764,IDN,2,2055,1804551.375,331428.9375,5.4438853
3765,IDN,2,2060,2017406.0625,333485.71875,6.093001
3766,IDN,2,2065,2165991.0,334507.6875,6.531356
3767,IDN,2,2070,2286267.75,335264.75,6.8202267
3768,IDN,2,2075,2375390.875,335492.359375,7.1081285
3769,IDN,2,2080,2503547.5,334236.0,7.4664207
3770,IDN,2,2085,2590608.0,334261.59375,7.752474
3771,IDN,2,2090,2776524.75,331054.28125,8.727982
3772,IDN,2,2095,2991148.125,327588.015625,9.160028
3773,IDN,2,2100,3115982.625,324696.90625,10.043382
3774,IND,0,2020,2566634.25,1396387.125,1.8380536
3775,IND,0,2025,2963404.25,1463128.25,2.03529
3776,IND,0,2030,3556705.75,1521533.0,2.3402338
3777,IND,0,2035,4188101.0,1572089.625,2.6537106
3778,IND,0,2040,4974865.5,1615536.875,3.0632253
3779,IND,0,2045,5835141.0,1644850.625,3.5997765
3780,IND,0,2050,7093587.5,1666784.875,4.3074245
3781,IND,0,2055,7346800.0,1679992.0,4.3287945
3782,IND,0,2060,8850082.0,1680332.125,5.300592
3783,IND,0,2065,10038053.0,1673421.875,5.918056
3784,IND,0,2070,11388861.0,1658755.5,6.7824893
3785,IND,0,2075,12081888.0,1643483.75,7.2698812
3786,IND,0,2080,13296497.0,1618338.5,8.612189
3787,IND,0,2085,14824951.0,1588578.375,9.501196
3788,IND,0,2090,15929519.0,1562399.625,10.204808
3789,IND,0,2095,17437462.0,1532795.875,11.192043
3790,IND,0,2100,18794068.0,1497629.375,13.052315
3791,IND,1,2020,2566634.25,1396387.125,1.8380536
3792,IND,1,2025,3176946.0,1463236.25,2.1684005
3793,IND,1,2030,3881213.75,1524476.5,2.552748
3794,IND,1,2035,4724662.5,1579284.75,2.9760177
3795,IND,1,2040,6431323.0,1622401.25,3.98055
3796,IND,1,2045,8079161.5,1661096.875,5.03192
3797,IND,1,2050,11053896.0,1685021.375,6.862309
3798,IND,1,2055,13806158.0,1702756.125,8.331188
3799,IND,1,2060,16015874.0,1709540.75,9.547003
3800,IND,1,2065,19761998.0,1704767.625,12.3468485
3801,IND,1,2070,21457256.0,1683880.5,13.454042
3802,IND,1,2075,24140462.0,1664054.25,15.277283
3803,IND,1,2080,30114384.0,1637305.5,19.757492
3804,IND,1,2085,37278340.0,1602733.75,21.889551
3805,IND,1,2090,43906540.0,1569647.875,29.289743
3806,IND,1,2095,48589844.0,1539420.0,32.278877
3807,IND,1,2100,55134904.0,1508784.125,36.877563
3808,IND,2,2020,2566634.25,1396387.125,1.8380536
3809,IND,2,2025,2953493.375,1463123.875,2.024014
3810,IND,2,2030,3144356.0,1520801.0625,2.0559554
3811,IND,2,2035,3419588.75,1571137.25,2.1773248
3812,IND,2,2040,3709629.25,1613178.625,2.2675512
3813,IND,2,2045,4225549.25,1641492.8125,2.578601
3814,IND,2,2050,4595697.75,1662480.125,2.761975
3815,IND,2,2055,4870403.25,1672175.0,2.9251177
3816,IND,2,2060,5193952.25,1673929.25,3.0933008
3817,IND,2,2065,5446241.25,1665669.25,3.24721
3818,IND,2,2070,5528851.0,1651624.25,3.283881
3819,IND,2,2075,5672879.75,1633518.625,3.4652352
3820,IND,2,2080,5875102.5,1606953.375,3.7009256
3821,IND,2,2085,6246590.75,1574588.75,3.873999
3822,IND,2,2090,6637520.25,1545271.75,4.362371
3823,IND,2,2095,6889161.5,1510883.25,4.6098223
3824,IND,2,2100,7311187.75,1479113.9375,5.078792
3825,IRL,0,2020,401401.8125,4985.3818359375,80.51576
3826,IRL,0,2025,457715.46875,5168.966796875,88.68354
3827,IRL,0,2030,536591.0625,5279.548828125,101.63193
3828,IRL,0,2035,594453.3125,5338.4501953125,109.15827
3829,IRL,0,2040,703668.0,5411.7294921875,133.92189
3830,IRL,0,2045,777704.375,5423.88525390625,147.37375
3831,IRL,0,2050,868105.25,5414.62841796875,160.62723
3832,IRL,0,2055,943088.25,5370.302734375,178.82874
3833,IRL,0,2060,1018873.4375,5293.408203125,194.7397
3834,IRL,0,2065,1107047.125,5197.5068359375,221.33058
3835,IRL,0,2070,1210830.375,5062.5478515625,242.75415
3836,IRL,0,2075,1316630.125,4970.29296875,261.95132
3837,IRL,0,2080,1384819.125,4894.05419921875,277.97693
3838,IRL,0,2085,1497547.625,4837.240234375,301.43683
3839,IRL,0,2090,1526861.625,4762.31787109375,322.2875
3840,IRL,0,2095,1666833.5,4671.7509765625,358.78848
3841,IRL,0,2100,1762006.0,4572.5927734375,380.88046
3842,IRL,1,2020,401401.8125,4985.3818359375,80.51576
3843,IRL,1,2025,447256.6875,5178.4267578125,86.0222
3844,IRL,1,2030,517164.3125,5270.11767578125,101.63193
3845,IRL,1,2035,551323.1875,5337.05322265625,104.30465
3846,IRL,1,2040,608017.5,5368.58349609375,114.35524
3847,IRL,1,2045,747576.4375,5352.42236328125,132.03629
3848,IRL,1,2050,962432.3125,5324.474609375,169.90446
3849,IRL,1,2055,1101070.5,5294.18212890625,196.22844
3850,IRL,1,2060,1347855.75,5256.916015625,241.85228
3851,IRL,1,2065,1637259.25,5165.1640625,285.37204
3852,IRL,1,2070,1946451.5,5003.44970703125,364.53214
3853,IRL,1,2075,2158722.25,4886.84130859375,412.77286
3854,IRL,1,2080,2680414.0,4885.72900390625,566.5444
3855,IRL,1,2085,3049402.75,4854.66162109375,697.453
3856,IRL,1,2090,3425432.0,4762.3798828125,787.1627
3857,IRL,1,2095,3835709.75,4612.03173828125,765.7885
3858,IRL,1,2100,3842061.75,4413.27099609375,886.80194
3859,IRL,2,2020,401401.8125,4985.3818359375,80.51576
3860,IRL,2,2025,433296.953125,5166.3828125,84.06554
3861,IRL,2,2030,451999.0,5258.0927734375,85.447174
3862,IRL,2,2035,480365.046875,5334.2197265625,90.76177
3863,IRL,2,2040,498535.6875,5395.865234375,94.00836
3864,IRL,2,2045,522522.046875,5417.568359375,96.65497
3865,IRL,2,2050,549328.46875,5398.4580078125,101.83847
3866,IRL,2,2055,551640.03125,5352.802734375,101.06499
3867,IRL,2,2060,567010.1875,5277.8427734375,109.66075
3868,IRL,2,2065,570983.71875,5169.2900390625,107.318436
3869,IRL,2,2070,558136.90625,5034.41064453125,109.05609
3870,IRL,2,2075,575537.1875,4932.51611328125,116.06342
3871,IRL,2,2080,592372.59375,4867.02294921875,116.83803
3872,IRL,2,2085,600467.5625,4806.4111328125,126.392975
3873,IRL,2,2090,611984.625,4740.22265625,124.836555
3874,IRL,2,2095,636466.53125,4671.0302734375,136.95445
3875,IRL,2,2100,650127.28125,4587.26904296875,141.75464
3876,IRN,0,2020,454833.625,87290.1953125,5.2105923
3877,IRN,0,2025,529998.125,92289.0703125,5.7132835
3878,IRN,0,2030,657601.8125,96664.7109375,6.7739673
3879,IRN,0,2035,803235.8125,100368.5,8.082331
3880,IRN,0,2040,989537.4375,103939.3125,9.408046
3881,IRN,0,2045,1125172.0,106999.53125,10.41977
3882,IRN,0,2050,1306133.125,110020.375,11.811748
3883,IRN,0,2055,1585152.875,112611.140625,14.221967
3884,IRN,0,2060,1750719.0,114082.59375,15.153387
3885,IRN,0,2065,2019432.125,114579.78125,17.737482
3886,IRN,0,2070,2217813.5,114605.9453125,19.943636
3887,IRN,0,2075,2480103.5,114236.078125,22.27483
3888,IRN,0,2080,2716000.0,113822.21875,23.977741
3889,IRN,0,2085,2838157.0,114058.0078125,24.656418
3890,IRN,0,2090,3183481.0,114708.015625,27.370907
3891,IRN,0,2095,3565528.5,114281.3984375,32.200184
3892,IRN,0,2100,3866422.75,113825.5703125,33.57328
3893,IRN,1,2020,454833.625,87290.1953125,5.2105923
3894,IRN,1,2025,559614.4375,92352.1796875,6.079344
3895,IRN,1,2030,679605.0625,96784.3203125,6.821024
3896,IRN,1,2035,822422.625,100107.3828125,8.468344
3897,IRN,1,2040,1134293.375,103824.9609375,11.124468
3898,IRN,1,2045,1194014.125,106972.328125,11.387965
3899,IRN,1,2050,1496083.125,109813.8203125,13.25875
3900,IRN,1,2055,1648263.125,112058.3203125,14.716561
3901,IRN,1,2060,2018060.0,113406.6796875,18.58756
3902,IRN,1,2065,2966260.0,113864.7421875,28.858603
3903,IRN,1,2070,3697631.0,113953.015625,36.463154
3904,IRN,1,2075,5257160.0,113322.1953125,51.87407
3905,IRN,1,2080,6069887.5,114072.2734375,59.41979
3906,IRN,1,2085,7247785.5,112584.6328125,70.86408
3907,IRN,1,2090,8705620.0,112128.3359375,85.722694
3908,IRN,1,2095,8749535.0,111941.9375,82.21761
3909,IRN,1,2100,9218450.0,111796.03125,80.58278
3910,IRN,2,2020,454833.625,87290.1953125,5.2105923
3911,IRN,2,2025,531245.59375,92289.0703125,5.7925153
3912,IRN,2,2030,616021.4375,96500.8828125,6.394785
3913,IRN,2,2035,669973.15625,100150.0234375,6.6263
3914,IRN,2,2040,756070.59375,103544.3515625,7.21731
3915,IRN,2,2045,857776.59375,106619.0234375,8.080515
3916,IRN,2,2050,921390.8125,109408.1640625,8.263571
3917,IRN,2,2055,1001628.375,112103.6953125,9.011443
3918,IRN,2,2060,1067927.9375,113266.703125,9.336156
3919,IRN,2,2065,1145484.0,113624.4296875,10.066887
3920,IRN,2,2070,1144614.4375,113493.3828125,10.075579
3921,IRN,2,2075,1234531.5625,113311.9375,11.139608
3922,IRN,2,2080,1330843.75,112720.9765625,11.895046
3923,IRN,2,2085,1342153.125,112805.3046875,11.934565
3924,IRN,2,2090,1434934.0625,113354.6875,13.144847
3925,IRN,2,2095,1501875.75,112835.76953125,12.992089
3926,IRN,2,2100,1504795.9375,112726.1953125,13.14829
3927,IRQ,0,2020,179878.828125,42556.984375,4.2267756
3928,IRQ,0,2025,234359.9375,47506.93359375,4.9585247
3929,IRQ,0,2030,291500.875,52419.1953125,5.57104
3930,IRQ,0,2035,360583.375,57458.3125,6.304852
3931,IRQ,0,2040,460802.84375,62604.28125,7.437135
3932,IRQ,0,2045,543024.3125,67465.328125,8.073416
3933,IRQ,0,2050,625004.0625,72488.484375,8.841311
3934,IRQ,0,2055,785402.875,77065.6484375,10.064382
3935,IRQ,0,2060,881308.5,81324.78125,11.1983
3936,IRQ,0,2065,1053957.75,85847.7265625,12.51519
3937,IRQ,0,2070,1323290.75,89876.1328125,15.229676
3938,IRQ,0,2075,1376722.875,93500.5,14.059174
3939,IRQ,0,2080,1535106.75,96345.40625,15.2603445
3940,IRQ,0,2085,1772024.375,99403.03125,19.4457
3941,IRQ,0,2090,1993985.625,102082.8359375,20.45343
3942,IRQ,0,2095,2280691.0,103857.34375,23.984337
3943,IRQ,0,2100,2553802.0,105679.2265625,26.186783
3944,IRQ,1,2020,179878.828125,42556.984375,4.2267756
3945,IRQ,1,2025,257272.765625,47531.2109375,5.4814596
3946,IRQ,1,2030,313162.5,52697.75,5.889001
3947,IRQ,1,2035,395909.75,57728.2109375,6.796924
3948,IRQ,1,2040,514680.78125,62819.62109375,7.8356504
3949,IRQ,1,2045,656731.3125,67962.1015625,9.590016
3950,IRQ,1,2050,780265.6875,72829.4453125,10.602697
3951,IRQ,1,2055,957760.8125,77706.9375,12.112071
3952,IRQ,1,2060,1339568.375,83151.6953125,15.334554
3953,IRQ,1,2065,1935762.25,87925.140625,23.861082
3954,IRQ,1,2070,2344594.5,92479.75,29.369358
3955,IRQ,1,2075,3119912.5,95547.4453125,31.963926
3956,IRQ,1,2080,3830154.0,101812.7421875,38.853374
3957,IRQ,1,2085,5350539.0,104795.765625,52.197124
3958,IRQ,1,2090,6190455.5,107372.1953125,63.769356
3959,IRQ,1,2095,6923419.5,110890.546875,75.85857
3960,IRQ,1,2100,6077769.5,112879.921875,50.62321
3961,IRQ,2,2020,179878.828125,42556.984375,4.2267756
3962,IRQ,2,2025,212973.1484375,47453.046875,4.5079317
3963,IRQ,2,2030,240664.1015625,52375.12890625,4.57032
3964,IRQ,2,2035,285848.171875,57371.5390625,4.9633203
3965,IRQ,2,2040,313074.359375,62608.83984375,5.055599
3966,IRQ,2,2045,384780.046875,67334.359375,5.7819433
3967,IRQ,2,2050,453365.921875,72250.4921875,6.2935452
3968,IRQ,2,2055,482733.8125,77065.50390625,6.1819143
3969,IRQ,2,2060,538677.59375,81382.6640625,6.671003
3970,IRQ,2,2065,602097.4375,85536.234375,7.010074
3971,IRQ,2,2070,649657.21875,89817.8359375,7.2012796
3972,IRQ,2,2075,687215.90625,93253.4140625,7.2678432
3973,IRQ,2,2080,728455.15625,96197.83984375,7.415342
3974,IRQ,2,2085,773314.125,99113.3125,7.7833147
3975,IRQ,2,2090,851765.3125,101690.9375,8.526795
3976,IRQ,2,2095,956600.53125,103802.92578125,9.3516655
3977,IRQ,2,2100,1029783.625,105558.421875,9.631244
3978,ISL,0,2020,19494.23828125,366.4630126953125,53.195652
3979,ISL,0,2025,21739.66015625,375.6891174316406,57.60692
3980,ISL,0,2030,25383.41796875,382.6070861816406,66.923935
3981,ISL,0,2035,28001.658203125,387.26519775390625,72.142525
3982,ISL,0,2040,32313.525390625,389.8792419433594,82.07175
3983,ISL,0,2045,36817.0390625,390.5843505859375,94.669975
3984,ISL,0,2050,41720.8125,389.84527587890625,107.25825
3985,ISL,0,2055,46393.09765625,387.36126708984375,119.91064
3986,ISL,0,2060,50792.51953125,383.9471130371094,131.4961
3987,ISL,0,2065,55633.890625,380.57635498046875,146.15973
3988,ISL,0,2070,60644.91796875,376.4490051269531,161.5896
3989,ISL,0,2075,66152.421875,370.813232421875,182.10652
3990,ISL,0,2080,71925.859375,364.6140441894531,197.50618
3991,ISL,0,2085,77439.3359375,358.40777587890625,212.90921
3992,ISL,0,2090,79277.875,352.02960205078125,221.82115
3993,ISL,0,2095,84796.9609375,344.3283386230469,249.66931
3994,ISL,0,2100,85637.1796875,337.2097473144531,261.67035
3995,ISL,1,2020,19494.23828125,366.4630126953125,53.195652
3996,ISL,1,2025,22636.58203125,377.1627197265625,60.457333
3997,ISL,1,2030,27045.44921875,383.23907470703125,70.63114
3998,ISL,1,2035,33512.58984375,388.32611083984375,88.86205
3999,ISL,1,2040,41772.2734375,392.0321960449219,106.41722
4000,ISL,1,2045,48540.25,393.3583984375,124.30254
4001,ISL,1,2050,60679.296875,391.2984619140625,152.63199
4002,ISL,1,2055,74119.5078125,388.64605712890625,198.17581
4003,ISL,1,2060,81097.2265625,384.5967712402344,214.49767
4004,ISL,1,2065,100835.1015625,382.1126403808594,289.14444
4005,ISL,1,2070,130333.2734375,375.82318115234375,363.69412
4006,ISL,1,2075,147013.609375,368.7867431640625,413.2898
4007,ISL,1,2080,167527.734375,361.0816955566406,479.62973
4008,ISL,1,2085,183476.28125,356.88580322265625,491.08255
4009,ISL,1,2090,225958.875,350.4750671386719,667.64197
4010,ISL,1,2095,242263.578125,343.0570983886719,659.9601
4011,ISL,1,2100,253249.8125,332.8691711425781,764.38214
4012,ISL,2,2020,19494.23828125,366.4630126953125,53.195652
4013,ISL,2,2025,21396.822265625,375.4943542480469,56.94763
4014,ISL,2,2030,22529.572265625,382.5458068847656,59.04296
4015,ISL,2,2035,23291.6142578125,387.0362243652344,59.880882
4016,ISL,2,2040,23774.234375,389.3741149902344,60.773586
4017,ISL,2,2045,25395.638671875,389.5511474609375,65.33336
4018,ISL,2,2050,26383.1279296875,389.0089416503906,67.632805
4019,ISL,2,2055,27183.90625,385.9463806152344,70.7357
4020,ISL,2,2060,28797.171875,381.7354736328125,75.80928
4021,ISL,2,2065,30096.2392578125,377.76287841796875,80.828865
4022,ISL,2,2070,30555.4814453125,373.4103698730469,83.847206
4023,ISL,2,2075,31644.1796875,367.45361328125,86.61105
4024,ISL,2,2080,32770.033203125,360.37066650390625,92.053024
4025,ISL,2,2085,34035.994140625,353.0295104980469,98.07727
4026,ISL,2,2090,34855.990234375,345.9727783203125,99.936844
4027,ISL,2,2095,35396.033203125,339.4440612792969,105.19392
4028,ISL,2,2100,35612.04296875,331.8731689453125,109.170784
4029,ISR,0,2020,356558.96875,9215.099609375,38.692905
4030,ISR,0,2025,419833.53125,9925.291015625,42.294846
4031,ISR,0,2030,512559.4375,10606.3125,48.903736
4032,ISR,0,2035,616122.3125,11324.2109375,54.28855
4033,ISR,0,2040,730294.0,12053.96484375,59.473156
4034,ISR,0,2045,876789.8125,12739.70703125,68.68918
4035,ISR,0,2050,1050771.375,13462.90625,80.798164
4036,ISR,0,2055,1242026.125,14250.39453125,90.2959
4037,ISR,0,2060,1478228.375,14884.52734375,103.3365
4038,ISR,0,2065,1727296.375,15492.3974609375,114.06969
4039,ISR,0,2070,1979893.625,16020.81640625,124.25582
4040,ISR,0,2075,2310904.75,16575.09375,140.01735
4041,ISR,0,2080,2556640.0,17054.7890625,152.12483
4042,ISR,0,2085,2889864.0,17610.546875,163.2156
4043,ISR,0,2090,3182531.0,18032.541015625,178.01135
4044,ISR,0,2095,3599481.75,18519.087890625,197.17203
4045,ISR,0,2100,4010481.5,18810.15234375,215.13368
4046,ISR,1,2020,356558.96875,9215.099609375,38.692905
4047,ISR,1,2025,427516.5,9962.9921875,42.058548
4048,ISR,1,2030,545147.0,10627.4384765625,50.690067
4049,ISR,1,2035,683598.0,11373.93359375,61.18029
4050,ISR,1,2040,852820.3125,12171.1572265625,68.30129
4051,ISR,1,2045,1093820.0,13083.6240234375,89.02994
4052,ISR,1,2050,1420622.875,13953.2900390625,107.78973
4053,ISR,1,2055,1779680.75,14690.1240234375,131.51839
4054,ISR,1,2060,2227931.25,15714.2587890625,146.56412
4055,ISR,1,2065,2931590.5,16348.3525390625,194.3772
4056,ISR,1,2070,3898284.5,16600.720703125,244.18672
4057,ISR,1,2075,4969575.0,17554.263671875,298.26343
4058,ISR,1,2080,6391939.0,17650.28125,345.16516
4059,ISR,1,2085,7726596.0,18947.43359375,427.38275
4060,ISR,1,2090,8924441.0,19399.06640625,467.51285
4061,ISR,1,2095,10731921.0,19896.349609375,618.67865
4062,ISR,1,2100,12239169.0,19483.70703125,611.46136
4063,ISR,2,2020,356558.96875,9215.099609375,38.692905
4064,ISR,2,2025,411316.15625,9931.400390625,41.55155
4065,ISR,2,2030,469796.25,10614.91015625,44.55532
4066,ISR,2,2035,519752.5,11352.8193359375,45.736877
4067,ISR,2,2040,584421.65625,12017.3681640625,48.305637
4068,ISR,2,2045,644481.15625,12716.515625,50.633823
4069,ISR,2,2050,715074.65625,13443.0693359375,53.081497
4070,ISR,2,2055,784333.4375,14206.7353515625,56.735004
4071,ISR,2,2060,864474.65625,14774.376953125,58.998066
4072,ISR,2,2065,951871.28125,15399.5087890625,61.831062
4073,ISR,2,2070,1020896.625,15879.263671875,64.05222
4074,ISR,2,2075,1117257.75,16473.505859375,66.67553
4075,ISR,2,2080,1209811.125,17032.212890625,69.7463
4076,ISR,2,2085,1325952.875,17530.39453125,77.92192
4077,ISR,2,2090,1454201.75,17981.90625,79.14418
4078,ISR,2,2095,1581254.9375,18354.32421875,86.420425
4079,ISR,2,2100,1698684.3125,18740.283203125,94.30094
4080,ITA,0,2020,1769624.625,59438.8515625,29.772188
4081,ITA,0,2025,1929554.25,58901.77734375,32.64687
4082,ITA,0,2030,2168415.75,58139.83984375,37.30217
4083,ITA,0,2035,2416625.25,57217.359375,42.206295
4084,ITA,0,2040,2640038.75,56214.71484375,46.951977
4085,ITA,0,2045,2929782.5,55044.7265625,53.56985
4086,ITA,0,2050,3276780.5,53427.28515625,61.583553
4087,ITA,0,2055,3486857.25,51589.40625,65.817924
4088,ITA,0,2060,3821064.0,49852.78125,75.67869
4089,ITA,0,2065,4027476.0,47936.53125,84.02896
4090,ITA,0,2070,4314806.5,46001.0078125,93.915985
4091,ITA,0,2075,4651956.0,44377.9375,101.55795
4092,ITA,0,2080,4995211.0,42932.8125,113.604744
4093,ITA,0,2085,5333030.0,41631.44140625,125.545616
4094,ITA,0,2090,5353373.5,40424.48046875,125.91568
4095,ITA,0,2095,5774274.5,39282.84375,142.42648
4096,ITA,0,2100,6017025.5,38358.53125,154.20598
4097,ITA,1,2020,1769624.625,59438.8515625,29.772188
4098,ITA,1,2025,1955608.0,59029.13671875,33.32163
4099,ITA,1,2030,2266778.5,58255.96875,39.075897
4100,ITA,1,2035,2720566.25,57472.81640625,47.63533
4101,ITA,1,2040,3036769.75,56651.30859375,53.960285
4102,ITA,1,2045,3695408.75,55711.6328125,67.04793
4103,ITA,1,2050,4675314.0,54506.87109375,89.25084
4104,ITA,1,2055,5412478.0,52652.015625,101.578094
4105,ITA,1,2060,6380572.5,50431.80859375,123.539375
4106,ITA,1,2065,7607234.0,48434.7265625,154.71794
4107,ITA,1,2070,9080327.0,46477.78125,196.35872
4108,ITA,1,2075,10144913.0,45026.0859375,225.48758
4109,ITA,1,2080,12213538.0,43547.515625,302.6924
4110,ITA,1,2085,14711429.0,42418.5703125,366.19476
4111,ITA,1,2090,15936699.0,41630.86328125,382.74133
4112,ITA,1,2095,19253162.0,40634.76953125,495.2824
4113,ITA,1,2100,20027314.0,39492.7421875,598.40625
4114,ITA,2,2020,1769624.625,59438.8515625,29.772188
4115,ITA,2,2025,1842319.125,58916.25390625,31.18582
4116,ITA,2,2030,1916489.875,58162.1484375,32.980026
4117,ITA,2,2035,1972724.8125,57252.0390625,34.269123
4118,ITA,2,2040,2033193.625,56298.82421875,36.106564
4119,ITA,2,2045,2126925.625,55138.9375,39.100243
4120,ITA,2,2050,2141360.0,53526.9375,39.540356
4121,ITA,2,2055,2176574.75,51669.5859375,42.724773
4122,ITA,2,2060,2180474.375,49897.349609375,43.08581
4123,ITA,2,2065,2226932.0,47931.125,47.44187
4124,ITA,2,2070,2261533.5,45885.365234375,49.75
4125,ITA,2,2075,2292037.125,44334.009765625,52.018314
4126,ITA,2,2080,2284648.75,42840.01953125,54.39581
4127,ITA,2,2085,2389019.75,41766.1953125,55.944443
4128,ITA,2,2090,2449036.0,40535.80078125,58.440422
4129,ITA,2,2095,2485861.625,39528.25390625,60.737766
4130,ITA,2,2100,2483171.75,38576.15234375,62.384632
4131,JAM,0,2020,13634.4951171875,2820.43603515625,4.83418
4132,JAM,0,2025,16027.3857421875,2870.6591796875,5.601979
4133,JAM,0,2030,18767.4140625,2905.505859375,6.428949
4134,JAM,0,2035,21463.673828125,2934.09130859375,7.300605
4135,JAM,0,2040,25357.6640625,2939.382568359375,8.752455
4136,JAM,0,2045,29576.79296875,2936.0107421875,9.892118
4137,JAM,0,2050,33231.4765625,2916.819091796875,11.178468
4138,JAM,0,2055,39019.140625,2889.582763671875,13.813317
4139,JAM,0,2060,43488.296875,2853.053955078125,15.600849
4140,JAM,0,2065,47541.41015625,2797.3857421875,16.870085
4141,JAM,0,2070,51410.82421875,2741.572265625,18.601728
4142,JAM,0,2075,57506.234375,2673.638427734375,20.163702
4143,JAM,0,2080,60640.6015625,2601.994140625,22.802801
4144,JAM,0,2085,67002.71875,2539.699462890625,25.162228
4145,JAM,0,2090,70788.8515625,2468.55419921875,28.342024
4146,JAM,0,2095,75944.6171875,2406.23681640625,29.37992
4147,JAM,0,2100,83449.046875,2347.46435546875,34.76493
4148,JAM,1,2020,13634.4951171875,2820.43603515625,4.83418
4149,JAM,1,2025,16298.005859375,2878.538818359375,5.702757
4150,JAM,1,2030,20204.025390625,2916.543212890625,6.8641567
4151,JAM,1,2035,26694.375,2945.581298828125,8.950038
4152,JAM,1,2040,34004.13671875,2939.29638671875,11.567011
4153,JAM,1,2045,40419.29296875,2918.883056640625,13.829486
4154,JAM,1,2050,51223.05078125,2900.991943359375,17.209785
4155,JAM,1,2055,63123.4296875,2871.43505859375,21.974915
4156,JAM,1,2060,75938.3515625,2854.9052734375,28.201523
4157,JAM,1,2065,89827.5,2808.378662109375,31.735891
4158,JAM,1,2070,105150.5546875,2839.28271484375,36.34573
4159,JAM,1,2075,130375.0625,2793.5966796875,46.00988
4160,JAM,1,2080,154012.328125,2768.735595703125,55.99532
4161,JAM,1,2085,185453.484375,2728.57470703125,64.29992
4162,JAM,1,2090,220865.328125,2694.43212890625,78.78483
4163,JAM,1,2095,258588.828125,2663.4384765625,98.93761
4164,JAM,1,2100,293427.59375,2613.771484375,115.31936
4165,JAM,2,2020,13634.4951171875,2820.43603515625,4.83418
4166,JAM,2,2025,14891.43994140625,2874.111328125,5.181414
4167,JAM,2,2030,16213.99072265625,2912.053955078125,5.5607114
4168,JAM,2,2035,17135.2021484375,2939.80859375,5.796002
4169,JAM,2,2040,18796.205078125,2951.74169921875,6.3006225
4170,JAM,2,2045,20405.861328125,2949.1943359375,6.8238263
4171,JAM,2,2050,21733.4345703125,2932.08984375,7.4445424
4172,JAM,2,2055,22995.2978515625,2899.88818359375,7.997758
4173,JAM,2,2060,24596.6982421875,2870.695556640625,8.726161
4174,JAM,2,2065,26453.7724609375,2812.7060546875,9.135595
4175,JAM,2,2070,28189.806640625,2769.60205078125,10.31346
4176,JAM,2,2075,29564.76953125,2709.833984375,11.214093
4177,JAM,2,2080,31385.2939453125,2656.40087890625,12.138608
4178,JAM,2,2085,32917.6875,2572.671875,13.363457
4179,JAM,2,2090,34557.955078125,2505.9189453125,13.646084
4180,JAM,2,2095,35904.748046875,2435.231201171875,14.286394
4181,JAM,2,2100,38098.373046875,2372.0400390625,15.927634
4182,JOR,0,2020,41921.8359375,10928.720703125,3.8359325
4183,JOR,0,2025,54119.83984375,11976.384765625,4.560035
4184,JOR,0,2030,67524.1015625,13066.7451171875,5.1138244
4185,JOR,0,2035,82686.1328125,14263.7861328125,5.829317
4186,JOR,0,2040,105377.5234375,15310.115234375,6.713174
4187,JOR,0,2045,133225.609375,16447.126953125,8.037881
4188,JOR,0,2050,169666.515625,17605.416015625,9.579537
4189,JOR,0,2055,202340.953125,18412.072265625,11.603649
4190,JOR,0,2060,232033.546875,19149.921875,12.798579
4191,JOR,0,2065,272401.0625,19832.470703125,14.113617
4192,JOR,0,2070,320452.65625,20563.662109375,15.958609
4193,JOR,0,2075,368187.28125,21063.939453125,17.37617
4194,JOR,0,2080,390453.59375,21248.40234375,17.08275
4195,JOR,0,2085,423541.90625,21685.087890625,19.432602
4196,JOR,0,2090,479723.21875,21810.048828125,23.209885
4197,JOR,0,2095,580601.75,22225.962890625,26.047947
4198,JOR,0,2100,662605.8125,22356.609375,27.719534
4199,JOR,1,2020,41921.8359375,10928.720703125,3.8359325
4200,JOR,1,2025,66084.203125,12080.4599609375,5.5645847
4201,JOR,1,2030,89914.4453125,13005.4560546875,6.772299
4202,JOR,1,2035,116523.421875,13975.2900390625,8.932495
4203,JOR,1,2040,154017.984375,15289.751953125,10.558341
4204,JOR,1,2045,189865.625,16460.8984375,11.611197
4205,JOR,1,2050,238682.625,17382.177734375,11.892675
4206,JOR,1,2055,279098.875,17889.59375,16.114164
4207,JOR,1,2060,369160.125,18695.388671875,18.803719
4208,JOR,1,2065,479233.1875,19498.8984375,24.166122
4209,JOR,1,2070,587913.9375,20016.037109375,28.090097
4210,JOR,1,2075,756359.25,20325.830078125,38.573906
4211,JOR,1,2080,900148.0625,21383.90234375,42.094658
4212,JOR,1,2085,1165867.125,22233.26171875,57.9044
4213,JOR,1,2090,1406418.75,21942.04296875,60.83538
4214,JOR,1,2095,1868024.625,22411.91015625,80.61979
4215,JOR,1,2100,2048773.875,23498.0546875,88.71458
4216,JOR,2,2020,41921.8359375,10928.720703125,3.8359325
4217,JOR,2,2025,50150.904296875,11963.205078125,4.1778574
4218,JOR,2,2030,60203.1953125,13022.87109375,4.526801
4219,JOR,2,2035,70840.0703125,14133.447265625,5.040992
4220,JOR,2,2040,82193.53125,15291.9423828125,5.3506618
4221,JOR,2,2045,96132.9453125,16315.1513671875,5.8241973
4222,JOR,2,2050,107070.5859375,17485.94921875,6.13246
4223,JOR,2,2055,126138.69140625,18191.9052734375,7.146923
4224,JOR,2,2060,137857.4921875,19048.646484375,7.389524
4225,JOR,2,2065,161258.75,19758.859375,7.9613853
4226,JOR,2,2070,178395.484375,20549.904296875,8.896125
4227,JOR,2,2075,206755.671875,21002.828125,10.408177
4228,JOR,2,2080,226398.40625,21245.767578125,10.325119
4229,JOR,2,2085,230025.078125,21579.248046875,10.237179
4230,JOR,2,2090,255388.1640625,21880.73046875,11.08136
4231,JOR,2,2095,278660.703125,22191.681640625,12.546894
4232,JOR,2,2100,283099.671875,22169.814453125,12.442954
4233,JPN,0,2020,4428112.5,126261.0,35.071102
4234,JPN,0,2025,4863023.5,123856.140625,39.370453
4235,JPN,0,2030,5602458.0,120831.375,46.37719
4236,JPN,0,2035,5868962.0,117394.34375,50.36808
4237,JPN,0,2040,6297835.5,113715.796875,55.276226
4238,JPN,0,2045,6606576.5,109889.6875,60.03098
4239,JPN,0,2050,7357789.5,106077.703125,69.732254
4240,JPN,0,2055,7912120.5,102234.3984375,75.956764
4241,JPN,0,2060,8586869.0,98503.453125,86.24254
4242,JPN,0,2065,9104121.0,94526.828125,97.73373
4243,JPN,0,2070,9256034.0,90503.5078125,99.377144
4244,JPN,0,2075,9888006.0,86557.9296875,117.687935
4245,JPN,0,2080,10174825.0,83414.7734375,121.869484
4246,JPN,0,2085,10438613.0,80570.125,129.44969
4247,JPN,0,2090,10694203.0,78011.046875,133.42802
4248,JPN,0,2095,11505380.0,75800.515625,151.27109
4249,JPN,0,2100,12153609.0,73467.0234375,158.51152
4250,JPN,1,2020,4428112.5,126261.0,35.071102
4251,JPN,1,2025,4763352.5,123820.1171875,38.48782
4252,JPN,1,2030,5489191.0,120681.1484375,45.702282
4253,JPN,1,2035,5831505.0,117163.171875,49.84197
4254,JPN,1,2040,6469148.5,113347.6015625,56.4356
4255,JPN,1,2045,7996504.5,109469.0390625,72.38579
4256,JPN,1,2050,9645617.0,105613.5859375,91.396835
4257,JPN,1,2055,11607684.0,101959.703125,113.742424
4258,JPN,1,2060,12392288.0,98284.03125,121.529274
4259,JPN,1,2065,15352296.0,94070.546875,169.1184
4260,JPN,1,2070,17361702.0,90094.15625,184.93597
4261,JPN,1,2075,19144768.0,86277.859375,227.75233
4262,JPN,1,2080,21650374.0,82626.46875,269.51477
4263,JPN,1,2085,25735828.0,79566.4140625,317.599
4264,JPN,1,2090,28683002.0,77024.15625,349.2292
4265,JPN,1,2095,35308896.0,74761.25,469.74313
4266,JPN,1,2100,40673940.0,72305.203125,584.8059
4267,JPN,2,2020,4428112.5,126261.0,35.071102
4268,JPN,2,2025,4584550.0,123840.8515625,36.991005
4269,JPN,2,2030,4638207.25,120805.4609375,38.313038
4270,JPN,2,2035,4629968.0,117329.828125,39.409294
4271,JPN,2,2040,4716352.25,113630.90625,41.388123
4272,JPN,2,2045,4898821.0,109780.2734375,44.382713
4273,JPN,2,2050,4850397.5,106023.609375,46.086582
4274,JPN,2,2055,4753813.75,102141.765625,45.727215
4275,JPN,2,2060,4988731.0,98439.359375,51.39074
4276,JPN,2,2065,4934822.5,94446.2265625,53.353127
4277,JPN,2,2070,4806928.0,90456.0546875,52.637794
4278,JPN,2,2075,5007821.25,86614.2109375,58.571754
4279,JPN,2,2080,5124686.0,83295.703125,60.82169
4280,JPN,2,2085,5148352.0,80580.45703125,64.623024
4281,JPN,2,2090,5233134.0,78011.046875,67.31643
4282,JPN,2,2095,5201186.5,75831.96875,69.19598
4283,JPN,2,2100,5364577.0,73568.65625,72.02555
4284,KAZ,0,2020,208612.078125,18755.666015625,11.122617
4285,KAZ,0,2025,238961.25,19696.7109375,12.178739
4286,KAZ,0,2030,285530.96875,20471.3203125,13.829108
4287,KAZ,0,2035,327274.4375,21189.470703125,15.577691
4288,KAZ,0,2040,392216.0,21889.048828125,18.05475
4289,KAZ,0,2045,463441.0,22595.662109375,20.575285
4290,KAZ,0,2050,514315.71875,23278.96484375,22.039091
4291,KAZ,0,2055,606800.375,23834.10546875,25.034924
4292,KAZ,0,2060,683571.875,24347.73046875,28.059298
4293,KAZ,0,2065,799612.0625,24591.435546875,32.99209
4294,KAZ,0,2070,879868.8125,24967.498046875,37.37581
4295,KAZ,0,2075,949413.9375,25198.484375,40.396328
4296,KAZ,0,2080,1084111.375,25463.048828125,43.474007
4297,KAZ,0,2085,1201359.375,25795.87109375,48.82174
4298,KAZ,0,2090,1252764.875,25871.041015625,51.20965
4299,KAZ,0,2095,1386333.5,26059.78125,54.495483
4300,KAZ,0,2100,1468643.375,26029.48828125,53.85686
4301,KAZ,1,2020,208612.078125,18755.666015625,11.122617
4302,KAZ,1,2025,244148.640625,19752.951171875,12.213159
4303,KAZ,1,2030,291536.3125,20638.654296875,14.511031
4304,KAZ,1,2035,409622.34375,21288.361328125,20.449762
4305,KAZ,1,2040,506292.8125,21717.23828125,23.783113
4306,KAZ,1,2045,616664.875,22167.04296875,28.659594
4307,KAZ,1,2050,755435.8125,23046.974609375,35.357716
4308,KAZ,1,2055,895428.6875,23500.615234375,42.28557
4309,KAZ,1,2060,1009711.25,23946.04296875,44.425064
4310,KAZ,1,2065,1291346.125,23542.376953125,55.45752
4311,KAZ,1,2070,1607543.375,23966.85546875,71.394005
4312,KAZ,1,2075,1990923.375,24426.3828125,81.03423
4313,KAZ,1,2080,2354897.0,24487.267578125,88.26607
4314,KAZ,1,2085,2865279.0,25465.96875,116.5985
4315,KAZ,1,2090,3097333.25,25751.787109375,128.23004
4316,KAZ,1,2095,3533008.25,25400.865234375,147.83739
4317,KAZ,1,2100,3873916.0,24828.939453125,148.95888
4318,KAZ,2,2020,208612.078125,18755.666015625,11.122617
4319,KAZ,2,2025,232516.421875,19690.708984375,11.784684
4320,KAZ,2,2030,245556.3984375,20429.8125,11.99119
4321,KAZ,2,2035,273456.546875,21124.025390625,13.104658
4322,KAZ,2,2040,295387.265625,21827.1171875,13.613556
4323,KAZ,2,2045,317031.34375,22508.083984375,14.1911745
4324,KAZ,2,2050,341313.53125,23156.642578125,15.326958
4325,KAZ,2,2055,366744.0,23707.96875,15.84685
4326,KAZ,2,2060,390123.921875,24124.1796875,16.02884
4327,KAZ,2,2065,411025.125,24178.51953125,16.538513
4328,KAZ,2,2070,438793.578125,24500.45703125,17.340338
4329,KAZ,2,2075,471133.421875,24924.37890625,18.035074
4330,KAZ,2,2080,493727.375,25081.205078125,19.572847
4331,KAZ,2,2085,517015.96875,25402.30859375,19.804914
4332,KAZ,2,2090,546273.75,25503.50390625,21.74157
4333,KAZ,2,2095,588730.34375,25498.14453125,23.07576
4334,KAZ,2,2100,607121.40625,25548.919921875,22.549168
4335,KEN,0,2020,85171.296875,51985.78125,1.6383575
4336,KEN,0,2025,111154.296875,57909.8203125,1.9137254
4337,KEN,0,2030,155549.953125,63979.390625,2.421102
4338,KEN,0,2035,198688.0,70013.3515625,2.8475566
4339,KEN,0,2040,252154.6875,75907.09375,3.313016
4340,KEN,0,2045,334456.90625,81598.1328125,4.0786114
4341,KEN,0,2050,407242.6875,86821.8046875,4.715751
4342,KEN,0,2055,489446.84375,91695.21875,5.4146767
4343,KEN,0,2060,611349.1875,96002.078125,6.3318443
4344,KEN,0,2065,730589.1875,99772.7421875,7.2037807
4345,KEN,0,2070,864724.0,103037.5390625,8.323666
4346,KEN,0,2075,1029589.375,105615.0859375,9.684617
4347,KEN,0,2080,1180212.5,107465.6796875,11.2096
4348,KEN,0,2085,1342738.25,108767.6640625,12.498224
4349,KEN,0,2090,1486922.5,110221.484375,13.353488
4350,KEN,0,2095,1690123.0,110925.3125,13.727116
4351,KEN,0,2100,1915612.625,110890.7578125,16.900612
4352,KEN,1,2020,85171.296875,51985.78125,1.6383575
4353,KEN,1,2025,129103.9296875,57885.76953125,2.238651
4354,KEN,1,2030,162533.34375,64061.65625,2.507255
4355,KEN,1,2035,239077.359375,70140.96875,3.451754
4356,KEN,1,2040,331701.03125,76239.046875,4.560024
4357,KEN,1,2045,385159.0,81817.1796875,4.6571016
4358,KEN,1,2050,552638.3125,86971.0625,6.396428
4359,KEN,1,2055,671584.4375,91768.375,7.1307764
4360,KEN,1,2060,821832.8125,96339.1484375,8.794201
4361,KEN,1,2065,1141218.75,100009.484375,11.320987
4362,KEN,1,2070,1457040.125,103177.3359375,14.247907
4363,KEN,1,2075,1873069.625,105986.6796875,18.069317
4364,KEN,1,2080,2099167.25,108211.2421875,18.600437
4365,KEN,1,2085,2859792.5,109802.7734375,26.607615
4366,KEN,1,2090,3336134.75,111427.640625,31.41101
4367,KEN,1,2095,3829515.75,112606.125,34.226334
4368,KEN,1,2100,4530198.5,113554.78125,39.271946
4369,KEN,2,2020,85171.296875,51985.78125,1.6383575
4370,KEN,2,2025,106998.1484375,57892.88671875,1.8443367
4371,KEN,2,2030,125577.875,63978.283203125,1.9700681
4372,KEN,2,2035,149978.2109375,70040.2578125,2.1323602
4373,KEN,2,2040,177155.375,75875.859375,2.346893
4374,KEN,2,2045,220051.5625,81482.0234375,2.7634966
4375,KEN,2,2050,250263.796875,86695.0703125,2.918507
4376,KEN,2,2055,282500.65625,91502.8671875,3.057015
4377,KEN,2,2060,329077.640625,95800.3515625,3.4146764
4378,KEN,2,2065,375676.03125,99425.84375,3.8017464
4379,KEN,2,2070,409963.875,102711.83203125,4.150405
4380,KEN,2,2075,472013.4375,105615.0859375,4.546833
4381,KEN,2,2080,513271.03125,107823.546875,4.930412
4382,KEN,2,2085,559390.9375,108980.984375,5.115225
4383,KEN,2,2090,600855.125,110267.6875,5.3873777
4384,KEN,2,2095,643497.25,110911.9296875,5.9519544
4385,KEN,2,2100,672517.65625,110639.4375,6.1899667
4386,KGZ,0,2020,7453.81103515625,6579.89990234375,1.1328152
4387,KGZ,0,2025,9117.9072265625,7100.35009765625,1.2902071
4388,KGZ,0,2030,11569.1162109375,7556.4208984375,1.5178239
4389,KGZ,0,2035,14247.9072265625,8023.51416015625,1.7728744
4390,KGZ,0,2040,17809.73828125,8491.822265625,2.089879
4391,KGZ,0,2045,21680.041015625,8944.2802734375,2.43175
4392,KGZ,0,2050,26994.234375,9381.16796875,2.8808513
4393,KGZ,0,2055,32791.7421875,9670.7568359375,3.3588405
4394,KGZ,0,2060,40008.7421875,9966.8056640625,3.9566717
4395,KGZ,0,2065,47778.25,10288.2900390625,4.6288657
4396,KGZ,0,2070,55270.3671875,10464.0439453125,5.27069
4397,KGZ,0,2075,65186.640625,10719.91015625,6.05569
4398,KGZ,0,2080,71747.4453125,11002.873046875,6.4601684
4399,KGZ,0,2085,83508.7734375,11171.41015625,7.5549917
4400,KGZ,0,2090,93995.234375,11288.6806640625,8.231753
4401,KGZ,0,2095,109030.5234375,11427.7353515625,9.405358
4402,KGZ,0,2100,124742.8515625,11515.2431640625,11.100764
4403,KGZ,1,2020,7453.81103515625,6579.89990234375,1.1328152
4404,KGZ,1,2025,9981.3330078125,7082.5556640625,1.3951821
4405,KGZ,1,2030,12864.232421875,7533.44384765625,1.7179326
4406,KGZ,1,2035,16818.71875,7981.5986328125,2.1521435
4407,KGZ,1,2040,21254.58984375,8508.7265625,2.544304
4408,KGZ,1,2045,26509.8828125,8919.10546875,2.8250983
4409,KGZ,1,2050,35244.60546875,9298.0302734375,3.8969126
4410,KGZ,1,2055,46605.02734375,9670.7197265625,4.764145
4411,KGZ,1,2060,54982.4765625,9994.77734375,5.370456
4412,KGZ,1,2065,75718.15625,10270.9140625,7.851011
4413,KGZ,1,2070,95427.1171875,10421.375,9.486596
4414,KGZ,1,2075,118402.796875,10514.1484375,11.397461
4415,KGZ,1,2080,145379.515625,10643.138671875,13.263562
4416,KGZ,1,2085,179542.234375,10928.2119140625,17.360708
4417,KGZ,1,2090,210125.03125,10995.1982421875,21.308887
4418,KGZ,1,2095,248462.046875,11213.8623046875,24.157179
4419,KGZ,1,2100,294361.71875,11331.966796875,27.629488
4420,KGZ,2,2020,7453.81103515625,6579.89990234375,1.1328152
4421,KGZ,2,2025,8954.44970703125,7097.6533203125,1.2667787
4422,KGZ,2,2030,10135.27001953125,7554.58251953125,1.3515137
4423,KGZ,2,2035,11645.34130859375,8023.51416015625,1.4610811
4424,KGZ,2,2040,13180.58935546875,8474.65625,1.5845672
4425,KGZ,2,2045,15052.1005859375,8926.5546875,1.6830428
4426,KGZ,2,2050,17274.8955078125,9331.931640625,1.8969367
4427,KGZ,2,2055,19331.9140625,9662.7685546875,2.0037727
4428,KGZ,2,2060,21724.458984375,9937.8623046875,2.1830578
4429,KGZ,2,2065,24303.02734375,10198.9541015625,2.3644502
4430,KGZ,2,2070,27293.6142578125,10410.7822265625,2.545149
4431,KGZ,2,2075,30884.2255859375,10646.3369140625,2.934856
4432,KGZ,2,2080,34050.203125,10899.0595703125,3.2082217
4433,KGZ,2,2085,36335.48828125,11068.05078125,3.2607896
4434,KGZ,2,2090,38716.68359375,11197.9892578125,3.4117253
4435,KGZ,2,2095,41402.287109375,11291.9326171875,3.7691095
4436,KGZ,2,2100,44633.74609375,11342.701171875,3.9179742
4437,KHM,0,2020,23335.73828125,16396.859375,1.4231834
4438,KHM,0,2025,30398.224609375,17530.734375,1.7350688
4439,KHM,0,2030,38028.12109375,18598.240234375,2.0433476
4440,KHM,0,2035,46123.84375,19559.14453125,2.3998682
4441,KHM,0,2040,57439.91015625,20454.876953125,2.7691183
4442,KHM,0,2045,71164.390625,21240.5234375,3.361822
4443,KHM,0,2050,88344.5703125,21975.98046875,4.1092267
4444,KHM,0,2055,101885.828125,22592.669921875,4.520857
4445,KHM,0,2060,126923.3203125,23050.376953125,5.603929
4446,KHM,0,2065,146703.734375,23380.501953125,6.284827
4447,KHM,0,2070,166335.5,23635.94921875,6.988706
4448,KHM,0,2075,211401.984375,23680.814453125,8.956762
4449,KHM,0,2080,239076.859375,23658.154296875,10.397507
4450,KHM,0,2085,245664.4375,23591.001953125,10.430131
4451,KHM,0,2090,259713.484375,23508.65625,10.6891985
4452,KHM,0,2095,296593.78125,23217.734375,13.018462
4453,KHM,0,2100,332228.0625,22938.990234375,14.733186
4454,KHM,1,2020,23335.73828125,16396.859375,1.4231834
4455,KHM,1,2025,30899.205078125,17541.60546875,1.7435942
4456,KHM,1,2030,40855.671875,18605.919921875,2.1537585
4457,KHM,1,2035,60172.69921875,19587.912109375,3.1110883
4458,KHM,1,2040,78151.0703125,20382.36328125,3.9825718
4459,KHM,1,2045,84212.6640625,21282.611328125,3.882538
4460,KHM,1,2050,145926.5,21990.681640625,6.3209395
4461,KHM,1,2055,155331.015625,22732.50390625,6.7842836
4462,KHM,1,2060,237739.046875,23259.060546875,9.920357
4463,KHM,1,2065,280834.96875,23797.45703125,12.213479
4464,KHM,1,2070,354732.375,24193.763671875,15.8729725
4465,KHM,1,2075,456658.21875,24395.318359375,18.63279
4466,KHM,1,2080,472054.9375,24341.08203125,21.307108
4467,KHM,1,2085,600989.1875,24507.392578125,30.190374
4468,KHM,1,2090,650440.3125,24266.02734375,27.704014
4469,KHM,1,2095,642905.5,23982.26953125,23.56999
4470,KHM,1,2100,733055.625,23513.216796875,25.2602
4471,KHM,2,2020,23335.73828125,16396.859375,1.4231834
4472,KHM,2,2025,27463.14453125,17520.986328125,1.5727413
4473,KHM,2,2030,32200.8154296875,18585.251953125,1.7336606
4474,KHM,2,2035,36772.912109375,19541.853515625,1.8717072
4475,KHM,2,2040,42692.8671875,20399.837890625,2.0904832
4476,KHM,2,2045,50608.49609375,21242.3203125,2.425801
4477,KHM,2,2050,55635.869140625,21997.103515625,2.5256958
4478,KHM,2,2055,59312.919921875,22602.64453125,2.6481333
4479,KHM,2,2060,63668.830078125,23108.072265625,2.8382015
4480,KHM,2,2065,69997.63671875,23496.68359375,3.03644
4481,KHM,2,2070,73746.515625,23721.087890625,3.064533
4482,KHM,2,2075,86472.796875,23829.220703125,3.668263
4483,KHM,2,2080,94452.9296875,23792.740234375,3.9782946
4484,KHM,2,2085,96982.90234375,23804.2041015625,4.014591
4485,KHM,2,2090,99798.9296875,23777.248046875,4.418305
4486,KHM,2,2095,102500.12109375,23562.091796875,4.1882634
4487,KHM,2,2100,110290.53125,23215.455078125,4.819689
4488,KOR,0,2020,1648516.375,51836.23828125,31.802391
4489,KOR,0,2025,1760863.625,51817.37890625,34.00117
4490,KOR,0,2030,1956096.5,51477.59375,38.01255
4491,KOR,0,2035,2122217.25,50782.20703125,41.809578
4492,KOR,0,2040,2383663.25,49650.0,47.75934
4493,KOR,0,2045,2423569.5,48187.0546875,50.448555
4494,KOR,0,2050,2575748.0,46382.01953125,56.04418
4495,KOR,0,2055,2807201.5,44260.51171875,64.98863
4496,KOR,0,2060,3022076.0,41953.2109375,71.989334
4497,KOR,0,2065,3151349.75,39618.640625,80.56344
4498,KOR,0,2070,3280963.75,37466.453125,87.49913
4499,KOR,0,2075,3252758.25,35452.52734375,92.39251
4500,KOR,0,2080,3223235.25,33495.91015625,96.73583
4501,KOR,0,2085,3214553.5,31757.751953125,105.3065
4502,KOR,0,2090,3265183.0,30016.46875,113.78825
4503,KOR,0,2095,3412589.5,28539.244140625,125.88978
4504,KOR,0,2100,3681867.5,27226.828125,134.38515
4505,KOR,1,2020,1648516.375,51836.23828125,31.802391
4506,KOR,1,2025,1943808.25,51855.3359375,37.364395
4507,KOR,1,2030,2080533.0,51568.66015625,40.45232
4508,KOR,1,2035,2521237.0,50957.58984375,49.794273
4509,KOR,1,2040,2986402.75,49933.87109375,59.75088
4510,KOR,1,2045,2863369.25,48443.15625,57.29778
4511,KOR,1,2050,3200350.75,46680.4375,68.04192
4512,KOR,1,2055,3387429.25,44622.37109375,73.07632
4513,KOR,1,2060,3597084.0,42363.1640625,83.578514
4514,KOR,1,2065,4724289.0,40198.390625,124.525665
4515,KOR,1,2070,5922061.0,38401.6953125,168.2419
4516,KOR,1,2075,6675091.0,36545.5390625,176.86156
4517,KOR,1,2080,7461414.0,34731.8046875,205.7797
4518,KOR,1,2085,9012999.0,33122.9140625,269.49704
4519,KOR,1,2090,8903370.0,31555.2109375,273.9542
4520,KOR,1,2095,9332860.0,30118.9453125,314.71048
4521,KOR,1,2100,9135831.0,28932.349609375,362.64148
4522,KOR,2,2020,1648516.375,51836.23828125,31.802391
4523,KOR,2,2025,1737205.9375,51824.48046875,33.452522
4524,KOR,2,2030,1774824.5625,51495.2578125,34.604527
4525,KOR,2,2035,1761501.5,50790.79296875,34.685013
4526,KOR,2,2040,1685723.5625,49669.8359375,34.10648
4527,KOR,2,2045,1708928.125,48161.26171875,36.027565
4528,KOR,2,2050,1660910.5,46346.865234375,36.257023
4529,KOR,2,2055,1586220.5,44238.91796875,36.05744
4530,KOR,2,2060,1553305.4375,41928.42578125,36.944992
4531,KOR,2,2065,1497747.75,39586.962890625,38.43668
4532,KOR,2,2070,1557445.6875,37464.59765625,43.353783
4533,KOR,2,2075,1554818.375,35452.52734375,44.52938
4534,KOR,2,2080,1485729.375,33460.65625,45.91464
4535,KOR,2,2085,1475140.5,31626.01953125,47.670296
4536,KOR,2,2090,1447659.0,29895.494140625,48.584995
4537,KOR,2,2095,1427885.75,28372.787109375,50.72901
4538,KOR,2,2100,1428825.1875,27087.62890625,52.68077
4539,KWT,0,2020,105753.890625,4360.44384765625,24.25301
4540,KWT,0,2025,125495.6953125,4846.1552734375,25.929832
4541,KWT,0,2030,156503.078125,5392.15185546875,28.988977
4542,KWT,0,2035,187125.6875,5930.63232421875,31.88465
4543,KWT,0,2040,228176.5,6492.04736328125,36.42203
4544,KWT,0,2045,262423.0625,6921.81982421875,38.47287
4545,KWT,0,2050,312881.3125,7366.9990234375,42.740185
4546,KWT,0,2055,367687.625,7758.68115234375,49.561367
4547,KWT,0,2060,426991.96875,8021.7978515625,54.90021
4548,KWT,0,2065,484502.59375,8299.12890625,61.43896
4549,KWT,0,2070,553265.125,8567.03515625,66.728226
4550,KWT,0,2075,610899.6875,8871.9873046875,70.46
4551,KWT,0,2080,667057.5625,9203.3544921875,73.772285
4552,KWT,0,2085,731545.9375,9438.712890625,80.30842
4553,KWT,0,2090,816803.6875,9581.19921875,86.77673
4554,KWT,0,2095,879448.1875,9856.072265625,96.005554
4555,KWT,0,2100,1034037.875,9919.6953125,102.48425
4556,KWT,1,2020,105753.890625,4360.44384765625,24.25301
4557,KWT,1,2025,145243.6875,4912.23193359375,28.494682
4558,KWT,1,2030,175037.3125,5524.96435546875,30.849585
4559,KWT,1,2035,227066.796875,6103.27978515625,37.973904
4560,KWT,1,2040,287919.28125,6636.53857421875,45.566975
4561,KWT,1,2045,326735.375,7050.5458984375,43.696198
4562,KWT,1,2050,398506.125,7735.5224609375,51.88985
4563,KWT,1,2055,463867.25,8142.62890625,55.729164
4564,KWT,1,2060,555071.75,8477.853515625,63.738304
4565,KWT,1,2065,767077.8125,8852.5888671875,94.965256
4566,KWT,1,2070,994819.25,9213.548828125,128.30396
4567,KWT,1,2075,1301062.625,9526.501953125,134.87744
4568,KWT,1,2080,1690531.5,9596.3583984375,156.93088
4569,KWT,1,2085,1948542.0,9976.8564453125,205.52272
4570,KWT,1,2090,2255147.75,10156.658203125,208.92183
4571,KWT,1,2095,2406448.0,10413.4365234375,240.00323
4572,KWT,1,2100,2507646.5,10558.564453125,276.55615
4573,KWT,2,2020,105753.890625,4360.44384765625,24.25301
4574,KWT,2,2025,123304.50390625,4841.93212890625,25.511427
4575,KWT,2,2030,139657.8125,5386.73974609375,26.389963
4576,KWT,2,2035,153656.2265625,5911.1552734375,26.451344
4577,KWT,2,2040,169699.25,6451.66259765625,26.010143
4578,KWT,2,2045,188160.0,6934.10400390625,27.475195
4579,KWT,2,2050,192912.09375,7331.7958984375,27.650183
4580,KWT,2,2055,202837.625,7666.11376953125,27.49798
4581,KWT,2,2060,221509.046875,7928.23193359375,28.17484
4582,KWT,2,2065,232935.9453125,8166.84521484375,29.312424
4583,KWT,2,2070,258633.5703125,8494.8193359375,33.062286
4584,KWT,2,2075,282873.546875,8747.58203125,33.958817
4585,KWT,2,2080,303851.84375,9130.8623046875,35.015232
4586,KWT,2,2085,330987.03125,9427.9189453125,36.354126
4587,KWT,2,2090,359466.125,9575.28125,37.051693
4588,KWT,2,2095,380535.359375,9844.2353515625,38.686752
4589,KWT,2,2100,404962.8125,9895.76953125,40.175194
4590,LAO,0,2020,18836.1328125,7319.39892578125,2.5734534
4591,LAO,0,2025,22366.828125,7823.57568359375,2.8765028
4592,LAO,0,2030,26823.478515625,8273.626953125,3.2751386
4593,LAO,0,2035,31856.349609375,8681.8056640625,3.719086
4594,LAO,0,2040,38923.06640625,9013.3740234375,4.3979955
4595,LAO,0,2045,44225.65234375,9326.134765625,4.62245
4596,LAO,0,2050,56467.4140625,9551.80078125,5.745868
4597,LAO,0,2055,64964.640625,9722.2421875,6.676553
4598,LAO,0,2060,80080.453125,9822.2890625,8.507266
4599,LAO,0,2065,88370.2578125,9899.98046875,8.860252
4600,LAO,0,2070,99853.1875,9870.720703125,10.453051
4601,LAO,0,2075,106817.1484375,9783.1181640625,10.541709
4602,LAO,0,2080,113965.6640625,9673.271484375,11.883182
4603,LAO,0,2085,124883.5625,9544.4912109375,12.908246
4604,LAO,0,2090,134513.453125,9390.453125,13.961354
4605,LAO,0,2095,144672.3125,9171.8056640625,15.445638
4606,LAO,0,2100,161171.609375,8891.841796875,17.388622
4607,LAO,1,2020,18836.1328125,7319.39892578125,2.5734534
4608,LAO,1,2025,23498.654296875,7833.357421875,3.0249755
4609,LAO,1,2030,28280.884765625,8321.9306640625,3.3769212
4610,LAO,1,2035,37279.9921875,8725.67578125,4.2876434
4611,LAO,1,2040,49637.109375,9044.6064453125,5.474296
4612,LAO,1,2045,65537.7890625,9313.435546875,6.8702083
4613,LAO,1,2050,88885.3359375,9599.248046875,9.715746
4614,LAO,1,2055,103586.640625,9768.6591796875,10.654006
4615,LAO,1,2060,129665.3125,9922.228515625,13.547282
4616,LAO,1,2065,172741.625,9962.078125,17.150824
4617,LAO,1,2070,201153.625,9893.841796875,21.636618
4618,LAO,1,2075,226332.140625,9813.859375,22.756483
4619,LAO,1,2080,275460.5,9779.521484375,30.408625
4620,LAO,1,2085,356653.0625,9598.9931640625,36.478405
4621,LAO,1,2090,429541.3125,9416.3212890625,40.414772
4622,LAO,1,2095,491167.25,9224.091796875,50.26402
4623,LAO,1,2100,524570.75,8987.0234375,61.957108
4624,LAO,2,2020,18836.1328125,7319.39892578125,2.5734534
4625,LAO,2,2025,22286.0849609375,7824.7998046875,2.8473334
4626,LAO,2,2030,24576.267578125,8276.2353515625,2.9432175
4627,LAO,2,2035,27237.935546875,8682.1279296875,3.0955846
4628,LAO,2,2040,29794.0966796875,9013.3740234375,3.304512
4629,LAO,2,2045,34074.880859375,9314.7607421875,3.6996064
4630,LAO,2,2050,38430.11328125,9551.80078125,4.1492367
4631,LAO,2,2055,40188.349609375,9716.6748046875,4.125871
4632,LAO,2,2060,43738.767578125,9821.06640625,4.471737
4633,LAO,2,2065,46484.728515625,9899.98046875,4.6709256
4634,LAO,2,2070,47441.99609375,9871.576171875,4.8339357
4635,LAO,2,2075,49157.990234375,9783.1181640625,5.08722
4636,LAO,2,2080,51981.8046875,9673.3505859375,5.417391
4637,LAO,2,2085,54085.2421875,9534.2265625,5.6844206
4638,LAO,2,2090,58799.25,9377.6650390625,6.449354
4639,LAO,2,2095,61261.416015625,9183.931640625,6.8450546
4640,LAO,2,2100,62588.42578125,8891.841796875,7.4879317
4641,LBN,0,2020,37224.73046875,5662.9228515625,6.573413
4642,LBN,0,2025,43378.40234375,6051.0361328125,7.2320094
4643,LBN,0,2030,56974.79296875,6465.396484375,8.735865
4644,LBN,0,2035,71481.8671875,6866.58251953125,10.484103
4645,LBN,0,2040,86598.8515625,7176.490234375,12.028393
4646,LBN,0,2045,104758.5390625,7501.47412109375,13.989751
4647,LBN,0,2050,124879.046875,7819.3779296875,15.683151
4648,LBN,0,2055,143326.28125,8079.82470703125,17.181498
4649,LBN,0,2060,165017.8125,8380.4140625,18.684484
4650,LBN,0,2065,203306.3125,8613.9248046875,22.335684
4651,LBN,0,2070,242704.375,8875.94140625,27.824888
4652,LBN,0,2075,280855.625,9022.94921875,31.903456
4653,LBN,0,2080,309857.5625,9236.7373046875,33.388577
4654,LBN,0,2085,356019.65625,9366.3505859375,35.500034
4655,LBN,0,2090,369071.5,9455.1806640625,37.86994
4656,LBN,0,2095,408484.25,9684.2470703125,43.69965
4657,LBN,0,2100,439795.5625,9764.328125,43.9983
4658,LBN,1,2020,37224.73046875,5662.9228515625,6.573413
4659,LBN,1,2025,47032.68359375,5939.07373046875,7.887716
4660,LBN,1,2030,59056.4375,6399.84912109375,8.969492
4661,LBN,1,2035,76876.921875,6696.4150390625,10.848213
4662,LBN,1,2040,93438.4375,7176.490234375,13.11516
4663,LBN,1,2045,114278.1015625,7404.80224609375,15.304667
4664,LBN,1,2050,148167.90625,7466.44873046875,20.574385
4665,LBN,1,2055,190396.96875,7981.86767578125,22.75794
4666,LBN,1,2060,231563.046875,8385.9267578125,26.43755
4667,LBN,1,2065,281909.71875,8554.00390625,30.966246
4668,LBN,1,2070,372248.1875,9036.3046875,43.489174
4669,LBN,1,2075,454642.34375,9058.380859375,50.835667
4670,LBN,1,2080,498669.78125,9463.9794921875,58.017387
4671,LBN,1,2085,662091.5625,9621.1845703125,72.150345
4672,LBN,1,2090,810830.0,9788.37109375,91.3226
4673,LBN,1,2095,893170.9375,9849.1201171875,90.45579
4674,LBN,1,2100,1082509.5,9788.4970703125,111.51905
4675,LBN,2,2020,37224.73046875,5662.9228515625,6.573413
4676,LBN,2,2025,43593.5078125,6045.9951171875,7.097002
4677,LBN,2,2030,51438.9921875,6469.2392578125,7.784739
4678,LBN,2,2035,57920.06640625,6869.88134765625,8.493698
4679,LBN,2,2040,64705.3515625,7211.58935546875,8.972987
4680,LBN,2,2045,76399.80078125,7505.1552734375,10.362241
4681,LBN,2,2050,83323.703125,7798.76171875,10.770886
4682,LBN,2,2055,92289.1875,8082.568359375,11.328559
4683,LBN,2,2060,104036.62890625,8412.203125,12.994456
4684,LBN,2,2065,116807.9453125,8619.939453125,13.453033
4685,LBN,2,2070,126059.57421875,8937.7734375,13.793231
4686,LBN,2,2075,137496.1953125,9044.7412109375,15.185377
4687,LBN,2,2080,152130.8046875,9231.7958984375,16.644451
4688,LBN,2,2085,166993.1640625,9442.322265625,16.974949
4689,LBN,2,2090,175965.34375,9591.58984375,17.825699
4690,LBN,2,2095,192711.125,9816.615234375,19.798151
4691,LBN,2,2100,203603.6796875,9918.513671875,21.649763
4692,LBR,0,2020,3157.6787109375,5087.583984375,0.6206637
4693,LBR,0,2025,4663.97265625,5804.99560546875,0.78558993
4694,LBR,0,2030,7088.5478515625,6566.79736328125,1.0654188
4695,LBR,0,2035,9076.0654296875,7394.07080078125,1.2183652
4696,LBR,0,2040,12437.9462890625,8202.681640625,1.5073913
4697,LBR,0,2045,16281.9326171875,9093.1435546875,1.8654884
4698,LBR,0,2050,23771.779296875,10017.298828125,2.2112477
4699,LBR,0,2055,30464.826171875,11064.9130859375,2.718664
4700,LBR,0,2060,42672.25390625,11962.421875,3.7034419
4701,LBR,0,2065,52213.1875,12713.1845703125,4.264323
4702,LBR,0,2070,62629.59375,13853.08984375,4.5028753
4703,LBR,0,2075,78979.640625,14779.029296875,5.4975386
4704,LBR,0,2080,95422.0546875,15663.70703125,6.20666
4705,LBR,0,2085,116033.703125,16700.06640625,7.4100437
4706,LBR,0,2090,147841.0,17518.943359375,8.731342
4707,LBR,0,2095,165029.84375,18096.048828125,9.301266
4708,LBR,0,2100,190687.078125,18710.35546875,9.963438
4709,LBR,1,2020,3157.6787109375,5087.583984375,0.6206637
4710,LBR,1,2025,4764.51806640625,5755.328125,0.8492172
4711,LBR,1,2030,7366.85400390625,6546.2275390625,1.1165693
4712,LBR,1,2035,12173.9892578125,7394.07080078125,1.699277
4713,LBR,1,2040,16929.83984375,8125.79296875,2.0351572
4714,LBR,1,2045,24299.580078125,9051.5,2.7454636
4715,LBR,1,2050,38071.6328125,9984.56640625,3.3854067
4716,LBR,1,2055,52399.46875,10943.1953125,4.7188783
4717,LBR,1,2060,68200.9140625,11809.076171875,6.844359
4718,LBR,1,2065,94936.3984375,12920.685546875,7.225428
4719,LBR,1,2070,117732.1640625,14018.28125,9.359357
4720,LBR,1,2075,145404.65625,14931.6640625,9.860323
4721,LBR,1,2080,147822.921875,16105.8896484375,10.326507
4722,LBR,1,2085,191826.453125,16940.91015625,13.149245
4723,LBR,1,2090,251996.109375,17859.599609375,16.580725
4724,LBR,1,2095,344613.46875,18917.78515625,21.440237
4725,LBR,1,2100,411269.1875,19535.533203125,25.52144
4726,LBR,2,2020,3157.6787109375,5087.583984375,0.6206637
4727,LBR,2,2025,4188.42431640625,5801.38818359375,0.71994555
4728,LBR,2,2030,5740.99951171875,6590.1181640625,0.87788785
4729,LBR,2,2035,7026.019287109375,7441.44287109375,0.92485
4730,LBR,2,2040,9151.69921875,8233.037109375,1.0926721
4731,LBR,2,2045,11542.900390625,9154.0673828125,1.2757752
4732,LBR,2,2050,15101.10205078125,10097.22265625,1.4748973
4733,LBR,2,2055,18498.5205078125,11096.015625,1.6685213
4734,LBR,2,2060,22846.2685546875,12002.384765625,1.823016
4735,LBR,2,2065,30614.9775390625,12921.408203125,2.301761
4736,LBR,2,2070,37479.130859375,14028.236328125,2.6696198
4737,LBR,2,2075,46416.728515625,15009.2158203125,3.2174032
4738,LBR,2,2080,54010.767578125,15962.900390625,3.3596134
4739,LBR,2,2085,61327.978515625,16940.701171875,3.725207
4740,LBR,2,2090,72927.75,17859.599609375,4.289951
4741,LBR,2,2095,85047.2265625,18379.96484375,4.5099416
4742,LBR,2,2100,100693.5859375,18973.359375,5.47328
4743,LBY,0,2020,43373.1640625,6653.94189453125,6.5184164
4744,LBY,0,2025,51719.3359375,7042.9814453125,7.31035
4745,LBY,0,2030,63916.453125,7375.74560546875,8.689583
4746,LBY,0,2035,73536.890625,7660.6064453125,9.6865225
4747,LBY,0,2040,85439.140625,7926.9111328125,10.831729
4748,LBY,0,2045,97905.21875,8151.62890625,11.934604
4749,LBY,0,2050,120294.375,8301.9765625,14.577845
4750,LBY,0,2055,140736.625,8408.41796875,16.77631
4751,LBY,0,2060,160541.609375,8429.4443359375,19.443533
4752,LBY,0,2065,181236.09375,8412.357421875,21.74953
4753,LBY,0,2070,204003.3125,8357.658203125,24.120926
4754,LBY,0,2075,221344.921875,8304.6181640625,27.020252
4755,LBY,0,2080,241102.828125,8287.9677734375,28.45693
4756,LBY,0,2085,269335.90625,8238.921875,32.75767
4757,LBY,0,2090,295725.25,8185.67529296875,35.747787
4758,LBY,0,2095,315496.53125,8197.458984375,40.05078
4759,LBY,0,2100,347938.71875,8137.4521484375,45.391434
4760,LBY,1,2020,43373.1640625,6653.94189453125,6.5184164
4761,LBY,1,2025,53124.0703125,7077.01171875,7.464019
4762,LBY,1,2030,74115.765625,7418.72705078125,10.063449
4763,LBY,1,2035,95923.65625,7692.71875,12.341587
4764,LBY,1,2040,125262.0625,7887.9287109375,16.03682
4765,LBY,1,2045,156000.921875,8037.302734375,18.727312
4766,LBY,1,2050,180548.109375,8228.0546875,22.805807
4767,LBY,1,2055,227647.40625,8310.4189453125,27.513329
4768,LBY,1,2060,265665.9375,8421.5107421875,32.66231
4769,LBY,1,2065,327371.90625,8361.0478515625,42.58965
4770,LBY,1,2070,415536.125,8317.8955078125,48.58005
4771,LBY,1,2075,510554.1875,8317.4013671875,58.983303
4772,LBY,1,2080,629631.3125,8353.1083984375,71.82099
4773,LBY,1,2085,726749.3125,8385.4619140625,82.14077
4774,LBY,1,2090,855650.3125,8373.8037109375,101.55006
4775,LBY,1,2095,989961.5,8330.6728515625,123.188225
4776,LBY,1,2100,1096611.0,8154.9169921875,113.47783
4777,LBY,2,2020,43373.1640625,6653.94189453125,6.5184164
4778,LBY,2,2025,50185.8984375,7051.2529296875,7.1141553
4779,LBY,2,2030,54404.044921875,7378.9033203125,7.3833656
4780,LBY,2,2035,59094.271484375,7669.85791015625,7.7341633
4781,LBY,2,2040,65619.51953125,7950.7216796875,8.394938
4782,LBY,2,2045,72822.3203125,8145.35546875,8.93479
4783,LBY,2,2050,78789.37109375,8299.0029296875,9.564493
4784,LBY,2,2055,83108.34765625,8387.4423828125,9.94271
4785,LBY,2,2060,88443.8125,8425.50390625,10.301829
4786,LBY,2,2065,94156.1484375,8424.97265625,11.622448
4787,LBY,2,2070,98321.125,8392.5,11.664526
4788,LBY,2,2075,104062.41015625,8358.48828125,12.502207
4789,LBY,2,2080,108557.66015625,8327.43359375,13.284503
4790,LBY,2,2085,116690.1640625,8260.701171875,14.826459
4791,LBY,2,2090,123300.34375,8201.5947265625,15.655391
4792,LBY,2,2095,127382.796875,8186.42138671875,15.458695
4793,LBY,2,2100,132058.4375,8136.7431640625,16.350557
4794,LCA,0,2020,1514.171142578125,179.23699951171875,8.447871
4795,LCA,0,2025,1754.1949462890625,182.2864227294922,9.63776
4796,LCA,0,2030,1985.1087646484375,183.8774871826172,10.691493
4797,LCA,0,2035,2317.17041015625,184.06549072265625,12.527665
4798,LCA,0,2040,2570.17236328125,183.3460235595703,13.900896
4799,LCA,0,2045,2901.668701171875,181.5966033935547,15.784113
4800,LCA,0,2050,3286.79248046875,178.92294311523438,18.163517
4801,LCA,0,2055,3614.5556640625,174.15545654296875,20.404917
4802,LCA,0,2060,4009.881103515625,169.84007263183594,22.968916
4803,LCA,0,2065,4448.087890625,164.95249938964844,26.598282
4804,LCA,0,2070,4760.19677734375,160.52464294433594,28.967613
4805,LCA,0,2075,5262.83837890625,154.59071350097656,34.056488
4806,LCA,0,2080,5530.24462890625,148.59815979003906,36.221058
4807,LCA,0,2085,5915.26123046875,141.6239013671875,39.73101
4808,LCA,0,2090,6052.0771484375,137.11776733398438,44.570515
4809,LCA,0,2095,6386.51025390625,131.7241668701172,49.087456
4810,LCA,0,2100,6672.93603515625,128.4935760498047,55.826176
4811,LCA,1,2020,1514.171142578125,179.23699951171875,8.447871
4812,LCA,1,2025,1832.9521484375,182.50514221191406,9.971996
4813,LCA,1,2030,2221.010498046875,184.6050262451172,11.964596
4814,LCA,1,2035,2768.501220703125,185.5348663330078,15.342918
4815,LCA,1,2040,3313.87451171875,183.55825805664062,18.042795
4816,LCA,1,2045,3882.1416015625,180.300048828125,21.02682
4817,LCA,1,2050,4896.5078125,176.94834899902344,27.059761
4818,LCA,1,2055,5890.326171875,172.7806854248047,36.14554
4819,LCA,1,2060,6880.38232421875,167.80760192871094,42.08752
4820,LCA,1,2065,8516.3232421875,164.2675018310547,54.58029
4821,LCA,1,2070,10071.591796875,160.0269317626953,61.38252
4822,LCA,1,2075,11114.8818359375,154.7432098388672,70.01036
4823,LCA,1,2080,12781.7646484375,148.42222595214844,80.766975
4824,LCA,1,2085,14791.0771484375,142.32923889160156,104.11565
4825,LCA,1,2090,16668.521484375,138.58348083496094,129.84877
4826,LCA,1,2095,17592.16015625,134.5103302001953,131.51619
4827,LCA,1,2100,19523.0703125,131.0077362060547,154.77115
4828,LCA,2,2020,1514.171142578125,179.23699951171875,8.447871
4829,LCA,2,2025,1643.1937255859375,182.1741180419922,9.011799
4830,LCA,2,2030,1793.42529296875,183.72386169433594,9.774969
4831,LCA,2,2035,1835.0072021484375,183.7307891845703,9.926327
4832,LCA,2,2040,1967.9317626953125,182.6064910888672,10.637081
4833,LCA,2,2045,2109.466796875,179.86375427246094,11.564965
4834,LCA,2,2050,2254.6826171875,176.27627563476562,12.621021
4835,LCA,2,2055,2292.55419921875,172.55099487304688,13.316802
4836,LCA,2,2060,2376.947265625,167.7787322998047,14.071621
4837,LCA,2,2065,2425.31103515625,162.87486267089844,14.7041445
4838,LCA,2,2070,2485.306640625,158.04957580566406,15.547797
4839,LCA,2,2075,2526.564208984375,152.38833618164062,16.440228
4840,LCA,2,2080,2582.1982421875,146.0423583984375,17.0596
4841,LCA,2,2085,2640.18212890625,141.24484252929688,18.389029
4842,LCA,2,2090,2656.33447265625,136.43682861328125,18.594545
4843,LCA,2,2095,2753.97607421875,131.152099609375,20.540257
4844,LCA,2,2100,2765.806640625,126.52870178222656,20.781267
4845,LKA,0,2020,93965.34375,21919.0,4.286936
4846,LKA,0,2025,105684.6015625,22322.20703125,4.741161
4847,LKA,0,2030,121080.359375,22572.75,5.335361
4848,LKA,0,2035,144653.53125,22716.826171875,6.4248815
4849,LKA,0,2040,163916.578125,22720.966796875,7.2486215
4850,LKA,0,2045,181300.453125,22620.94921875,8.122248
4851,LKA,0,2050,215803.546875,22452.521484375,9.618835
4852,LKA,0,2055,234783.71875,22265.396484375,10.45375
4853,LKA,0,2060,273639.96875,21978.591796875,12.544199
4854,LKA,0,2065,297265.0,21724.89453125,13.565033
4855,LKA,0,2070,326512.46875,21369.408203125,15.646245
4856,LKA,0,2075,361155.1875,21022.9296875,17.398197
4857,LKA,0,2080,386801.34375,20567.828125,18.146276
4858,LKA,0,2085,418814.71875,20102.40625,20.924858
4859,LKA,0,2090,466525.0625,19667.703125,23.211803
4860,LKA,0,2095,486014.78125,19233.513671875,25.548496
4861,LKA,0,2100,542423.625,18731.90234375,28.104214
4862,LKA,1,2020,93965.34375,21919.0,4.286936
4863,LKA,1,2025,108444.7734375,22299.458984375,4.8478274
4864,LKA,1,2030,132178.90625,22551.712890625,5.8751507
4865,LKA,1,2035,162201.578125,22598.876953125,7.156052
4866,LKA,1,2040,213684.0625,22684.228515625,9.43917
4867,LKA,1,2045,255632.78125,22579.015625,11.237584
4868,LKA,1,2050,315050.40625,22411.595703125,14.51102
4869,LKA,1,2055,364271.875,22100.572265625,17.431486
4870,LKA,1,2060,440474.375,21864.142578125,21.261812
4871,LKA,1,2065,572385.0625,21684.494140625,27.088459
4872,LKA,1,2070,638335.1875,21293.630859375,28.849169
4873,LKA,1,2075,810544.5,20791.0234375,39.256374
4874,LKA,1,2080,967134.8125,20410.30859375,51.80276
4875,LKA,1,2085,1194902.25,20006.46875,64.02391
4876,LKA,1,2090,1358054.375,19544.2734375,71.52389
4877,LKA,1,2095,1532372.0,19046.880859375,88.736206
4878,LKA,1,2100,1649911.875,18519.86328125,81.28544
4879,LKA,2,2020,93965.34375,21919.0,4.286936
4880,LKA,2,2025,104279.22265625,22311.3828125,4.680799
4881,LKA,2,2030,108325.4375,22556.267578125,4.7887263
4882,LKA,2,2035,113584.89453125,22705.654296875,5.006969
4883,LKA,2,2040,120368.80859375,22734.4208984375,5.3073406
4884,LKA,2,2045,131390.078125,22661.3916015625,5.781109
4885,LKA,2,2050,141319.890625,22458.712890625,6.283875
4886,LKA,2,2055,144691.4765625,22265.6171875,6.4642367
4887,LKA,2,2060,155560.984375,21936.55078125,7.132367
4888,LKA,2,2065,159483.109375,21724.142578125,7.5340157
4889,LKA,2,2070,162844.109375,21356.197265625,7.8424444
4890,LKA,2,2075,168502.625,20974.076171875,7.954453
4891,LKA,2,2080,176174.3671875,20568.134765625,8.757101
4892,LKA,2,2085,179971.765625,20104.44140625,8.851625
4893,LKA,2,2090,188052.40625,19719.296875,9.388116
4894,LKA,2,2095,201698.75,19294.802734375,10.611686
4895,LKA,2,2100,209640.03125,18767.361328125,11.343908
4896,LSO,0,2020,2157.203857421875,2254.10009765625,0.95701337
4897,LSO,0,2025,2716.417724609375,2352.06298828125,1.1589888
4898,LSO,0,2030,3372.43408203125,2442.125,1.3763522
4899,LSO,0,2035,3854.8173828125,2527.662841796875,1.5311569
4900,LSO,0,2040,4810.44384765625,2614.11328125,1.8478465
4901,LSO,0,2045,5667.5888671875,2697.038330078125,2.078744
4902,LSO,0,2050,7051.46142578125,2762.65380859375,2.650197
4903,LSO,0,2055,8487.880859375,2814.969482421875,2.9617121
4904,LSO,0,2060,10321.921875,2862.262451171875,3.8166583
4905,LSO,0,2065,12338.6435546875,2885.9814453125,4.270287
4906,LSO,0,2070,14062.8896484375,2878.916259765625,4.6269073
4907,LSO,0,2075,16503.529296875,2896.57275390625,5.559485
4908,LSO,0,2080,18298.416015625,2876.885498046875,6.544929
4909,LSO,0,2085,19662.326171875,2860.69482421875,6.8359704
4910,LSO,0,2090,22557.099609375,2823.09765625,8.442355
4911,LSO,0,2095,25325.59375,2773.56884765625,9.621756
4912,LSO,0,2100,28557.9765625,2709.147216796875,10.8334875
4913,LSO,1,2020,2157.203857421875,2254.10009765625,0.95701337
4914,LSO,1,2025,2766.72265625,2344.69970703125,1.1919256
4915,LSO,1,2030,3616.79736328125,2431.6259765625,1.4963977
4916,LSO,1,2035,4389.0107421875,2499.220947265625,1.7366867
4917,LSO,1,2040,5758.29833984375,2593.086669921875,2.279766
4918,LSO,1,2045,7362.2392578125,2664.739990234375,2.8172596
4919,LSO,1,2050,9597.7568359375,2804.533447265625,3.6169953
4920,LSO,1,2055,11995.6552734375,2872.9794921875,4.336769
4921,LSO,1,2060,15217.404296875,2881.18994140625,5.644769
4922,LSO,1,2065,20609.53515625,2914.078857421875,6.872015
4923,LSO,1,2070,25903.99609375,2916.133056640625,8.65382
4924,LSO,1,2075,30890.623046875,2901.703857421875,10.455733
4925,LSO,1,2080,34853.0625,2853.128662109375,12.1932125
4926,LSO,1,2085,45886.90234375,2805.283203125,15.726938
4927,LSO,1,2090,51494.1484375,2760.678955078125,17.894243
4928,LSO,1,2095,61281.92578125,2741.3310546875,22.003105
4929,LSO,1,2100,72607.6875,2697.731689453125,27.39188
4930,LSO,2,2020,2157.203857421875,2254.10009765625,0.95701337
4931,LSO,2,2025,2546.0380859375,2350.57421875,1.0816453
4932,LSO,2,2030,2848.40771484375,2442.498046875,1.1499012
4933,LSO,2,2035,3074.4365234375,2531.595703125,1.1950256
4934,LSO,2,2040,3473.83837890625,2616.7607421875,1.3281318
4935,LSO,2,2045,4087.655029296875,2700.18017578125,1.4979382
4936,LSO,2,2050,4770.31640625,2763.72265625,1.7260025
4937,LSO,2,2055,5229.15869140625,2818.614990234375,1.8466152
4938,LSO,2,2060,5565.8125,2865.51025390625,1.9459691
4939,LSO,2,2065,6110.6376953125,2891.771484375,2.115131
4940,LSO,2,2070,6775.759765625,2898.6259765625,2.360013
4941,LSO,2,2075,7570.833984375,2907.816162109375,2.5656476
4942,LSO,2,2080,8347.640625,2888.678466796875,2.8168488
4943,LSO,2,2085,9126.1044921875,2860.69482421875,3.31457
4944,LSO,2,2090,9917.9560546875,2829.40185546875,3.517354
4945,LSO,2,2095,10852.7978515625,2783.040283203125,4.0827284
4946,LSO,2,2100,11861.71875,2716.1611328125,4.2855086
4947,LTU,0,2020,48856.62890625,2794.885009765625,17.48073
4948,LTU,0,2025,50360.72265625,2598.900390625,19.374311
4949,LTU,0,2030,54049.10546875,2416.768798828125,22.547453
4950,LTU,0,2035,55081.6640625,2243.381591796875,24.717165
4951,LTU,0,2040,58898.0703125,2089.170654296875,28.07151
4952,LTU,0,2045,61974.2890625,1953.0716552734375,31.995653
4953,LTU,0,2050,67762.046875,1831.2281494140625,37.31588
4954,LTU,0,2055,71086.265625,1727.5565185546875,41.604683
4955,LTU,0,2060,73614.765625,1637.09765625,44.31827
4956,LTU,0,2065,79193.1328125,1554.2476806640625,51.387154
4957,LTU,0,2070,84192.6640625,1481.236328125,57.72299
4958,LTU,0,2075,88928.21875,1417.5428466796875,63.16142
4959,LTU,0,2080,94385.4921875,1361.2042236328125,68.59828
4960,LTU,0,2085,102528.734375,1314.176513671875,80.00445
4961,LTU,0,2090,108149.1484375,1276.3629150390625,84.86324
4962,LTU,0,2095,115529.5390625,1245.4554443359375,95.5274
4963,LTU,0,2100,118340.375,1208.75537109375,101.495674
4964,LTU,1,2020,48856.62890625,2794.885009765625,17.48073
4965,LTU,1,2025,53368.09765625,2605.367919921875,20.614254
4966,LTU,1,2030,59492.65625,2429.584716796875,24.440065
4967,LTU,1,2035,65341.76171875,2266.030517578125,29.061155
4968,LTU,1,2040,72706.375,2114.42138671875,33.916306
4969,LTU,1,2045,73083.8515625,1983.572998046875,36.50618
4970,LTU,1,2050,93818.0,1871.490234375,52.44205
4971,LTU,1,2055,112646.7890625,1769.541259765625,65.27003
4972,LTU,1,2060,124925.0234375,1669.4000244140625,80.649925
4973,LTU,1,2065,149368.328125,1587.5181884765625,95.10399
4974,LTU,1,2070,167059.5625,1514.9658203125,116.4017
4975,LTU,1,2075,194667.390625,1453.6468505859375,132.87108
4976,LTU,1,2080,216881.859375,1403.14697265625,153.0049
4977,LTU,1,2085,245980.203125,1365.194091796875,183.92528
4978,LTU,1,2090,270647.15625,1314.062744140625,211.37535
4979,LTU,1,2095,301267.375,1281.289306640625,246.20186
4980,LTU,1,2100,338316.09375,1265.8956298828125,284.119
4981,LTU,2,2020,48856.62890625,2794.885009765625,17.48073
4982,LTU,2,2025,49761.52734375,2598.7900390625,19.218908
4983,LTU,2,2030,47800.99609375,2417.000244140625,19.847105
4984,LTU,2,2035,46482.435546875,2243.40234375,20.652744
4985,LTU,2,2040,44302.55859375,2091.1572265625,20.661585
4986,LTU,2,2045,44321.310546875,1957.3411865234375,22.562426
4987,LTU,2,2050,44528.021484375,1843.0531005859375,24.478819
4988,LTU,2,2055,43627.291015625,1739.9329833984375,24.79963
4989,LTU,2,2060,44766.1328125,1646.755859375,27.194399
4990,LTU,2,2065,45057.064453125,1560.50048828125,29.52952
4991,LTU,2,2070,44567.689453125,1485.41015625,31.068115
4992,LTU,2,2075,45188.91015625,1426.594482421875,31.219404
4993,LTU,2,2080,45709.560546875,1367.2364501953125,33.606674
4994,LTU,2,2085,47173.93359375,1318.421875,35.313717
4995,LTU,2,2090,47959.435546875,1280.6124267578125,37.957207
4996,LTU,2,2095,48938.193359375,1253.2396240234375,39.768417
4997,LTU,2,2100,49948.82421875,1221.29638671875,41.73325
4998,LUX,0,2020,66843.6015625,630.4190063476562,106.03044
4999,LUX,0,2025,81040.25,689.11865234375,117.51236
5000,LUX,0,2030,100520.09375,745.8914184570312,135.34856
5001,LUX,0,2035,119949.5234375,803.9924926757812,148.9116
5002,LUX,0,2040,143789.40625,853.2103881835938,167.31432
5003,LUX,0,2045,165872.171875,899.340087890625,181.5896
5004,LUX,0,2050,193431.859375,933.9170532226562,212.75417
5005,LUX,0,2055,225217.0625,961.2344360351562,234.61269
5006,LUX,0,2060,256533.28125,981.905517578125,267.76007
5007,LUX,0,2065,287401.9375,996.7626953125,288.35132
5008,LUX,0,2070,313849.03125,1009.0347290039062,309.21945
5009,LUX,0,2075,352558.0,1016.0933227539062,344.9914
5010,LUX,0,2080,386298.28125,1006.603515625,387.92084
5011,LUX,0,2085,420421.1875,1005.5376586914062,427.25714
5012,LUX,0,2090,443360.53125,997.8515625,437.22256
5013,LUX,0,2095,480456.84375,994.1055297851562,484.20987
5014,LUX,0,2100,513555.40625,984.0530395507812,532.21924
5015,LUX,1,2020,66843.6015625,630.4190063476562,106.03044
5016,LUX,1,2025,81444.7734375,688.3969116210938,116.65544
5017,LUX,1,2030,105091.296875,749.4270629882812,140.88416
5018,LUX,1,2035,134268.5625,808.9234008789062,172.02345
5019,LUX,1,2040,167525.65625,873.4480590820312,201.13438
5020,LUX,1,2045,215284.203125,922.470947265625,247.58817
5021,LUX,1,2050,277680.3125,964.9146728515625,288.73935
5022,LUX,1,2055,336806.71875,997.1912841796875,376.1928
5023,LUX,1,2060,370762.53125,1052.6441650390625,362.76126
5024,LUX,1,2065,469865.5,1067.1180419921875,542.5655
5025,LUX,1,2070,574719.6875,1076.83447265625,612.642
5026,LUX,1,2075,681045.9375,1077.71044921875,710.0891
5027,LUX,1,2080,796375.5,1071.6842041015625,781.83734
5028,LUX,1,2085,962053.5,1076.0272216796875,832.5418
5029,LUX,1,2090,1161238.0,1101.1116943359375,1131.5206
5030,LUX,1,2095,1339835.625,1117.2919921875,1297.1635
5031,LUX,1,2100,1501653.75,1105.0672607421875,1519.3942
5032,LUX,2,2020,66843.6015625,630.4190063476562,106.03044
5033,LUX,2,2025,77788.15234375,689.3018798828125,112.76357
5034,LUX,2,2030,88193.15625,747.0625,117.88876
5035,LUX,2,2035,98541.23828125,807.2757568359375,121.95751
5036,LUX,2,2040,107072.046875,860.5056762695312,125.662384
5037,LUX,2,2045,118692.18359375,904.332275390625,132.56982
5038,LUX,2,2050,127256.046875,943.6612548828125,133.38939
5039,LUX,2,2055,139500.0625,972.0746459960938,145.9355
5040,LUX,2,2060,149506.953125,984.5621337890625,151.09677
5041,LUX,2,2065,161936.234375,1003.571044921875,155.6366
5042,LUX,2,2070,170369.1875,1023.0416870117188,165.57614
5043,LUX,2,2075,180401.171875,1026.00634765625,171.63155
5044,LUX,2,2080,187404.640625,1032.304931640625,174.58997
5045,LUX,2,2085,193825.6328125,1024.288330078125,192.12393
5046,LUX,2,2090,203276.65625,1022.8011474609375,197.42838
5047,LUX,2,2095,207272.96875,1015.70751953125,204.38
5048,LUX,2,2100,211864.7890625,1001.48388671875,204.77533
5049,LVA,0,2020,29493.748046875,1900.448974609375,15.519358
5050,LVA,0,2025,32611.947265625,1795.6119384765625,18.058764
5051,LVA,0,2030,34465.69140625,1693.26806640625,20.38234
5052,LVA,0,2035,36409.25390625,1597.4471435546875,22.751999
5053,LVA,0,2040,39502.84375,1512.5950927734375,25.89686
5054,LVA,0,2045,44231.48046875,1439.2415771484375,31.205078
5055,LVA,0,2050,47727.57421875,1371.1248779296875,33.951725
5056,LVA,0,2055,50007.3828125,1310.2381591796875,38.10914
5057,LVA,0,2060,53795.21875,1256.693115234375,41.826447
5058,LVA,0,2065,58054.0234375,1205.8072509765625,47.46863
5059,LVA,0,2070,62281.078125,1164.8892822265625,49.543068
5060,LVA,0,2075,69051.5703125,1126.565673828125,59.084904
5061,LVA,0,2080,76511.265625,1095.3785400390625,65.077896
5062,LVA,0,2085,86962.0,1062.9591064453125,80.896194
5063,LVA,0,2090,92560.9921875,1035.769287109375,89.87298
5064,LVA,0,2095,96517.0,1005.1791381835938,97.6995
5065,LVA,0,2100,104030.1484375,975.0823364257812,102.45434
5066,LVA,1,2020,29493.748046875,1900.448974609375,15.519358
5067,LVA,1,2025,34141.03515625,1803.943359375,18.970715
5068,LVA,1,2030,36877.984375,1713.1632080078125,22.084742
5069,LVA,1,2035,40420.55078125,1615.1561279296875,24.842432
5070,LVA,1,2040,45234.65234375,1551.7308349609375,28.865604
5071,LVA,1,2045,56779.35546875,1476.8614501953125,39.00199
5072,LVA,1,2050,67472.6015625,1444.794189453125,49.745724
5073,LVA,1,2055,73176.8828125,1389.4315185546875,51.86424
5074,LVA,1,2060,88762.5546875,1343.81494140625,68.69408
5075,LVA,1,2065,100338.84375,1282.9439697265625,85.51459
5076,LVA,1,2070,122043.7421875,1242.327880859375,97.739876
5077,LVA,1,2075,139473.734375,1190.6666259765625,115.79564
5078,LVA,1,2080,169808.890625,1163.79345703125,142.81291
5079,LVA,1,2085,180140.890625,1126.625732421875,157.25961
5080,LVA,1,2090,213780.03125,1085.5142822265625,196.79771
5081,LVA,1,2095,267756.34375,1057.2825927734375,253.24704
5082,LVA,1,2100,281607.96875,1016.9668579101562,319.3423
5083,LVA,2,2020,29493.748046875,1900.448974609375,15.519358
5084,LVA,2,2025,30965.07421875,1796.296875,17.274
5085,LVA,2,2030,30325.3271484375,1698.24658203125,17.85106
5086,LVA,2,2035,30928.802734375,1601.7264404296875,19.36221
5087,LVA,2,2040,31464.759765625,1513.404052734375,20.737871
5088,LVA,2,2045,31974.6767578125,1441.3045654296875,22.4713
5089,LVA,2,2050,31717.2490234375,1381.574462890625,22.140036
5090,LVA,2,2055,33030.5234375,1316.4337158203125,24.998528
5091,LVA,2,2060,32898.9296875,1264.8565673828125,25.739292
5092,LVA,2,2065,34502.322265625,1213.1436767578125,27.924145
5093,LVA,2,2070,34830.298828125,1172.828125,30.483187
5094,LVA,2,2075,37525.28515625,1131.371826171875,34.494118
5095,LVA,2,2080,36446.029296875,1101.00439453125,33.289413
5096,LVA,2,2085,37994.67578125,1073.631103515625,35.983746
5097,LVA,2,2090,38394.44921875,1042.6951904296875,38.90844
5098,LVA,2,2095,40583.55078125,1010.4093017578125,40.45227
5099,LVA,2,2100,41592.8515625,978.2666625976562,43.705017
5100,MAC,0,2020,23585.7578125,676.2830200195312,34.875572
5101,MAC,0,2025,27475.263671875,711.1380615234375,38.290527
5102,MAC,0,2030,31830.38671875,745.9218139648438,42.219353
5103,MAC,0,2035,36313.20703125,776.6094970703125,46.31004
5104,MAC,0,2040,42240.53515625,799.7703247070312,53.773384
5105,MAC,0,2045,47330.9453125,818.075927734375,59.194885
5106,MAC,0,2050,53683.6015625,836.67236328125,63.186363
5107,MAC,0,2055,60667.1015625,847.8368530273438,71.0288
5108,MAC,0,2060,70424.3984375,861.73193359375,82.75709
5109,MAC,0,2065,76106.8515625,875.2548828125,84.47581
5110,MAC,0,2070,83007.1328125,874.7677001953125,92.12693
5111,MAC,0,2075,90243.0234375,891.6826782226562,101.71548
5112,MAC,0,2080,95972.7578125,891.3986206054688,109.38653
5113,MAC,0,2085,107599.3671875,901.1715698242188,115.76678
5114,MAC,0,2090,117494.0,911.2825317382812,128.51138
5115,MAC,0,2095,126726.2578125,919.857177734375,135.64232
5116,MAC,0,2100,145224.21875,939.5701293945312,164.48982
5117,MAC,1,2020,23585.7578125,676.2830200195312,34.875572
5118,MAC,1,2025,30022.8203125,717.2095336914062,41.803616
5119,MAC,1,2030,38093.0859375,747.9737548828125,53.31305
5120,MAC,1,2035,46584.23046875,786.1687622070312,63.23961
5121,MAC,1,2040,53865.4453125,807.6442260742188,66.92064
5122,MAC,1,2045,61555.39453125,814.0682373046875,70.43764
5123,MAC,1,2050,74543.8828125,851.77099609375,85.97039
5124,MAC,1,2055,88877.421875,871.7686157226562,92.58776
5125,MAC,1,2060,108310.1171875,883.6966552734375,116.54153
5126,MAC,1,2065,145200.859375,859.2268676757812,177.51901
5127,MAC,1,2070,162167.375,867.3478393554688,182.0794
5128,MAC,1,2075,220781.0625,905.6908569335938,243.8311
5129,MAC,1,2080,246962.171875,914.2528076171875,264.68906
5130,MAC,1,2085,295684.90625,905.248046875,350.74225
5131,MAC,1,2090,348897.28125,939.0004272460938,424.13904
5132,MAC,1,2095,347886.5625,957.820068359375,400.71826
5133,MAC,1,2100,392815.96875,968.387939453125,436.32687
5134,MAC,2,2020,23585.7578125,676.2830200195312,34.875572
5135,MAC,2,2025,25512.365234375,712.1595458984375,35.967667
5136,MAC,2,2030,27808.6015625,745.7509155273438,37.265114
5137,MAC,2,2035,29237.3134765625,776.9642944335938,38.04595
5138,MAC,2,2040,31169.4287109375,801.56396484375,39.445435
5139,MAC,2,2045,32197.431640625,822.5393676757812,40.11918
5140,MAC,2,2050,32361.142578125,838.5521240234375,39.44867
5141,MAC,2,2055,32562.84375,855.661376953125,39.70119
5142,MAC,2,2060,33226.02734375,859.7544555664062,38.8168
5143,MAC,2,2065,34455.83984375,865.291015625,40.93616
5144,MAC,2,2070,36057.169921875,873.9844970703125,41.31754
5145,MAC,2,2075,37695.982421875,889.7552490234375,43.61827
5146,MAC,2,2080,39740.287109375,894.1768188476562,45.288727
5147,MAC,2,2085,42681.861328125,897.8674926757812,49.14161
5148,MAC,2,2090,43921.1171875,911.3944091796875,48.658504
5149,MAC,2,2095,45344.00390625,916.68359375,49.95196
5150,MAC,2,2100,48448.5625,930.6184692382812,54.59914
5151,MAR,0,2020,116327.7265625,36688.7734375,3.1706626
5152,MAR,0,2025,136083.640625,38571.4765625,3.5292823
5153,MAR,0,2030,166888.171875,40159.78515625,4.147481
5154,MAR,0,2035,192688.359375,41406.046875,4.661514
5155,MAR,0,2040,232242.625,42497.45703125,5.4282517
5156,MAR,0,2045,266771.4375,43288.82421875,6.2377143
5157,MAR,0,2050,312391.03125,43899.5625,7.082697
5158,MAR,0,2055,373912.03125,44299.03125,8.608494
5159,MAR,0,2060,434067.71875,44547.49609375,10.160547
5160,MAR,0,2065,461748.0625,44482.69140625,10.629412
5161,MAR,0,2070,511919.0,44349.8984375,11.570126
5162,MAR,0,2075,625784.875,43801.40234375,14.664962
5163,MAR,0,2080,651887.25,43278.671875,14.992698
5164,MAR,0,2085,723967.625,42551.98828125,16.883198
5165,MAR,0,2090,809632.8125,41919.7890625,20.165318
5166,MAR,0,2095,858243.125,41173.234375,21.303802
5167,MAR,0,2100,929834.3125,40211.8046875,23.50606
5168,MAR,1,2020,116327.7265625,36688.7734375,3.1706626
5169,MAR,1,2025,147129.671875,38603.25,3.8146555
5170,MAR,1,2030,191595.15625,40207.3125,4.7850847
5171,MAR,1,2035,244765.0625,41484.58984375,5.808852
5172,MAR,1,2040,282008.59375,42479.29296875,6.528641
5173,MAR,1,2045,359849.09375,43259.125,8.613098
5174,MAR,1,2050,454183.53125,44025.4765625,10.6019125
5175,MAR,1,2055,608381.75,44624.5390625,13.871303
5176,MAR,1,2060,753033.0625,44860.73828125,16.551292
5177,MAR,1,2065,959881.25,45057.8515625,21.802011
5178,MAR,1,2070,1153172.5,44674.42578125,26.088224
5179,MAR,1,2075,1404074.0,44247.41015625,30.520296
5180,MAR,1,2080,1407999.875,43805.1875,31.16414
5181,MAR,1,2085,1672055.5,43127.57421875,38.53359
5182,MAR,1,2090,1978741.875,42680.6328125,43.016094
5183,MAR,1,2095,2372916.5,42124.99609375,50.496727
5184,MAR,1,2100,2445791.0,41042.47265625,58.795914
5185,MAR,2,2020,116327.7265625,36688.7734375,3.1706626
5186,MAR,2,2025,135195.3515625,38580.1875,3.501061
5187,MAR,2,2030,147307.609375,40165.71875,3.657883
5188,MAR,2,2035,164835.609375,41405.9765625,3.9979455
5189,MAR,2,2040,182341.3828125,42514.5703125,4.28942
5190,MAR,2,2045,205767.7734375,43322.4453125,4.7205544
5191,MAR,2,2050,226167.6484375,43908.890625,5.068774
5192,MAR,2,2055,241148.6953125,44323.15625,5.369172
5193,MAR,2,2060,266619.46875,44594.6328125,5.9629426
5194,MAR,2,2065,289425.390625,44509.55078125,6.5120645
5195,MAR,2,2070,299213.71875,44390.29296875,6.76802
5196,MAR,2,2075,307476.71875,43820.2734375,6.8440113
5197,MAR,2,2080,312233.59375,43231.51171875,7.016254
5198,MAR,2,2085,328501.640625,42551.98828125,7.5420094
5199,MAR,2,2090,341534.828125,41944.28125,8.055831
5200,MAR,2,2095,361959.09375,41167.494140625,8.862486
5201,MAR,2,2100,381910.4375,40196.61328125,9.465633
5202,MDA,0,2020,8517.9423828125,2635.1298828125,3.2324562
5203,MDA,0,2025,9474.8974609375,2596.499267578125,3.629652
5204,MDA,0,2030,10413.65234375,2536.449462890625,4.0970597
5205,MDA,0,2035,11562.4814453125,2465.62158203125,4.788442
5206,MDA,0,2040,14175.1796875,2380.381103515625,6.07227
5207,MDA,0,2045,14703.4501953125,2291.06396484375,6.5243163
5208,MDA,0,2050,14214.15625,2203.530029296875,6.4944615
5209,MDA,0,2055,16888.65625,2111.59130859375,7.944006
5210,MDA,0,2060,18268.8984375,2019.7579345703125,9.2966585
5211,MDA,0,2065,18697.75,1925.12646484375,9.899998
5212,MDA,0,2070,20190.1171875,1832.81884765625,10.88707
5213,MDA,0,2075,20968.7421875,1744.047607421875,11.398862
5214,MDA,0,2080,21787.935546875,1658.904296875,12.553571
5215,MDA,0,2085,22412.13671875,1586.6676025390625,14.298689
5216,MDA,0,2090,24559.580078125,1527.731201171875,15.600697
5217,MDA,0,2095,27422.416015625,1479.3824462890625,17.721663
5218,MDA,0,2100,28192.79296875,1433.6700439453125,20.667614
5219,MDA,1,2020,8517.9423828125,2635.1298828125,3.2324562
5220,MDA,1,2025,10548.4794921875,2592.999267578125,4.0959787
5221,MDA,1,2030,10839.5224609375,2542.125244140625,4.264159
5222,MDA,1,2035,12123.21875,2477.3623046875,4.6554165
5223,MDA,1,2040,12372.287109375,2396.2548828125,4.998559
5224,MDA,1,2045,14146.0693359375,2308.44580078125,5.9048295
5225,MDA,1,2050,18960.619140625,2223.2958984375,8.187622
5226,MDA,1,2055,22402.330078125,2152.580810546875,10.692407
5227,MDA,1,2060,26062.376953125,2056.5078125,13.405326
5228,MDA,1,2065,38822.75,1978.3358154296875,19.233467
5229,MDA,1,2070,43489.5703125,1879.8206787109375,23.018742
5230,MDA,1,2075,48691.55859375,1800.1640625,26.297293
5231,MDA,1,2080,52642.48828125,1735.6522216796875,31.711285
5232,MDA,1,2085,63580.453125,1670.565673828125,41.25671
5233,MDA,1,2090,72557.75,1615.2205810546875,49.97412
5234,MDA,1,2095,93107.4140625,1575.5101318359375,58.307816
5235,MDA,1,2100,111986.328125,1544.08984375,76.52311
5236,MDA,2,2020,8517.9423828125,2635.1298828125,3.2324562
5237,MDA,2,2025,9020.513671875,2596.51611328125,3.4739017
5238,MDA,2,2030,9475.21484375,2537.537353515625,3.7421064
5239,MDA,2,2035,9030.794921875,2465.660888671875,3.6635964
5240,MDA,2,2040,9115.23046875,2382.556884765625,3.7883453
5241,MDA,2,2045,8799.744140625,2296.3046875,3.769897
5242,MDA,2,2050,8318.96875,2204.37646484375,3.7669582
5243,MDA,2,2055,8716.083984375,2110.83984375,4.0867405
5244,MDA,2,2060,9077.615234375,2019.430419921875,4.65367
5245,MDA,2,2065,9620.85546875,1923.6240234375,5.065345
5246,MDA,2,2070,9303.828125,1829.31298828125,4.967531
5247,MDA,2,2075,9134.75390625,1733.539794921875,5.323618
5248,MDA,2,2080,8784.78515625,1652.3800048828125,5.303809
5249,MDA,2,2085,9219.9384765625,1578.5133056640625,5.8683453
5250,MDA,2,2090,9874.697265625,1524.101318359375,6.865317
5251,MDA,2,2095,10099.806640625,1471.9622802734375,6.9000654
5252,MDA,2,2100,10400.671875,1427.86865234375,7.5878367
5253,MDG,0,2020,12410.7158203125,28225.177734375,0.43970373
5254,MDG,0,2025,16904.7890625,32095.5234375,0.5281082
5255,MDG,0,2030,23639.30078125,36211.83984375,0.64915663
5256,MDG,0,2035,30874.8359375,40551.49609375,0.77084905
5257,MDG,0,2040,40973.0546875,45025.98828125,0.92302
5258,MDG,0,2045,54906.71484375,49639.875,1.1249394
5259,MDG,0,2050,72481.0546875,54394.890625,1.3177298
5260,MDG,0,2055,93843.5546875,59168.68359375,1.5613102
5261,MDG,0,2060,116264.9609375,64207.60546875,1.7899114
5262,MDG,0,2065,146050.765625,68964.3359375,2.0904067
5263,MDG,0,2070,186757.625,73742.5625,2.5522153
5264,MDG,0,2075,239117.75,78609.3671875,3.151462
5265,MDG,0,2080,269651.84375,82977.5390625,3.3563654
5266,MDG,0,2085,336613.8125,87594.7109375,3.8632193
5267,MDG,0,2090,400319.84375,92079.765625,4.292776
5268,MDG,0,2095,482270.34375,95980.5234375,5.169562
5269,MDG,0,2100,564979.0,99535.4765625,5.983144
5270,MDG,1,2020,12410.7158203125,28225.177734375,0.43970373
5271,MDG,1,2025,17538.197265625,32173.08984375,0.5426819
5272,MDG,1,2030,24270.671875,36346.84375,0.6656178
5273,MDG,1,2035,35386.3125,40752.48046875,0.85769147
5274,MDG,1,2040,50491.33203125,45369.03125,1.1302028
5275,MDG,1,2045,70427.890625,49882.16796875,1.3898189
5276,MDG,1,2050,93902.96875,54774.2421875,1.7272453
5277,MDG,1,2055,123160.046875,59781.66796875,2.049807
5278,MDG,1,2060,155353.40625,65111.53515625,2.314692
5279,MDG,1,2065,225845.734375,70705.125,2.9324837
5280,MDG,1,2070,343822.21875,75738.125,4.563104
5281,MDG,1,2075,456730.59375,80149.28125,5.791668
5282,MDG,1,2080,571181.125,85383.7890625,7.398803
5283,MDG,1,2085,736730.1875,90220.5234375,7.99347
5284,MDG,1,2090,978881.75,94972.40625,11.049202
5285,MDG,1,2095,1278638.125,99759.2265625,14.942089
5286,MDG,1,2100,1562657.125,103663.859375,17.506577
5287,MDG,2,2020,12410.7158203125,28225.177734375,0.43970373
5288,MDG,2,2025,15994.6015625,32095.099609375,0.49709308
5289,MDG,2,2030,19957.21484375,36216.5,0.54961973
5290,MDG,2,2035,24474.775390625,40559.779296875,0.5998871
5291,MDG,2,2040,30785.5224609375,45025.18359375,0.68384326
5292,MDG,2,2045,38590.11328125,49611.53125,0.77413416
5293,MDG,2,2050,45434.255859375,54337.4140625,0.8268877
5294,MDG,2,2055,55224.734375,59124.5625,0.9369145
5295,MDG,2,2060,67069.55078125,64107.19921875,1.088742
5296,MDG,2,2065,75697.93359375,68937.09375,1.1140317
5297,MDG,2,2070,90056.99609375,73742.5625,1.2260561
5298,MDG,2,2075,106454.64453125,78540.640625,1.3708234
5299,MDG,2,2080,124018.1796875,82953.8984375,1.490107
5300,MDG,2,2085,136700.46875,87240.6640625,1.5405717
5301,MDG,2,2090,156936.8203125,91749.921875,1.662244
5302,MDG,2,2095,182925.1171875,95592.7265625,1.8957741
5303,MDG,2,2100,199931.703125,98852.8515625,2.0986278
5304,MDV,0,2020,3735.421142578125,514.43798828125,7.261169
5305,MDV,0,2025,4757.28662109375,588.2532958984375,8.084164
5306,MDV,0,2030,6024.7490234375,654.8768920898438,9.205877
5307,MDV,0,2035,6939.31640625,713.0333862304688,10.041855
5308,MDV,0,2040,8649.9248046875,759.8192138671875,11.746906
5309,MDV,0,2045,10211.3740234375,799.7761840820312,13.105198
5310,MDV,0,2050,12160.4287109375,829.106201171875,15.064753
5311,MDV,0,2055,14140.328125,853.870849609375,17.055517
5312,MDV,0,2060,16945.626953125,871.3558959960938,19.79127
5313,MDV,0,2065,19994.37109375,875.2216186523438,23.335379
5314,MDV,0,2070,20759.216796875,877.6265258789062,24.15488
5315,MDV,0,2075,22929.974609375,886.3937377929688,26.667973
5316,MDV,0,2080,25769.962890625,879.1851196289062,29.977427
5317,MDV,0,2085,27702.603515625,866.8800048828125,31.401659
5318,MDV,0,2090,28735.646484375,856.564453125,33.416492
5319,MDV,0,2095,31088.58984375,845.9282836914062,36.313263
5320,MDV,0,2100,34901.8671875,840.0465698242188,39.74725
5321,MDV,1,2020,3735.421142578125,514.43798828125,7.261169
5322,MDV,1,2025,5226.51318359375,592.150146484375,8.90172
5323,MDV,1,2030,6283.896484375,667.314453125,9.551995
5324,MDV,1,2035,8309.0205078125,723.0875244140625,11.600861
5325,MDV,1,2040,10891.3720703125,772.4496459960938,14.521209
5326,MDV,1,2045,11846.6220703125,814.3634033203125,15.289919
5327,MDV,1,2050,16096.994140625,846.6282348632812,19.36799
5328,MDV,1,2055,19634.53125,877.809326171875,22.704739
5329,MDV,1,2060,25293.453125,908.90087890625,26.360725
5330,MDV,1,2065,33764.6875,921.2962646484375,37.345463
5331,MDV,1,2070,42044.03125,959.2386474609375,49.68212
5332,MDV,1,2075,53836.47265625,973.353759765625,56.83202
5333,MDV,1,2080,59356.80078125,952.710693359375,58.09519
5334,MDV,1,2085,77823.609375,975.7741088867188,75.17746
5335,MDV,1,2090,88845.84375,951.14990234375,100.78154
5336,MDV,1,2095,91230.640625,925.4668579101562,117.05655
5337,MDV,1,2100,105124.96875,930.3194580078125,133.71175
5338,MDV,2,2020,3735.421142578125,514.43798828125,7.261169
5339,MDV,2,2025,4478.35302734375,589.2379150390625,7.6081195
5340,MDV,2,2030,5325.6513671875,656.7842407226562,8.199841
5341,MDV,2,2035,5844.05322265625,715.7510986328125,8.457603
5342,MDV,2,2040,6823.076171875,762.3056030273438,9.296224
5343,MDV,2,2045,7274.5380859375,802.2518920898438,9.181367
5344,MDV,2,2050,7516.869140625,833.3947143554688,9.1733885
5345,MDV,2,2055,8096.03662109375,857.4829711914062,9.643763
5346,MDV,2,2060,8612.7880859375,876.7308959960938,9.909832
5347,MDV,2,2065,9377.837890625,888.7035522460938,10.453657
5348,MDV,2,2070,9610.98046875,889.2096557617188,11.0076685
5349,MDV,2,2075,10326.96484375,890.6883544921875,11.084762
5350,MDV,2,2080,10781.158203125,889.15283203125,12.039444
5351,MDV,2,2085,11572.3828125,877.0610961914062,13.353807
5352,MDV,2,2090,12137.25,870.8890991210938,13.730685
5353,MDV,2,2095,12151.775390625,855.6917724609375,14.585091
5354,MDV,2,2100,12909.796875,846.9935913085938,14.927625
5355,MEX,0,2020,1184282.375,125998.3046875,9.399193
5356,MEX,0,2025,1414014.125,132034.015625,10.723077
5357,MEX,0,2030,1636328.375,137092.953125,11.895471
5358,MEX,0,2035,1975680.25,141473.515625,13.938416
5359,MEX,0,2040,2229530.75,144705.359375,15.466287
5360,MEX,0,2045,2611111.5,146949.796875,17.561575
5361,MEX,0,2050,2991389.25,148828.859375,20.208925
5362,MEX,0,2055,3402330.75,149829.0,22.702732
5363,MEX,0,2060,3846497.0,149713.78125,25.555464
5364,MEX,0,2065,4351842.0,149025.78125,29.593536
5365,MEX,0,2070,4822971.0,147721.6875,32.22968
5366,MEX,0,2075,5423458.5,146171.25,37.891617
5367,MEX,0,2080,5820924.5,144643.828125,40.299942
5368,MEX,0,2085,6287120.0,142387.421875,44.20515
5369,MEX,0,2090,6589955.0,139248.96875,49.589638
5370,MEX,0,2095,7109704.5,136185.390625,54.61524
5371,MEX,0,2100,7490677.0,133202.71875,62.11281
5372,MEX,1,2020,1184282.375,125998.3046875,9.399193
5373,MEX,1,2025,1469321.25,132102.5625,11.094952
5374,MEX,1,2030,1848505.5,137010.34375,13.311939
5375,MEX,1,2035,2359416.75,141781.1875,17.070696
5376,MEX,1,2040,2918421.75,144887.0,20.074608
5377,MEX,1,2045,3421138.5,147034.75,23.394669
5378,MEX,1,2050,4508697.0,149001.421875,30.106983
5379,MEX,1,2055,5596345.5,150033.90625,40.215916
5380,MEX,1,2060,6506252.5,150457.515625,46.82703
5381,MEX,1,2065,8206958.5,150463.484375,60.726624
5382,MEX,1,2070,9676902.0,149851.484375,68.29485
5383,MEX,1,2075,11271062.0,147625.578125,77.89429
5384,MEX,1,2080,13480072.0,144619.40625,89.862206
5385,MEX,1,2085,15942011.0,142059.859375,115.840195
5386,MEX,1,2090,17828276.0,140270.6875,144.47115
5387,MEX,1,2095,19278734.0,137392.453125,146.32632
5388,MEX,1,2100,21738476.0,134442.6875,172.20006
5389,MEX,2,2020,1184282.375,125998.3046875,9.399193
5390,MEX,2,2025,1325477.0,132041.890625,10.026625
5391,MEX,2,2030,1493400.0,137093.484375,10.875736
5392,MEX,2,2035,1560068.8125,141372.8125,11.044138
5393,MEX,2,2040,1721269.9375,144613.546875,11.834931
5394,MEX,2,2045,1890659.0,146835.5625,12.867306
5395,MEX,2,2050,2104135.625,148644.046875,14.042285
5396,MEX,2,2055,2182932.5,149527.375,14.816418
5397,MEX,2,2060,2315790.625,149343.875,15.656239
5398,MEX,2,2065,2424941.5,148298.53125,16.359991
5399,MEX,2,2070,2541130.875,147337.6796875,17.298647
5400,MEX,2,2075,2621151.125,145982.984375,18.291576
5401,MEX,2,2080,2714809.125,143847.203125,18.980698
5402,MEX,2,2085,2838052.375,141666.140625,20.459833
5403,MEX,2,2090,2904005.625,138143.71875,20.688494
5404,MEX,2,2095,3038622.125,134553.796875,22.853313
5405,MEX,2,2100,3127653.5,131671.9375,23.121464
5406,MKD,0,2020,10643.9482421875,2072.531005859375,5.1357245
5407,MKD,0,2025,11912.869140625,2049.62744140625,5.7667894
5408,MKD,0,2030,13087.3583984375,2004.6370849609375,6.509406
5409,MKD,0,2035,14611.9072265625,1947.31640625,7.6078744
5410,MKD,0,2040,17783.748046875,1883.5281982421875,9.647619
5411,MKD,0,2045,18412.611328125,1808.95654296875,10.36583
5412,MKD,0,2050,17768.458984375,1736.0391845703125,10.318397
5413,MKD,0,2055,21182.060546875,1657.880126953125,12.621432
5414,MKD,0,2060,22923.693359375,1581.37646484375,14.770526
5415,MKD,0,2065,23438.263671875,1503.3145751953125,15.729111
5416,MKD,0,2070,25253.4765625,1427.9818115234375,17.29737
5417,MKD,0,2075,25629.328125,1353.1041259765625,18.110504
5418,MKD,0,2080,27135.654296875,1279.951171875,19.945107
5419,MKD,0,2085,27280.244140625,1225.208251953125,22.717749
5420,MKD,0,2090,29825.689453125,1171.52734375,24.786377
5421,MKD,0,2095,33407.77734375,1121.758056640625,28.156168
5422,MKD,0,2100,34281.43359375,1069.9002685546875,32.836697
5423,MKD,1,2020,10643.9482421875,2072.531005859375,5.1357245
5424,MKD,1,2025,13281.7626953125,2051.85888671875,6.507689
5425,MKD,1,2030,13840.0625,2007.7449951171875,6.7748938
5426,MKD,1,2035,15465.03125,1951.01904296875,7.396523
5427,MKD,1,2040,15724.2265625,1888.7786865234375,7.9417076
5428,MKD,1,2045,17610.296875,1809.641845703125,9.38159
5429,MKD,1,2050,23970.80078125,1756.031494140625,13.00849
5430,MKD,1,2055,28315.728515625,1704.66064453125,16.98809
5431,MKD,1,2060,33524.8359375,1629.3173828125,21.298376
5432,MKD,1,2065,50877.23046875,1540.8927001953125,30.55812
5433,MKD,1,2070,53368.91015625,1453.4169921875,36.572166
5434,MKD,1,2075,63311.359375,1392.0115966796875,41.781124
5435,MKD,1,2080,69376.46875,1324.1031494140625,50.38287
5436,MKD,1,2085,82920.3125,1249.511474609375,65.54864
5437,MKD,1,2090,96270.7421875,1188.001953125,79.39886
5438,MKD,1,2095,111979.390625,1142.4859619140625,92.63943
5439,MKD,1,2100,132749.359375,1096.7652587890625,121.57987
5440,MKD,2,2020,10643.9482421875,2072.531005859375,5.1357245
5441,MKD,2,2025,11296.87109375,2049.62744140625,5.5193334
5442,MKD,2,2030,11897.2392578125,2005.5626220703125,5.9454565
5443,MKD,2,2035,11339.275390625,1946.1295166015625,5.82072
5444,MKD,2,2040,11408.236328125,1880.7254638671875,6.018921
5445,MKD,2,2045,11027.662109375,1806.8778076171875,5.98961
5446,MKD,2,2050,10458.63671875,1736.30810546875,5.9849415
5447,MKD,2,2055,10975.7587890625,1661.87255859375,6.493011
5448,MKD,2,2060,11433.291015625,1583.7357177734375,7.393748
5449,MKD,2,2065,12052.0146484375,1506.1746826171875,8.047817
5450,MKD,2,2070,11592.501953125,1432.7857666015625,7.8924108
5451,MKD,2,2075,11411.923828125,1357.980224609375,8.458161
5452,MKD,2,2080,10747.21875,1280.9046630859375,8.426689
5453,MKD,2,2085,11338.482421875,1221.68505859375,9.323624
5454,MKD,2,2090,12037.6005859375,1167.177978515625,10.907612
5455,MKD,2,2095,12344.884765625,1112.64208984375,10.96282
5456,MKD,2,2100,12596.8935546875,1062.5438232421875,12.055552
5457,MLI,0,2020,16044.744140625,21224.0390625,0.75597036
5458,MLI,0,2025,21891.447265625,24440.30078125,0.8994153
5459,MLI,0,2030,28612.71875,27916.88671875,1.0119627
5460,MLI,0,2035,38165.1171875,31529.728515625,1.2001736
5461,MLI,0,2040,50146.93359375,35303.70703125,1.4517922
5462,MLI,0,2045,67270.09375,39065.7890625,1.7201962
5463,MLI,0,2050,89254.40625,42710.01953125,2.114161
5464,MLI,0,2055,110695.296875,46630.3203125,2.4617658
5465,MLI,0,2060,144490.640625,50039.55859375,2.9972198
5466,MLI,0,2065,167655.84375,53208.16015625,3.1717103
5467,MLI,0,2070,198055.46875,56158.1640625,3.4412909
5468,MLI,0,2075,240057.25,59068.10546875,4.130367
5469,MLI,0,2080,272596.4375,61847.765625,4.596929
5470,MLI,0,2085,324727.9375,64307.84765625,5.4715686
5471,MLI,0,2090,375028.375,65895.4453125,5.9489617
5472,MLI,0,2095,456041.59375,67721.25,6.8605065
5473,MLI,0,2100,501498.84375,68510.2578125,7.1949763
5474,MLI,1,2020,16044.744140625,21224.0390625,0.75597036
5475,MLI,1,2025,23431.6015625,24476.279296875,0.9644612
5476,MLI,1,2030,31527.380859375,27915.34375,1.1376265
5477,MLI,1,2035,43858.6640625,31398.9375,1.3725598
5478,MLI,1,2040,66816.8125,35061.5078125,1.8296278
5479,MLI,1,2045,91828.953125,38681.08984375,2.4246323
5480,MLI,1,2050,131068.390625,42176.2890625,3.0446072
5481,MLI,1,2055,181833.6875,46216.45703125,3.825447
5482,MLI,1,2060,258889.4375,49687.49609375,5.3437862
5483,MLI,1,2065,336114.625,52895.55859375,6.982026
5484,MLI,1,2070,428104.90625,55969.44140625,8.116082
5485,MLI,1,2075,539927.4375,58424.109375,8.690023
5486,MLI,1,2080,676005.125,61008.625,11.439061
5487,MLI,1,2085,826101.625,63221.9765625,13.654484
5488,MLI,1,2090,1044277.5625,64896.8125,15.827904
5489,MLI,1,2095,1196601.0,66854.6640625,18.596973
5490,MLI,1,2100,1428521.375,67610.2421875,21.676329
5491,MLI,2,2020,16044.744140625,21224.0390625,0.75597036
5492,MLI,2,2025,20412.9873046875,24450.072265625,0.8354356
5493,MLI,2,2030,24221.08984375,27933.49609375,0.8659185
5494,MLI,2,2035,28773.134765625,31529.728515625,0.9111849
5495,MLI,2,2040,35988.40234375,35232.95703125,1.021924
5496,MLI,2,2045,42890.767578125,38933.505859375,1.0881056
5497,MLI,2,2050,51753.666015625,42567.7890625,1.1785227
5498,MLI,2,2055,59088.8984375,46454.76171875,1.2582368
5499,MLI,2,2060,67581.8828125,49942.98046875,1.3272965
5500,MLI,2,2065,79631.19921875,53181.96484375,1.5591373
5501,MLI,2,2070,89067.12890625,56167.734375,1.6316284
5502,MLI,2,2075,99799.76171875,58905.02734375,1.7224953
5503,MLI,2,2080,107087.74609375,61672.20703125,1.7082543
5504,MLI,2,2085,123036.34375,63873.29296875,2.0222106
5505,MLI,2,2090,143257.796875,65492.04296875,2.2173452
5506,MLI,2,2095,158460.09375,67156.125,2.4204383
5507,MLI,2,2100,173228.2734375,67922.0703125,2.516691
5508,MLT,0,2020,13620.3251953125,515.3319702148438,26.430197
5509,MLT,0,2025,15272.8076171875,520.17236328125,29.488832
5510,MLT,0,2030,17046.6171875,520.6549682617188,32.850983
5511,MLT,0,2035,18955.494140625,517.9920654296875,36.644657
5512,MLT,0,2040,21661.35546875,510.5029602050781,42.57997
5513,MLT,0,2045,23432.89453125,501.4870910644531,47.13753
5514,MLT,0,2050,26070.6875,491.59173583984375,53.0265
5515,MLT,0,2055,29420.724609375,484.45123291015625,61.50935
5516,MLT,0,2060,32774.53125,476.8607177734375,67.4657
5517,MLT,0,2065,36489.796875,468.8046875,80.52349
5518,MLT,0,2070,37424.8984375,455.3070068359375,81.92977
5519,MLT,0,2075,39582.48046875,442.4434814453125,84.55905
5520,MLT,0,2080,40637.0234375,431.4054870605469,93.85601
5521,MLT,0,2085,45005.84375,421.2772521972656,107.13562
5522,MLT,0,2090,46045.30078125,409.37701416015625,110.564415
5523,MLT,0,2095,49287.0625,403.5526428222656,121.194984
5524,MLT,0,2100,50827.9140625,394.9644775390625,125.0696
5525,MLT,1,2020,13620.3251953125,515.3319702148438,26.430197
5526,MLT,1,2025,15683.880859375,521.4855346679688,30.185686
5527,MLT,1,2030,18763.404296875,523.3121948242188,35.635384
5528,MLT,1,2035,22556.1328125,518.0590209960938,43.575153
5529,MLT,1,2040,25505.89453125,512.7354125976562,49.15913
5530,MLT,1,2045,29076.759765625,507.966552734375,54.250362
5531,MLT,1,2050,37417.8828125,503.81402587890625,75.40881
5532,MLT,1,2055,47573.76171875,494.5852355957031,103.46038
5533,MLT,1,2060,51225.59765625,487.5582275390625,98.878685
5534,MLT,1,2065,64406.01171875,478.1092224121094,141.16138
5535,MLT,1,2070,78961.546875,468.8448791503906,184.3297
5536,MLT,1,2075,93899.03125,453.6247863769531,217.27155
5537,MLT,1,2080,103421.6484375,443.6067810058594,242.49225
5538,MLT,1,2085,115663.8046875,431.635009765625,280.03333
5539,MLT,1,2090,132588.984375,424.2912902832031,333.4453
5540,MLT,1,2095,140849.25,419.83642578125,358.8684
5541,MLT,1,2100,160039.28125,413.4950256347656,457.33075
5542,MLT,2,2020,13620.3251953125,515.3319702148438,26.430197
5543,MLT,2,2025,14833.95361328125,520.0820922851562,28.49767
5544,MLT,2,2030,15046.76220703125,520.6453247070312,28.932203
5545,MLT,2,2035,15934.37890625,516.6703491210938,30.846134
5546,MLT,2,2040,16659.68359375,510.4080810546875,33.27098
5547,MLT,2,2045,17291.3330078125,501.36895751953125,33.93275
5548,MLT,2,2050,17646.8916015625,491.1333923339844,36.141674
5549,MLT,2,2055,18008.8359375,484.3073425292969,37.474762
5550,MLT,2,2060,18751.828125,476.8607177734375,39.220066
5551,MLT,2,2065,19219.330078125,468.273193359375,41.244263
5552,MLT,2,2070,19321.6044921875,454.9475402832031,41.426186
5553,MLT,2,2075,19775.8505859375,442.325927734375,44.263577
5554,MLT,2,2080,20267.2373046875,431.0885925292969,46.25395
5555,MLT,2,2085,21394.119140625,421.2623291015625,49.15509
5556,MLT,2,2090,21900.5576171875,411.0765075683594,52.07539
5557,MLT,2,2095,22675.3515625,403.8823547363281,54.575584
5558,MLT,2,2100,23243.9853515625,396.45721435546875,58.332336
5559,MMR,0,2020,70133.9375,53423.19921875,1.3127993
5560,MMR,0,2025,80906.0078125,54980.234375,1.4620931
5561,MMR,0,2030,91315.6484375,56209.3046875,1.6239686
5562,MMR,0,2035,107260.3828125,57051.01953125,1.9013491
5563,MMR,0,2040,126938.375,57536.62890625,2.212984
5564,MMR,0,2045,152849.125,57781.83203125,2.665417
5565,MMR,0,2050,173819.609375,57772.57421875,3.0058038
5566,MMR,0,2055,195445.359375,57420.140625,3.3628585
5567,MMR,0,2060,221871.75,56863.8125,3.8556666
5568,MMR,0,2065,251592.859375,56144.28125,4.544163
5569,MMR,0,2070,289479.5625,55350.04296875,5.2697835
5570,MMR,0,2075,325872.21875,54409.71484375,5.899492
5571,MMR,0,2080,361806.5,53460.33984375,6.940455
5572,MMR,0,2085,383291.0625,52281.90625,7.468989
5573,MMR,0,2090,433411.625,51079.6953125,8.851886
5574,MMR,0,2095,476195.09375,49878.78125,9.768274
5575,MMR,0,2100,506146.90625,48601.80078125,10.35733
5576,MMR,1,2020,70133.9375,53423.19921875,1.3127993
5577,MMR,1,2025,84954.109375,54942.73828125,1.5299617
5578,MMR,1,2030,108165.9921875,56225.9609375,1.9298099
5579,MMR,1,2035,132299.109375,57181.84765625,2.2596233
5580,MMR,1,2040,171776.546875,57565.0234375,3.0212424
5581,MMR,1,2045,203911.65625,57695.41796875,3.6115923
5582,MMR,1,2050,286122.0,58028.78515625,4.986248
5583,MMR,1,2055,330321.53125,57665.94140625,5.9158964
5584,MMR,1,2060,377802.03125,56905.1640625,6.1089897
5585,MMR,1,2065,539314.4375,56122.1953125,10.150968
5586,MMR,1,2070,680343.625,55237.1484375,12.425489
5587,MMR,1,2075,824581.9375,54194.83203125,15.377448
5588,MMR,1,2080,978401.5625,53197.00390625,18.681437
5589,MMR,1,2085,1063958.5,52118.95703125,19.556862
5590,MMR,1,2090,1209164.125,51275.078125,23.520311
5591,MMR,1,2095,1443493.125,50202.4921875,28.852152
5592,MMR,1,2100,1595658.0,48618.484375,35.7176
5593,MMR,2,2020,70133.9375,53423.19921875,1.3127993
5594,MMR,2,2025,80222.00390625,54957.3828125,1.4587777
5595,MMR,2,2030,86167.78125,56129.8515625,1.5441091
5596,MMR,2,2035,88084.3046875,57006.38671875,1.5355693
5597,MMR,2,2040,98476.0078125,57429.2265625,1.7027274
5598,MMR,2,2045,104973.96484375,57641.0546875,1.8438526
5599,MMR,2,2050,114397.4296875,57462.09765625,2.0037189
5600,MMR,2,2055,122623.95703125,57110.28125,2.1387491
5601,MMR,2,2060,131206.46875,56370.6484375,2.337417
5602,MMR,2,2065,135883.296875,55785.59765625,2.5370748
5603,MMR,2,2070,139266.734375,54816.0859375,2.5582857
5604,MMR,2,2075,146996.34375,53753.12890625,2.826521
5605,MMR,2,2080,152768.5703125,52756.16015625,2.9932644
5606,MMR,2,2085,175046.109375,51547.29296875,3.5863097
5607,MMR,2,2090,173673.59375,50351.16796875,3.5439243
5608,MMR,2,2095,183704.2421875,49274.037109375,3.8162546
5609,MMR,2,2100,184979.078125,48267.46484375,3.8357837
5610,MNE,0,2020,4102.873046875,621.3060302734375,6.6036267
5611,MNE,0,2025,4536.5830078125,617.1026611328125,7.349039
5612,MNE,0,2030,5640.515625,608.7101440429688,9.142428
5613,MNE,0,2035,5898.62353515625,596.1924438476562,10.004934
5614,MNE,0,2040,6837.97607421875,580.6617431640625,12.136339
5615,MNE,0,2045,7360.00830078125,564.2734375,13.51359
5616,MNE,0,2050,8023.5732421875,546.871826171875,14.398718
5617,MNE,0,2055,8802.3173828125,529.3939819335938,15.62092
5618,MNE,0,2060,10286.384765625,510.462646484375,20.236519
5619,MNE,0,2065,11144.77734375,490.80694580078125,23.558979
5620,MNE,0,2070,11885.4990234375,471.2296447753906,24.490992
5621,MNE,0,2075,13395.9697265625,453.3777160644531,29.474962
5622,MNE,0,2080,13120.4267578125,437.5182800292969,29.203817
5623,MNE,0,2085,13863.2392578125,417.9021301269531,32.376015
5624,MNE,0,2090,15827.021484375,402.3500671386719,39.629017
5625,MNE,0,2095,16022.5556640625,389.8838806152344,43.314262
5626,MNE,0,2100,17378.841796875,371.5353088378906,46.923725
5627,MNE,1,2020,4102.873046875,621.3060302734375,6.6036267
5628,MNE,1,2025,5041.27001953125,615.711669921875,8.24398
5629,MNE,1,2030,6308.1650390625,607.2330322265625,10.485099
5630,MNE,1,2035,7613.796875,595.4615478515625,12.719593
5631,MNE,1,2040,8651.9208984375,579.7369384765625,15.1233635
5632,MNE,1,2045,9090.921875,561.14208984375,16.6153
5633,MNE,1,2050,10606.3359375,542.6560668945312,19.905115
5634,MNE,1,2055,10073.6904296875,518.4144897460938,18.08045
5635,MNE,1,2060,11746.6953125,497.497314453125,24.290462
5636,MNE,1,2065,14473.2158203125,476.44989013671875,31.751705
5637,MNE,1,2070,16794.18359375,455.7816162109375,38.82987
5638,MNE,1,2075,20689.779296875,438.9794921875,49.29897
5639,MNE,1,2080,25329.78125,421.02935791015625,63.27943
5640,MNE,1,2085,28222.26171875,406.7954406738281,71.39635
5641,MNE,1,2090,32293.603515625,380.31182861328125,83.191696
5642,MNE,1,2095,32631.091796875,362.4924011230469,92.120674
5643,MNE,1,2100,35132.01953125,349.2359619140625,120.2811
5644,MNE,2,2020,4102.873046875,621.3060302734375,6.6036267
5645,MNE,2,2025,4385.59326171875,616.7537231445312,7.09331
5646,MNE,2,2030,4892.8271484375,608.3784790039062,8.137556
5647,MNE,2,2035,5064.5498046875,595.536376953125,8.613169
5648,MNE,2,2040,5286.82373046875,580.19091796875,9.031852
5649,MNE,2,2045,5299.2900390625,564.5642700195312,9.16204
5650,MNE,2,2050,5538.91455078125,546.421875,10.240969
5651,MNE,2,2055,5539.763671875,530.7092895507812,10.453337
5652,MNE,2,2060,5498.55859375,510.462646484375,10.96245
5653,MNE,2,2065,5553.28759765625,490.80694580078125,11.347415
5654,MNE,2,2070,5619.34228515625,471.691650390625,11.602478
5655,MNE,2,2075,5574.7802734375,455.5445861816406,12.391875
5656,MNE,2,2080,5796.93603515625,437.68072509765625,13.073845
5657,MNE,2,2085,5703.14306640625,419.91094970703125,13.521978
5658,MNE,2,2090,6122.1904296875,403.4873962402344,14.619677
5659,MNE,2,2095,6580.302734375,391.738525390625,16.512487
5660,MNE,2,2100,6787.3232421875,377.14886474609375,18.678663
5661,MNG,0,2020,13711.4306640625,3294.3349609375,4.162124
5662,MNG,0,2025,16369.5400390625,3519.70068359375,4.6406307
5663,MNG,0,2030,19686.7890625,3709.81689453125,5.365986
5664,MNG,0,2035,23498.26953125,3880.81494140625,6.115994
5665,MNG,0,2040,27825.380859375,4032.97216796875,6.722638
5666,MNG,0,2045,32723.9296875,4190.642578125,7.8268023
5667,MNG,0,2050,36189.4375,4355.11328125,8.234053
5668,MNG,0,2055,44940.64453125,4492.7451171875,9.679117
5669,MNG,0,2060,54679.13671875,4600.04931640625,11.814911
5670,MNG,0,2065,64039.17578125,4693.61181640625,13.661314
5671,MNG,0,2070,73016.265625,4766.01904296875,15.307215
5672,MNG,0,2075,79253.015625,4839.96142578125,16.322775
5673,MNG,0,2080,82762.9453125,4895.841796875,16.771564
5674,MNG,0,2085,92627.0390625,4948.7724609375,18.090595
5675,MNG,0,2090,103554.8828125,5004.29638671875,20.160736
5676,MNG,0,2095,111685.6796875,5028.23974609375,22.012339
5677,MNG,0,2100,125999.6640625,5067.4013671875,22.921545
5678,MNG,1,2020,13711.4306640625,3294.3349609375,4.162124
5679,MNG,1,2025,15835.7001953125,3526.1142578125,4.5013757
5680,MNG,1,2030,19378.6484375,3715.70947265625,5.19381
5681,MNG,1,2035,27952.57421875,3902.967529296875,7.237963
5682,MNG,1,2040,32190.546875,4067.3134765625,7.6782002
5683,MNG,1,2045,41607.984375,4240.08251953125,9.937773
5684,MNG,1,2050,47751.0859375,4400.74658203125,10.997332
5685,MNG,1,2055,54529.3515625,4569.4677734375,11.299735
5686,MNG,1,2060,68680.34375,4676.74462890625,14.557476
5687,MNG,1,2065,99550.65625,4758.89306640625,21.3966
5688,MNG,1,2070,120135.6484375,4843.705078125,24.306992
5689,MNG,1,2075,132439.890625,4930.06689453125,25.112543
5690,MNG,1,2080,182762.25,4991.29638671875,38.90617
5691,MNG,1,2085,250194.40625,5073.990234375,50.613064
5692,MNG,1,2090,298537.40625,5124.80712890625,59.55812
5693,MNG,1,2095,353586.5,5172.24267578125,69.13261
5694,MNG,1,2100,366533.40625,5144.68798828125,76.252106
5695,MNG,2,2020,13711.4306640625,3294.3349609375,4.162124
5696,MNG,2,2025,15812.8955078125,3521.567626953125,4.4837728
5697,MNG,2,2030,17595.9296875,3711.1796875,4.7314777
5698,MNG,2,2035,18756.84375,3883.04345703125,4.800169
5699,MNG,2,2040,20741.5693359375,4036.9599609375,5.159238
5700,MNG,2,2045,23022.8369140625,4193.75244140625,5.499333
5701,MNG,2,2050,25910.1064453125,4352.94580078125,5.873133
5702,MNG,2,2055,29100.00390625,4487.19189453125,6.568323
5703,MNG,2,2060,32154.06640625,4593.17822265625,6.896049
5704,MNG,2,2065,34290.23828125,4683.275390625,7.392613
5705,MNG,2,2070,36189.0078125,4759.55419921875,7.584661
5706,MNG,2,2075,39191.857421875,4821.689453125,8.196501
5707,MNG,2,2080,40671.341796875,4884.9287109375,8.278821
5708,MNG,2,2085,44644.34375,4944.572265625,8.687189
5709,MNG,2,2090,48796.0390625,4992.07763671875,9.837185
5710,MNG,2,2095,51837.2265625,5017.79931640625,10.159936
5711,MNG,2,2100,54781.16015625,5048.40185546875,10.843325
5712,MOZ,0,2020,18464.216796875,31178.23828125,0.5922149
5713,MOZ,0,2025,25899.953125,35882.1875,0.7240924
5714,MOZ,0,2030,35903.24609375,41016.3125,0.8722682
5715,MOZ,0,2035,46588.01953125,46454.46484375,0.9992135
5716,MOZ,0,2040,62008.71484375,52176.0859375,1.188363
5717,MOZ,0,2045,85269.34375,57922.515625,1.4914299
5718,MOZ,0,2050,110308.6640625,63532.2265625,1.7289106
5719,MOZ,0,2055,147596.890625,69650.0390625,2.185638
5720,MOZ,0,2060,189351.4375,75799.09375,2.4863575
5721,MOZ,0,2065,212063.078125,81901.890625,2.6504579
5722,MOZ,0,2070,261045.390625,87831.65625,3.1480832
5723,MOZ,0,2075,344085.53125,93179.1640625,3.859176
5724,MOZ,0,2080,400059.21875,97752.0,4.230595
5725,MOZ,0,2085,476973.90625,102103.984375,4.910662
5726,MOZ,0,2090,549188.0,107034.9140625,5.156322
5727,MOZ,0,2095,663616.0,111494.9375,5.841566
5728,MOZ,0,2100,786336.1875,115164.9453125,6.8173146
5729,MOZ,1,2020,18464.216796875,31178.23828125,0.5922149
5730,MOZ,1,2025,26119.478515625,35741.58984375,0.73376006
5731,MOZ,1,2030,38278.7265625,40745.98046875,0.9299408
5732,MOZ,1,2035,54796.40234375,46138.96484375,1.1490967
5733,MOZ,1,2040,75395.96875,52080.8515625,1.5028207
5734,MOZ,1,2045,101145.609375,59092.39453125,1.7491751
5735,MOZ,1,2050,147845.953125,64898.11328125,2.3994014
5736,MOZ,1,2055,206712.578125,70264.8359375,2.9315288
5737,MOZ,1,2060,280744.96875,76421.6171875,3.608582
5738,MOZ,1,2065,359671.875,83084.9765625,4.687077
5739,MOZ,1,2070,495358.5625,89123.7734375,5.3326783
5740,MOZ,1,2075,631813.875,96814.1953125,6.5250597
5741,MOZ,1,2080,806875.25,101113.875,8.034398
5742,MOZ,1,2085,1057500.0,106892.921875,10.127999
5743,MOZ,1,2090,1362069.625,115402.2265625,12.963922
5744,MOZ,1,2095,1627048.25,122580.484375,16.059652
5745,MOZ,1,2100,1964973.25,125526.1796875,18.58412
5746,MOZ,2,2020,18464.216796875,31178.23828125,0.5922149
5747,MOZ,2,2025,23464.70703125,35874.4140625,0.65572727
5748,MOZ,2,2030,28865.712890625,40942.974609375,0.7108625
5749,MOZ,2,2035,34636.3203125,46266.21484375,0.7574818
5750,MOZ,2,2040,42940.166015625,51964.6171875,0.82464683
5751,MOZ,2,2045,54572.810546875,57767.2109375,0.9599295
5752,MOZ,2,2050,66613.79296875,63417.859375,1.0697758
5753,MOZ,2,2055,76315.515625,69583.54296875,1.1008831
5754,MOZ,2,2060,91648.2109375,75623.984375,1.187382
5755,MOZ,2,2065,109716.91796875,81421.875,1.3572748
5756,MOZ,2,2070,123549.11328125,87508.375,1.3727919
5757,MOZ,2,2075,150015.484375,92820.6328125,1.6210004
5758,MOZ,2,2080,180682.0234375,97574.6953125,1.8654476
5759,MOZ,2,2085,210180.4375,101598.6484375,2.1039145
5760,MOZ,2,2090,237301.0390625,106326.4140625,2.2651632
5761,MOZ,2,2095,264264.796875,111275.48046875,2.4633257
5762,MOZ,2,2100,287760.6875,114655.765625,2.589938
5763,MRT,0,2020,7242.017578125,4498.60400390625,1.6098367
5764,MRT,0,2025,9845.6865234375,5110.4462890625,1.9279704
5765,MRT,0,2030,13108.7138671875,5748.92431640625,2.2740722
5766,MRT,0,2035,16623.689453125,6420.8876953125,2.5988646
5767,MRT,0,2040,20162.8203125,7118.05712890625,2.8306062
5768,MRT,0,2045,27115.048828125,7852.8076171875,3.4801996
5769,MRT,0,2050,34442.78515625,8557.3828125,4.057698
5770,MRT,0,2055,43525.6875,9273.0615234375,4.575047
5771,MRT,0,2060,56369.34375,10004.1337890625,5.5460033
5772,MRT,0,2065,71590.03125,10685.7783203125,6.7633376
5773,MRT,0,2070,87582.546875,11360.5029296875,7.7041397
5774,MRT,0,2075,108756.125,12070.701171875,9.134549
5775,MRT,0,2080,122403.1953125,12758.0302734375,9.58263
5776,MRT,0,2085,147845.984375,13355.3955078125,10.497474
5777,MRT,0,2090,164807.6875,14031.6357421875,11.748511
5778,MRT,0,2095,198971.875,14514.3173828125,11.845443
5779,MRT,0,2100,236161.03125,15086.0166015625,14.825622
5780,MRT,1,2020,7242.017578125,4498.60400390625,1.6098367
5781,MRT,1,2025,11518.6396484375,5111.06103515625,2.275117
5782,MRT,1,2030,13355.345703125,5751.26318359375,2.3048766
5783,MRT,1,2035,18520.880859375,6420.19140625,2.8348067
5784,MRT,1,2040,28713.998046875,7119.8447265625,4.152907
5785,MRT,1,2045,36637.17578125,7863.599609375,4.502995
5786,MRT,1,2050,57037.51953125,8666.244140625,6.404079
5787,MRT,1,2055,77156.796875,9427.4990234375,8.870944
5788,MRT,1,2060,112006.1328125,10159.861328125,10.452009
5789,MRT,1,2065,159839.0625,10915.1181640625,14.522537
5790,MRT,1,2070,205948.515625,11683.853515625,19.152893
5791,MRT,1,2075,254921.484375,12397.431640625,20.167013
5792,MRT,1,2080,353705.15625,13149.9375,28.53996
5793,MRT,1,2085,461474.90625,13896.2861328125,36.33626
5794,MRT,1,2090,571420.25,14569.2021484375,45.731194
5795,MRT,1,2095,690534.8125,15227.2470703125,49.640686
5796,MRT,1,2100,715072.3125,16096.15625,44.20817
5797,MRT,2,2020,7242.017578125,4498.60400390625,1.6098367
5798,MRT,2,2025,9331.3251953125,5111.00146484375,1.8223093
5799,MRT,2,2030,11171.70458984375,5749.82666015625,1.9348892
5800,MRT,2,2035,13827.55224609375,6419.2490234375,2.1270182
5801,MRT,2,2040,17037.53515625,7108.53515625,2.3709674
5802,MRT,2,2045,20658.005859375,7833.79345703125,2.6656733
5803,MRT,2,2050,23962.1796875,8542.9013671875,2.8021803
5804,MRT,2,2055,28439.1025390625,9251.9140625,3.0536325
5805,MRT,2,2060,33800.19921875,9983.951171875,3.3880675
5806,MRT,2,2065,40759.5859375,10666.2041015625,3.8301494
5807,MRT,2,2070,46163.791015625,11390.55859375,4.1168528
5808,MRT,2,2075,52105.056640625,12056.8642578125,4.321162
5809,MRT,2,2080,59421.349609375,12772.2919921875,4.6374464
5810,MRT,2,2085,67375.2890625,13450.0234375,4.967677
5811,MRT,2,2090,76486.21875,14054.0771484375,5.5184054
5812,MRT,2,2095,86007.26171875,14566.525390625,6.111628
5813,MRT,2,2100,92273.40625,15111.7060546875,5.9564357
5814,MUS,0,2020,12013.7900390625,1266.0140380859375,9.48946
5815,MUS,0,2025,13384.59375,1260.032958984375,10.608204
5816,MUS,0,2030,15376.0185546875,1242.8887939453125,12.419292
5817,MUS,0,2035,17111.3203125,1217.2901611328125,14.081959
5818,MUS,0,2040,18821.255859375,1184.3826904296875,15.87005
5819,MUS,0,2045,20521.5234375,1143.3663330078125,18.07149
5820,MUS,0,2050,22588.4375,1101.1783447265625,20.7659
5821,MUS,0,2055,24877.12109375,1056.4385986328125,23.60843
5822,MUS,0,2060,26941.6953125,1012.1187133789062,26.433998
5823,MUS,0,2065,29331.30859375,964.7098388671875,30.710165
5824,MUS,0,2070,32569.8125,919.6100463867188,34.43431
5825,MUS,0,2075,34817.23046875,869.8734130859375,39.512318
5826,MUS,0,2080,37264.15234375,828.1116333007812,43.58809
5827,MUS,0,2085,39350.265625,784.744384765625,48.86563
5828,MUS,0,2090,41488.36328125,743.1719970703125,53.699615
5829,MUS,0,2095,43130.4140625,702.8755493164062,60.975212
5830,MUS,0,2100,45354.484375,667.8234252929688,66.26665
5831,MUS,1,2020,12013.7900390625,1266.0140380859375,9.48946
5832,MUS,1,2025,15313.1103515625,1261.68798828125,12.127153
5833,MUS,1,2030,18520.23046875,1249.6016845703125,14.930575
5834,MUS,1,2035,25298.974609375,1219.2027587890625,20.97233
5835,MUS,1,2040,26914.755859375,1192.766357421875,22.47242
5836,MUS,1,2045,31824.85546875,1155.4580078125,27.204477
5837,MUS,1,2050,39398.625,1119.1861572265625,34.85349
5838,MUS,1,2055,46133.0234375,1082.7095947265625,43.6733
5839,MUS,1,2060,57521.93359375,1036.9295654296875,54.10466
5840,MUS,1,2065,65845.03125,989.62744140625,61.563053
5841,MUS,1,2070,74611.1875,945.0575561523438,77.046036
5842,MUS,1,2075,86638.4453125,899.4503173828125,94.11327
5843,MUS,1,2080,101695.1953125,855.8978271484375,115.13601
5844,MUS,1,2085,113554.5703125,812.5390014648438,132.2836
5845,MUS,1,2090,125050.5625,770.9056396484375,163.13579
5846,MUS,1,2095,149012.59375,736.6714477539062,203.34654
5847,MUS,1,2100,152873.15625,703.37939453125,237.61375
5848,MUS,2,2020,12013.7900390625,1266.0140380859375,9.48946
5849,MUS,2,2025,13092.73046875,1260.2239990234375,10.445793
5850,MUS,2,2030,13886.52685546875,1244.4794921875,11.185269
5851,MUS,2,2035,14537.39501953125,1219.2108154296875,11.759853
5852,MUS,2,2040,15275.94677734375,1185.5263671875,12.835327
5853,MUS,2,2045,16302.67578125,1143.96337890625,14.306884
5854,MUS,2,2050,16510.451171875,1101.6187744140625,14.990098
5855,MUS,2,2055,16557.013671875,1055.9052734375,15.808629
5856,MUS,2,2060,17115.9873046875,1011.8154296875,17.259089
5857,MUS,2,2065,17837.669921875,965.470458984375,18.628353
5858,MUS,2,2070,17612.224609375,920.43994140625,18.616827
5859,MUS,2,2075,18203.7578125,873.9508056640625,20.725029
5860,MUS,2,2080,18536.0888671875,831.0097045898438,22.011759
5861,MUS,2,2085,18911.0771484375,786.012451171875,23.491259
5862,MUS,2,2090,19183.2041015625,745.2174072265625,24.838406
5863,MUS,2,2095,19231.6904296875,706.933837890625,26.25765
5864,MUS,2,2100,18667.30078125,670.02587890625,27.085276
5865,MWI,0,2020,11052.5185546875,19377.060546875,0.5703919
5866,MWI,0,2025,14467.46875,22156.408203125,0.65904343
5867,MWI,0,2030,20185.169921875,25163.44140625,0.7948675
5868,MWI,0,2035,25501.22265625,28385.19140625,0.9078572
5869,MWI,0,2040,34186.59765625,31690.416015625,1.0758988
5870,MWI,0,2045,43902.1171875,35008.40234375,1.2620559
5871,MWI,0,2050,55187.38671875,38494.97265625,1.4705014
5872,MWI,0,2055,70124.765625,42101.69140625,1.7127364
5873,MWI,0,2060,91403.21875,45452.58203125,1.9917467
5874,MWI,0,2065,116581.8515625,48918.625,2.5278993
5875,MWI,0,2070,147279.359375,52209.04296875,2.9100447
5876,MWI,0,2075,182017.6875,55525.8203125,3.188815
5877,MWI,0,2080,218392.421875,58651.72265625,4.0293007
5878,MWI,0,2085,265131.5625,60894.98828125,4.6323223
5879,MWI,0,2090,296539.40625,63111.7890625,4.814372
5880,MWI,0,2095,342828.53125,65275.3671875,5.1663666
5881,MWI,0,2100,403306.53125,66788.7890625,6.178978
5882,MWI,1,2020,11052.5185546875,19377.060546875,0.5703919
5883,MWI,1,2025,15054.7080078125,22083.09765625,0.68572927
5884,MWI,1,2030,20751.78125,25106.701171875,0.8290531
5885,MWI,1,2035,29816.30859375,28626.921875,1.0101528
5886,MWI,1,2040,43271.625,31960.5859375,1.4177135
5887,MWI,1,2045,61556.7421875,35035.109375,1.8928682
5888,MWI,1,2050,83547.375,38458.13671875,2.0883718
5889,MWI,1,2055,101857.28125,42108.29296875,2.295181
5890,MWI,1,2060,142883.6875,45839.9375,2.9168253
5891,MWI,1,2065,193642.203125,49377.88671875,3.6597884
5892,MWI,1,2070,302119.03125,52129.25,6.364344
5893,MWI,1,2075,426253.5625,56857.29296875,7.6016507
5894,MWI,1,2080,490188.375,59113.7109375,9.346997
5895,MWI,1,2085,623876.0,62149.4375,12.145774
5896,MWI,1,2090,787031.3125,65540.1171875,12.480069
5897,MWI,1,2095,996860.1875,68659.484375,15.49291
5898,MWI,1,2100,1109640.375,70800.5078125,17.555187
5899,MWI,2,2020,11052.5185546875,19377.060546875,0.5703919
5900,MWI,2,2025,14008.0009765625,22168.46875,0.6293654
5901,MWI,2,2030,17378.7763671875,25131.1015625,0.6890773
5902,MWI,2,2035,21059.5859375,28383.884765625,0.74081826
5903,MWI,2,2040,25812.6240234375,31721.66015625,0.81658465
5904,MWI,2,2045,31658.7373046875,35028.8671875,0.91593695
5905,MWI,2,2050,38046.212890625,38524.0546875,0.9915977
5906,MWI,2,2055,46483.27734375,42022.1953125,1.1194751
5907,MWI,2,2060,54620.025390625,45320.00390625,1.1807348
5908,MWI,2,2065,63868.7734375,48894.859375,1.3199337
5909,MWI,2,2070,72594.01953125,52069.703125,1.3756119
5910,MWI,2,2075,85879.35546875,54906.80078125,1.6138488
5911,MWI,2,2080,99580.05078125,58085.640625,1.8005805
5912,MWI,2,2085,113586.02734375,60598.80078125,1.9576163
5913,MWI,2,2090,131955.5234375,63414.5625,2.1389616
5914,MWI,2,2095,150340.3359375,65787.3125,2.3837268
5915,MWI,2,2100,163899.9140625,67152.6015625,2.5883725
5916,MYS,0,2020,349366.90625,33199.9921875,10.523102
5917,MYS,0,2025,405673.09375,35188.9765625,11.488026
5918,MYS,0,2030,491651.5625,36919.82421875,13.259416
5919,MYS,0,2035,567431.5625,38403.9296875,14.632674
5920,MYS,0,2040,653242.1875,39443.70703125,16.61257
5921,MYS,0,2045,735365.125,40272.265625,18.19945
5922,MYS,0,2050,864226.875,41033.34375,21.335045
5923,MYS,0,2055,984814.375,41608.9609375,24.12368
5924,MYS,0,2060,1097683.875,42101.42578125,26.093573
5925,MYS,0,2065,1280516.875,42354.80859375,30.22552
5926,MYS,0,2070,1390759.875,42348.69140625,33.119526
5927,MYS,0,2075,1464048.5,42189.59765625,35.19655
5928,MYS,0,2080,1601506.25,41853.4296875,38.34679
5929,MYS,0,2085,1798153.5,41419.8046875,44.309486
5930,MYS,0,2090,1848967.75,40985.97265625,42.84248
5931,MYS,0,2095,2043001.5,40660.83203125,50.26451
5932,MYS,0,2100,2221421.5,40069.2421875,55.25576
5933,MYS,1,2020,349366.90625,33199.9921875,10.523102
5934,MYS,1,2025,450659.65625,35169.98828125,12.770854
5935,MYS,1,2030,523944.375,36884.13671875,13.798275
5936,MYS,1,2035,692350.9375,38184.55859375,18.428404
5937,MYS,1,2040,835525.625,39443.70703125,22.132534
5938,MYS,1,2045,931216.3125,40288.24609375,24.046534
5939,MYS,1,2050,1169629.75,41023.1171875,27.68466
5940,MYS,1,2055,1362982.5,41602.33203125,32.171066
5941,MYS,1,2060,1563750.125,42294.32421875,36.640793
5942,MYS,1,2065,2227796.0,42880.22265625,52.06815
5943,MYS,1,2070,2717885.5,42740.52734375,66.67096
5944,MYS,1,2075,3544950.0,42268.328125,84.31931
5945,MYS,1,2080,3953267.5,41981.12890625,101.04771
5946,MYS,1,2085,4673500.5,41419.8046875,117.68991
5947,MYS,1,2090,5261398.5,40892.33203125,134.50488
5948,MYS,1,2095,5574427.5,40968.67578125,147.63547
5949,MYS,1,2100,6186348.0,40338.78125,163.54912
5950,MYS,2,2020,349366.90625,33199.9921875,10.523102
5951,MYS,2,2025,398595.109375,35190.3515625,11.3403
5952,MYS,2,2030,429044.75,36951.9765625,11.543236
5953,MYS,2,2035,453065.0,38414.61328125,11.816534
5954,MYS,2,2040,487606.203125,39533.30078125,12.174206
5955,MYS,2,2045,513893.0625,40438.33203125,12.666758
5956,MYS,2,2050,527523.1875,41111.255859375,12.80118
5957,MYS,2,2055,560337.625,41809.5703125,13.479745
5958,MYS,2,2060,585166.8125,42168.330078125,13.7020445
5959,MYS,2,2065,627291.34375,42496.671875,14.994112
5960,MYS,2,2070,646176.25,42392.4140625,15.147536
5961,MYS,2,2075,669542.0,42217.3515625,16.036657
5962,MYS,2,2080,693067.46875,41901.1640625,16.325293
5963,MYS,2,2085,745160.5,41406.30859375,17.982258
5964,MYS,2,2090,780025.46875,40973.6015625,18.946428
5965,MYS,2,2095,776920.25,40392.4765625,19.449282
5966,MYS,2,2100,805551.3125,39875.05859375,19.930437
5967,NAM,0,2020,10474.916015625,2489.097900390625,4.208318
5968,NAM,0,2025,12800.2412109375,2720.8203125,4.7044506
5969,NAM,0,2030,16167.6962890625,2951.4150390625,5.507619
5970,NAM,0,2035,19721.6171875,3176.968994140625,6.2449665
5971,NAM,0,2040,23780.015625,3398.697021484375,7.0379367
5972,NAM,0,2045,28819.59375,3624.365234375,8.014215
5973,NAM,0,2050,34726.04296875,3834.11669921875,9.209113
5974,NAM,0,2055,41466.328125,4021.772705078125,10.469698
5975,NAM,0,2060,49200.3203125,4188.89794921875,11.722761
5976,NAM,0,2065,58513.91015625,4349.7880859375,13.619124
5977,NAM,0,2070,69181.015625,4492.13037109375,15.270683
5978,NAM,0,2075,81109.6015625,4585.0791015625,17.52264
5979,NAM,0,2080,92069.609375,4672.7568359375,19.330133
5980,NAM,0,2085,104669.4765625,4741.53564453125,21.670582
5981,NAM,0,2090,116675.0703125,4801.607421875,23.814322
5982,NAM,0,2095,130752.546875,4834.1650390625,27.040852
5983,NAM,0,2100,142665.171875,4822.7666015625,29.38746
5984,NAM,1,2020,10474.916015625,2489.097900390625,4.208318
5985,NAM,1,2025,14630.6796875,2707.209228515625,5.3780637
5986,NAM,1,2030,19372.8828125,2934.791015625,6.621305
5987,NAM,1,2035,28860.65625,3146.82275390625,9.300659
5988,NAM,1,2040,33955.8984375,3375.560791015625,9.965909
5989,NAM,1,2045,44789.0625,3592.773681640625,12.064447
5990,NAM,1,2050,59597.78515625,3783.2802734375,15.456575
5991,NAM,1,2055,75271.0390625,4011.54248046875,19.367924
5992,NAM,1,2060,100364.546875,4166.77001953125,23.993948
5993,NAM,1,2065,125049.5234375,4267.58251953125,27.301542
5994,NAM,1,2070,154176.890625,4418.22509765625,34.167828
5995,NAM,1,2075,193023.421875,4511.08447265625,41.736683
5996,NAM,1,2080,239346.90625,4570.1767578125,51.059696
5997,NAM,1,2085,291664.3125,4674.7724609375,58.66419
5998,NAM,1,2090,349966.28125,4724.74072265625,72.34629
5999,NAM,1,2095,457234.75,4781.54345703125,90.17867
6000,NAM,1,2100,468442.125,4817.17626953125,105.37525
6001,NAM,2,2020,10474.916015625,2489.097900390625,4.208318
6002,NAM,2,2025,12540.1240234375,2718.0107421875,4.632426
6003,NAM,2,2030,14588.19287109375,2946.28271484375,4.9603634
6004,NAM,2,2035,16756.7421875,3171.277099609375,5.2151756
6005,NAM,2,2040,19304.279296875,3390.695556640625,5.6921196
6006,NAM,2,2045,22758.271484375,3609.57421875,6.3447146
6007,NAM,2,2050,25303.373046875,3823.14453125,6.6477017
6008,NAM,2,2055,27637.2421875,4012.7216796875,7.010698
6009,NAM,2,2060,31165.2275390625,4178.68994140625,7.6539373
6010,NAM,2,2065,35182.439453125,4349.7880859375,8.261169
6011,NAM,2,2070,37643.19140625,4499.115234375,8.256057
6012,NAM,2,2075,41877.423828125,4592.171875,9.190989
6013,NAM,2,2080,45929.8671875,4677.47509765625,9.761618
6014,NAM,2,2085,49250.703125,4721.15966796875,10.417735
6015,NAM,2,2090,53819.060546875,4784.71875,11.015159
6016,NAM,2,2095,57046.064453125,4830.88916015625,11.644555
6017,NAM,2,2100,58312.3984375,4825.10205078125,12.011584
6018,NCL,0,2020,0.0,271.0799865722656,0.0
6019,NCL,0,2025,0.0,284.2535095214844,0.0
6020,NCL,0,2030,0.0,297.4036865234375,0.0
6021,NCL,0,2035,0.0,307.4637756347656,0.0
6022,NCL,0,2040,0.0,318.7012939453125,0.0
6023,NCL,0,2045,0.0,327.0428771972656,0.0
6024,NCL,0,2050,0.0,334.32330322265625,0.0
6025,NCL,0,2055,0.0,340.6249694824219,0.0
6026,NCL,0,2060,0.0,345.47308349609375,0.0
6027,NCL,0,2065,0.0,348.9493408203125,0.0
6028,NCL,0,2070,0.0,352.9778747558594,0.0
6029,NCL,0,2075,0.0,354.98260498046875,0.0
6030,NCL,0,2080,0.0,355.7490234375,0.0
6031,NCL,0,2085,0.0,358.0802001953125,0.0
6032,NCL,0,2090,0.0,358.7803649902344,0.0
6033,NCL,0,2095,0.0,358.743896484375,0.0
6034,NCL,0,2100,0.0,358.3458557128906,0.0
6035,NCL,1,2020,0.0,271.0799865722656,0.0
6036,NCL,1,2025,0.0,285.13372802734375,0.0
6037,NCL,1,2030,0.0,298.6336364746094,0.0
6038,NCL,1,2035,0.0,310.4716491699219,0.0
6039,NCL,1,2040,0.0,321.96661376953125,0.0
6040,NCL,1,2045,0.0,329.855712890625,0.0
6041,NCL,1,2050,0.0,336.45263671875,0.0
6042,NCL,1,2055,0.0,343.5317077636719,0.0
6043,NCL,1,2060,0.0,351.48138427734375,0.0
6044,NCL,1,2065,0.0,358.2410583496094,0.0
6045,NCL,1,2070,0.0,363.1829528808594,0.0
6046,NCL,1,2075,0.0,361.61407470703125,0.0
6047,NCL,1,2080,0.0,362.5163879394531,0.0
6048,NCL,1,2085,0.0,362.8101806640625,0.0
6049,NCL,1,2090,0.0,363.3664245605469,0.0
6050,NCL,1,2095,0.0,364.1830139160156,0.0
6051,NCL,1,2100,0.0,360.2705383300781,0.0
6052,NCL,2,2020,0.0,271.0799865722656,0.0
6053,NCL,2,2025,0.0,284.5013122558594,0.0
6054,NCL,2,2030,0.0,297.47320556640625,0.0
6055,NCL,2,2035,0.0,308.2952880859375,0.0
6056,NCL,2,2040,0.0,319.5010681152344,0.0
6057,NCL,2,2045,0.0,328.3226318359375,0.0
6058,NCL,2,2050,0.0,335.9163818359375,0.0
6059,NCL,2,2055,0.0,340.8392333984375,0.0
6060,NCL,2,2060,0.0,346.28338623046875,0.0
6061,NCL,2,2065,0.0,349.390380859375,0.0
6062,NCL,2,2070,0.0,352.9778747558594,0.0
6063,NCL,2,2075,0.0,355.2638244628906,0.0
6064,NCL,2,2080,0.0,356.73291015625,0.0
6065,NCL,2,2085,0.0,358.90130615234375,0.0
6066,NCL,2,2090,0.0,359.0257263183594,0.0
6067,NCL,2,2095,0.0,358.0811767578125,0.0
6068,NCL,2,2100,0.0,358.58929443359375,0.0
6069,NER,0,2020,12817.072265625,24333.638671875,0.5267224
6070,NER,0,2025,18764.3046875,29212.28125,0.6434983
6071,NER,0,2030,27769.33203125,34888.0234375,0.8008074
6072,NER,0,2035,38897.94921875,41338.9296875,0.9381905
6073,NER,0,2040,55158.828125,48512.7734375,1.1375389
6074,NER,0,2045,79264.59375,56291.83984375,1.4251953
6075,NER,0,2050,111533.5234375,64972.890625,1.7737751
6076,NER,0,2055,146850.125,73889.2421875,2.0507689
6077,NER,0,2060,218571.484375,83291.9453125,2.666875
6078,NER,0,2065,270814.78125,92686.046875,2.9990876
6079,NER,0,2070,342918.4375,102802.6015625,3.5235648
6080,NER,0,2075,466783.28125,112172.5,4.4300075
6081,NER,0,2080,571506.0625,122302.0703125,4.9606075
6082,NER,0,2085,719130.0,132272.0625,5.709536
6083,NER,0,2090,879259.6875,141720.5,6.2149405
6084,NER,0,2095,1042274.0625,150195.109375,6.845033
6085,NER,0,2100,1246862.25,158715.484375,8.122754
6086,NER,1,2020,12817.072265625,24333.638671875,0.5267224
6087,NER,1,2025,19572.484375,29218.42578125,0.66739964
6088,NER,1,2030,28264.94921875,34885.3984375,0.8102229
6089,NER,1,2035,41773.5078125,41327.984375,1.0000324
6090,NER,1,2040,64443.65625,48627.72265625,1.3379399
6091,NER,1,2045,86544.5703125,56390.97265625,1.5979736
6092,NER,1,2050,142760.296875,64898.921875,2.3320453
6093,NER,1,2055,173571.09375,74207.90625,2.4128783
6094,NER,1,2060,236135.40625,84071.9765625,2.7804208
6095,NER,1,2065,317666.46875,93991.90625,3.4557881
6096,NER,1,2070,526349.1875,103235.0,5.2945395
6097,NER,1,2075,802910.5,113873.7265625,7.5632443
6098,NER,1,2080,949094.1875,124924.78125,8.906654
6099,NER,1,2085,1320302.25,137820.421875,11.979527
6100,NER,1,2090,1676795.625,147039.609375,12.67749
6101,NER,1,2095,2005005.125,157594.515625,13.057537
6102,NER,1,2100,2905880.0,167918.140625,20.485023
6103,NER,2,2020,12817.072265625,24333.638671875,0.5267224
6104,NER,2,2025,17741.3876953125,29209.76171875,0.6076453
6105,NER,2,2030,23839.1201171875,34885.3984375,0.68560463
6106,NER,2,2035,31038.873046875,41319.94140625,0.75918895
6107,NER,2,2040,40122.166015625,48442.2734375,0.8348481
6108,NER,2,2045,54455.009765625,56262.93359375,0.96141064
6109,NER,2,2050,68001.98046875,64941.8671875,1.0568417
6110,NER,2,2055,85094.69921875,73766.0234375,1.1674746
6111,NER,2,2060,109003.44140625,83070.40625,1.3335804
6112,NER,2,2065,138204.53125,92330.4609375,1.5125421
6113,NER,2,2070,167939.7890625,101989.90234375,1.6989055
6114,NER,2,2075,211740.265625,112069.06640625,1.9717158
6115,NER,2,2080,253727.09375,121529.2421875,2.109823
6116,NER,2,2085,296836.0625,131197.6484375,2.1690717
6117,NER,2,2090,361801.140625,140462.8203125,2.541403
6118,NER,2,2095,428073.46875,149262.546875,3.0397537
6119,NER,2,2100,496963.3125,157969.421875,3.1214929
6120,NGA,0,2020,506995.4375,208327.40625,2.4336474
6121,NGA,0,2025,669476.5,235762.234375,2.8330154
6122,NGA,0,2030,853730.125,265426.1875,3.2167768
6123,NGA,0,2035,1134997.25,297666.3125,3.792025
6124,NGA,0,2040,1443268.0,331137.125,4.3845463
6125,NGA,0,2045,1847553.0,365616.9375,5.150409
6126,NGA,0,2050,2381138.25,400417.84375,6.0630755
6127,NGA,0,2055,3087042.75,434681.625,7.1551013
6128,NGA,0,2060,3960541.5,468422.5625,8.504366
6129,NGA,0,2065,4718617.5,503149.75,9.449822
6130,NGA,0,2070,5827762.5,535411.1875,11.594761
6131,NGA,0,2075,6856865.5,566965.5625,12.60176
6132,NGA,0,2080,7727718.0,595311.6875,12.658147
6133,NGA,0,2085,9436197.0,621444.4375,15.513103
6134,NGA,0,2090,10929739.0,649348.875,17.747883
6135,NGA,0,2095,13140380.0,669172.5,20.046293
6136,NGA,0,2100,14745989.0,688377.3125,22.510597
6137,NGA,1,2020,506995.4375,208327.40625,2.4336474
6138,NGA,1,2025,736028.5625,235783.171875,3.1245222
6139,NGA,1,2030,930079.3125,266246.6875,3.4935675
6140,NGA,1,2035,1471345.375,299509.0,4.8296614
6141,NGA,1,2040,1956077.875,333869.78125,6.1270437
6142,NGA,1,2045,2348346.0,370609.78125,6.2610817
6143,NGA,1,2050,3676394.75,406566.03125,9.175039
6144,NGA,1,2055,4999192.5,441744.3125,11.451386
6145,NGA,1,2060,6339537.5,476774.125,13.282888
6146,NGA,1,2065,8489258.0,509292.34375,16.463333
6147,NGA,1,2070,10969274.0,543560.375,19.69938
6148,NGA,1,2075,13662085.0,582263.3125,25.396
6149,NGA,1,2080,17053842.0,611622.5625,28.833645
6150,NGA,1,2085,21053144.0,643055.1875,35.109528
6151,NGA,1,2090,25900292.0,671441.1875,41.314713
6152,NGA,1,2095,31608872.0,699745.1875,50.378036
6153,NGA,1,2100,34519824.0,717846.5,49.41156
6154,NGA,2,2020,506995.4375,208327.40625,2.4336474
6155,NGA,2,2025,621293.03125,235767.453125,2.637243
6156,NGA,2,2030,761778.46875,265722.59375,2.8481297
6157,NGA,2,2035,918497.28125,297643.171875,3.086453
6158,NGA,2,2040,1114332.75,331285.34375,3.3837266
6159,NGA,2,2045,1406139.3125,365598.84375,3.874608
6160,NGA,2,2050,1625582.0625,400171.1875,4.002108
6161,NGA,2,2055,1891111.875,434857.96875,4.3003182
6162,NGA,2,2060,2118911.75,468422.5625,4.470118
6163,NGA,2,2065,2450495.125,503333.125,4.8930254
6164,NGA,2,2070,2688319.375,535099.125,4.9878573
6165,NGA,2,2075,3027266.875,566453.5625,5.4984293
6166,NGA,2,2080,3396488.5,594964.375,5.910013
6167,NGA,2,2085,3904401.5,621309.9375,6.5321183
6168,NGA,2,2090,4325885.0,646422.0,6.8362923
6169,NGA,2,2095,4769751.75,666518.875,7.1157036
6170,NGA,2,2100,5217442.5,685643.40625,7.652492
6171,NIC,0,2020,13039.044921875,6755.89501953125,1.9300247
6172,NIC,0,2025,15352.5927734375,7121.7724609375,2.1608262
6173,NIC,0,2030,19854.94921875,7442.58740234375,2.6684186
6174,NIC,0,2035,23340.87109375,7729.3701171875,3.0200691
6175,NIC,0,2040,27267.4609375,7969.96240234375,3.4228647
6176,NIC,0,2045,33747.40234375,8167.572265625,4.183794
6177,NIC,0,2050,40134.2734375,8323.615234375,4.817408
6178,NIC,0,2055,46665.46875,8462.330078125,5.5327373
6179,NIC,0,2060,54769.59375,8551.1435546875,6.3550925
6180,NIC,0,2065,64417.26171875,8585.5400390625,7.517029
6181,NIC,0,2070,72216.3828125,8596.28125,8.5069685
6182,NIC,0,2075,79616.21875,8575.48046875,8.826814
6183,NIC,0,2080,87955.859375,8515.6083984375,10.453263
6184,NIC,0,2085,95160.6953125,8434.3583984375,10.729104
6185,NIC,0,2090,105014.5703125,8336.982421875,12.653399
6186,NIC,0,2095,117123.7734375,8218.1337890625,13.869356
6187,NIC,0,2100,136609.9375,8065.05712890625,16.807764
6188,NIC,1,2020,13039.044921875,6755.89501953125,1.9300247
6189,NIC,1,2025,17710.015625,7129.9990234375,2.4673898
6190,NIC,1,2030,23236.271484375,7479.46826171875,3.1565664
6191,NIC,1,2035,29795.392578125,7780.44677734375,3.9109802
6192,NIC,1,2040,38017.10546875,8056.48486328125,4.7536793
6193,NIC,1,2045,42055.02734375,8311.1318359375,5.1118507
6194,NIC,1,2050,54269.546875,8522.5087890625,6.5176587
6195,NIC,1,2055,63008.08203125,8660.6884765625,6.961738
6196,NIC,1,2060,67836.8828125,8792.5263671875,7.6237063
6197,NIC,1,2065,88683.7578125,8895.5546875,9.765631
6198,NIC,1,2070,110544.9921875,8957.55859375,12.494266
6199,NIC,1,2075,150330.53125,8997.3984375,17.201166
6200,NIC,1,2080,165035.828125,8968.984375,17.933899
6201,NIC,1,2085,211270.859375,8979.1611328125,25.76756
6202,NIC,1,2090,244041.21875,8930.6640625,29.446222
6203,NIC,1,2095,270926.96875,8800.9326171875,30.241001
6204,NIC,1,2100,357601.5625,8688.291015625,47.267216
6205,NIC,2,2020,13039.044921875,6755.89501953125,1.9300247
6206,NIC,2,2025,15059.1337890625,7124.484375,2.1088784
6207,NIC,2,2030,16742.0908203125,7446.52392578125,2.2452753
6208,NIC,2,2035,18593.6123046875,7733.12890625,2.4079244
6209,NIC,2,2040,21015.005859375,7983.21875,2.6543093
6210,NIC,2,2045,23658.341796875,8188.69921875,2.9141998
6211,NIC,2,2050,25276.810546875,8357.93359375,2.981389
6212,NIC,2,2055,27818.7783203125,8476.9189453125,3.2906137
6213,NIC,2,2060,30913.744140625,8568.859375,3.6006927
6214,NIC,2,2065,32791.14453125,8617.5146484375,3.8048608
6215,NIC,2,2070,37166.42578125,8613.3427734375,4.2993627
6216,NIC,2,2075,41319.916015625,8616.8046875,4.69589
6217,NIC,2,2080,44178.791015625,8594.638671875,5.261741
6218,NIC,2,2085,43917.345703125,8526.5712890625,5.1163464
6219,NIC,2,2090,47511.5703125,8416.1279296875,5.561279
6220,NIC,2,2095,49838.421875,8300.990234375,6.184041
6221,NIC,2,2100,49328.7734375,8185.09326171875,6.054798
6222,NLD,0,2020,818516.3125,17441.5,46.929237
6223,NLD,0,2025,894527.4375,17613.330078125,50.754883
6224,NLD,0,2030,1006773.125,17727.77734375,56.55769
6225,NLD,0,2035,1133961.5,17759.6171875,63.753944
6226,NLD,0,2040,1262201.625,17717.037109375,70.88141
6227,NLD,0,2045,1435569.125,17606.640625,81.644005
6228,NLD,0,2050,1621294.0,17413.400390625,94.067726
6229,NLD,0,2055,1779704.125,17220.63671875,102.54125
6230,NLD,0,2060,1928803.375,17041.216796875,111.41788
6231,NLD,0,2065,2124873.25,16851.970703125,128.02127
6232,NLD,0,2070,2329755.5,16689.78515625,139.98485
6233,NLD,0,2075,2651160.0,16532.41796875,160.8763
6234,NLD,0,2080,2926674.0,16389.34765625,181.69553
6235,NLD,0,2085,3168301.5,16235.8330078125,198.4413
6236,NLD,0,2090,3288986.75,16078.0419921875,214.60345
6237,NLD,0,2095,3606823.5,15908.6689453125,234.16994
6238,NLD,0,2100,3755161.5,15749.072265625,237.44072
6239,NLD,1,2020,818516.3125,17441.5,46.929237
6240,NLD,1,2025,891871.0625,17610.10546875,50.695297
6241,NLD,1,2030,1039768.125,17751.787109375,58.927532
6242,NLD,1,2035,1327375.5,17851.234375,74.72167
6243,NLD,1,2040,1524767.0,17802.330078125,85.81793
6244,NLD,1,2045,1880042.375,17695.248046875,106.87236
6245,NLD,1,2050,2381487.5,17493.521484375,139.9472
6246,NLD,1,2055,2669217.75,17303.490234375,151.44081
6247,NLD,1,2060,3174088.75,17049.505859375,188.0454
6248,NLD,1,2065,4010610.75,16875.150390625,228.89752
6249,NLD,1,2070,4727024.0,16639.744140625,278.55624
6250,NLD,1,2075,5535102.0,16587.630859375,339.73264
6251,NLD,1,2080,6739017.0,16445.458984375,397.5436
6252,NLD,1,2085,8106732.5,16378.04296875,488.1839
6253,NLD,1,2090,9232519.0,16225.62890625,546.1689
6254,NLD,1,2095,10906264.0,16087.4658203125,632.06274
6255,NLD,1,2100,11739738.0,15949.4482421875,783.55646
6256,NLD,2,2020,818516.3125,17441.5,46.929237
6257,NLD,2,2025,866331.34375,17610.875,49.220135
6258,NLD,2,2030,905560.3125,17725.13671875,50.91153
6259,NLD,2,2035,947366.8125,17746.345703125,53.06949
6260,NLD,2,2040,969839.0,17707.296875,54.976906
6261,NLD,2,2045,982925.9375,17608.44140625,55.7185
6262,NLD,2,2050,1028132.65625,17403.626953125,59.890682
6263,NLD,2,2055,1074933.4375,17194.15625,62.31282
6264,NLD,2,2060,1116856.125,16996.927734375,64.90768
6265,NLD,2,2065,1176849.125,16832.6103515625,68.7132
6266,NLD,2,2070,1222322.1875,16662.333984375,75.146805
6267,NLD,2,2075,1261146.0625,16490.025390625,75.42349
6268,NLD,2,2080,1307107.8125,16334.1328125,80.832985
6269,NLD,2,2085,1373172.625,16164.4326171875,85.80763
6270,NLD,2,2090,1450021.75,15984.9072265625,92.478935
6271,NLD,2,2095,1517015.0625,15824.923828125,99.357216
6272,NLD,2,2100,1516127.9375,15644.568359375,98.87766
6273,NOR,0,2020,410481.34375,5379.47509765625,76.30509
6274,NOR,0,2025,468686.78125,5585.41650390625,83.79598
6275,NOR,0,2030,527342.125,5775.71630859375,91.49075
6276,NOR,0,2035,586204.8125,5938.783203125,97.57369
6277,NOR,0,2040,692984.8125,6064.61572265625,113.46622
6278,NOR,0,2045,778581.8125,6151.87939453125,126.69705
6279,NOR,0,2050,895461.6875,6231.0517578125,143.87006
6280,NOR,0,2055,1028601.125,6289.72802734375,163.61159
6281,NOR,0,2060,1173213.0,6302.22900390625,193.0881
6282,NOR,0,2065,1280770.875,6306.388671875,201.61586
6283,NOR,0,2070,1388242.25,6329.2392578125,220.93813
6284,NOR,0,2075,1489650.625,6293.28515625,233.69133
6285,NOR,0,2080,1597526.125,6269.77490234375,259.8049
6286,NOR,0,2085,1739836.0,6206.306640625,276.31924
6287,NOR,0,2090,1779111.875,6128.7451171875,291.15298
6288,NOR,0,2095,1911657.875,6041.7314453125,316.7921
6289,NOR,0,2100,1962141.375,5992.8408203125,321.6486
6290,NOR,1,2020,410481.34375,5379.47509765625,76.30509
6291,NOR,1,2025,471002.46875,5581.84326171875,85.02234
6292,NOR,1,2030,567635.3125,5775.33984375,96.97596
6293,NOR,1,2035,736902.875,5952.51318359375,125.37171
6294,NOR,1,2040,884057.1875,6077.91162109375,145.34479
6295,NOR,1,2045,1016852.5,6181.32177734375,164.51715
6296,NOR,1,2050,1197512.75,6255.712890625,190.25204
6297,NOR,1,2055,1387841.5,6309.53271484375,216.64705
6298,NOR,1,2060,1551745.125,6324.455078125,245.80551
6299,NOR,1,2065,2025553.5,6335.5029296875,315.6558
6300,NOR,1,2070,2647316.75,6364.9462890625,434.34653
6301,NOR,1,2075,3266218.75,6375.11474609375,527.5999
6302,NOR,1,2080,3803015.75,6333.26416015625,614.1755
6303,NOR,1,2085,4528940.5,6198.72265625,771.5891
6304,NOR,1,2090,5271200.5,6125.75927734375,952.00446
6305,NOR,1,2095,6270613.0,6027.525390625,1116.5797
6306,NOR,1,2100,6247265.5,5950.1650390625,1077.236
6307,NOR,2,2020,410481.34375,5379.47509765625,76.30509
6308,NOR,2,2025,452844.703125,5584.88916015625,80.88691
6309,NOR,2,2030,484532.875,5775.0390625,83.81209
6310,NOR,2,2035,498737.625,5932.2421875,83.43521
6311,NOR,2,2040,531047.5625,6064.37060546875,87.78021
6312,NOR,2,2045,556101.90625,6156.0205078125,89.583244
6313,NOR,2,2050,590132.0,6223.75390625,94.69614
6314,NOR,2,2055,617609.96875,6281.1767578125,99.2475
6315,NOR,2,2060,642997.09375,6298.34716796875,100.19425
6316,NOR,2,2065,682012.8125,6312.2177734375,108.09519
6317,NOR,2,2070,686846.96875,6339.3349609375,110.27801
6318,NOR,2,2075,723370.75,6310.5498046875,113.61464
6319,NOR,2,2080,745213.1875,6291.3291015625,119.872894
6320,NOR,2,2085,778857.625,6220.49267578125,125.41964
6321,NOR,2,2090,811623.75,6143.234375,130.6128
6322,NOR,2,2095,832857.96875,6082.80078125,133.76505
6323,NOR,2,2100,855946.5625,6021.69580078125,142.83052
6324,NPL,0,2020,30284.048828125,29348.626953125,1.0318727
6325,NPL,0,2025,36450.140625,31103.61328125,1.1752398
6326,NPL,0,2030,45072.21484375,32438.21484375,1.3825742
6327,NPL,0,2035,53858.48828125,33346.91015625,1.6148977
6328,NPL,0,2040,65245.3203125,34073.2734375,1.9036548
6329,NPL,0,2045,75545.796875,34528.9296875,2.2150626
6330,NPL,0,2050,91528.1484375,34739.8125,2.6241455
6331,NPL,0,2055,106852.6796875,34863.7109375,3.0595422
6332,NPL,0,2060,126051.140625,34720.88671875,3.6041021
6333,NPL,0,2065,143796.46875,34175.2265625,4.2163982
6334,NPL,0,2070,162148.921875,33734.72265625,4.801031
6335,NPL,0,2075,182172.125,32934.80078125,5.5160813
6336,NPL,0,2080,188273.140625,32130.591796875,5.884518
6337,NPL,0,2085,212201.46875,31039.58203125,6.8817844
6338,NPL,0,2090,227265.703125,29848.080078125,7.498241
6339,NPL,0,2095,247225.40625,28617.09375,8.567269
6340,NPL,0,2100,272942.4375,27505.814453125,10.111601
6341,NPL,1,2020,30284.048828125,29348.626953125,1.0318727
6342,NPL,1,2025,39644.58984375,31083.5078125,1.2708608
6343,NPL,1,2030,50211.4921875,32477.69921875,1.5648516
6344,NPL,1,2035,63310.875,33315.8125,1.9603711
6345,NPL,1,2040,79432.3515625,34231.1953125,2.317587
6346,NPL,1,2045,94814.734375,34456.59765625,2.5733604
6347,NPL,1,2050,122427.4453125,34878.19140625,3.5496678
6348,NPL,1,2055,155220.90625,35125.01171875,4.339623
6349,NPL,1,2060,174466.671875,34686.25390625,4.8919077
6350,NPL,1,2065,237427.46875,34290.30078125,7.151426
6351,NPL,1,2070,284253.78125,33897.11328125,8.641268
6352,NPL,1,2075,352740.9375,33674.26171875,10.38186
6353,NPL,1,2080,396680.375,33014.703125,12.081677
6354,NPL,1,2085,484091.90625,31963.212890625,15.813737
6355,NPL,1,2090,535631.1875,30924.51171875,19.410103
6356,NPL,1,2095,611142.375,29698.150390625,22.00459
6357,NPL,1,2100,657312.375,28611.09375,25.16749
6358,NPL,2,2020,30284.048828125,29348.626953125,1.0318727
6359,NPL,2,2025,35739.99609375,31100.783203125,1.1538991
6360,NPL,2,2030,39544.2421875,32416.98828125,1.2310835
6361,NPL,2,2035,44277.94140625,33281.36328125,1.3308877
6362,NPL,2,2040,48481.0546875,34032.46875,1.4433702
6363,NPL,2,2045,53103.76171875,34397.80078125,1.5330708
6364,NPL,2,2050,59398.5390625,34682.19140625,1.7279052
6365,NPL,2,2055,63887.0078125,34847.80078125,1.8252213
6366,NPL,2,2060,69623.33203125,34720.88671875,1.9885306
6367,NPL,2,2065,75154.9921875,34210.69921875,2.1537597
6368,NPL,2,2070,81423.91796875,33760.25,2.3183568
6369,NPL,2,2075,88487.3671875,33017.9453125,2.673338
6370,NPL,2,2080,94057.5625,32077.8671875,2.9223447
6371,NPL,2,2085,93847.3984375,31063.3466796875,2.9702284
6372,NPL,2,2090,95903.7890625,29848.080078125,3.1077147
6373,NPL,2,2095,97187.31640625,28672.033203125,3.433253
6374,NPL,2,2100,99206.7109375,27675.1328125,3.568853
6375,NZL,0,2020,204337.84375,5090.2001953125,40.14338
6376,NZL,0,2025,236558.84375,5270.732421875,45.1675
6377,NZL,0,2030,276266.84375,5420.71630859375,51.251324
6378,NZL,0,2035,312074.375,5535.2021484375,56.31685
6379,NZL,0,2040,358097.40625,5630.6748046875,63.741978
6380,NZL,0,2045,407583.28125,5712.59521484375,70.67463
6381,NZL,0,2050,458812.5625,5762.47119140625,80.16544
6382,NZL,0,2055,512422.75,5798.04931640625,88.20733
6383,NZL,0,2060,588238.25,5804.76220703125,100.55973
6384,NZL,0,2065,680705.5625,5825.85498046875,120.769684
6385,NZL,0,2070,741532.3125,5849.54638671875,128.68996
6386,NZL,0,2075,843063.875,5860.90087890625,143.62251
6387,NZL,0,2080,905186.9375,5862.86474609375,154.16788
6388,NZL,0,2085,980485.3125,5833.494140625,171.96535
6389,NZL,0,2090,1059284.5,5798.2275390625,186.51842
6390,NZL,0,2095,1098959.375,5758.0771484375,194.63002
6391,NZL,0,2100,1145801.25,5706.087890625,203.71771
6392,NZL,1,2020,204337.84375,5090.2001953125,40.14338
6393,NZL,1,2025,242220.203125,5277.8876953125,46.25282
6394,NZL,1,2030,296480.96875,5443.5419921875,54.686058
6395,NZL,1,2035,362378.71875,5560.1640625,66.01811
6396,NZL,1,2040,444629.9375,5702.81982421875,78.51194
6397,NZL,1,2045,532535.1875,5769.21142578125,92.960915
6398,NZL,1,2050,626873.6875,5808.65478515625,108.96005
6399,NZL,1,2055,814912.75,5848.73583984375,150.01718
6400,NZL,1,2060,893782.625,5906.08349609375,156.5717
6401,NZL,1,2065,1147624.5,5919.3505859375,204.81194
6402,NZL,1,2070,1424547.5,5919.490234375,255.22452
6403,NZL,1,2075,1666001.5,5897.63330078125,266.2306
6404,NZL,1,2080,1924392.25,5928.8115234375,307.4969
6405,NZL,1,2085,2246140.75,5901.0595703125,376.41818
6406,NZL,1,2090,2551070.75,5829.115234375,422.60757
6407,NZL,1,2095,3110954.0,5814.54931640625,526.0153
6408,NZL,1,2100,3270733.75,5724.26806640625,653.01196
6409,NZL,2,2020,204337.84375,5090.2001953125,40.14338
6410,NZL,2,2025,226125.2578125,5272.720703125,42.662754
6411,NZL,2,2030,244796.25,5426.115234375,44.85996
6412,NZL,2,2035,258444.4375,5542.8359375,46.671375
6413,NZL,2,2040,278103.375,5633.46533203125,49.289867
6414,NZL,2,2045,297468.75,5724.6416015625,52.260006
6415,NZL,2,2050,323660.984375,5772.96337890625,55.768925
6416,NZL,2,2055,335879.40625,5804.58154296875,57.25232
6417,NZL,2,2060,356087.78125,5807.5966796875,62.262207
6418,NZL,2,2065,377311.15625,5825.85498046875,65.562836
6419,NZL,2,2070,386676.484375,5868.57958984375,67.270355
6420,NZL,2,2075,408929.390625,5879.33984375,69.92341
6421,NZL,2,2080,420898.421875,5880.24072265625,71.148384
6422,NZL,2,2085,447140.46875,5878.19873046875,77.56789
6423,NZL,2,2090,461217.21875,5803.27099609375,81.46016
6424,NZL,2,2095,480484.171875,5777.25,83.501686
6425,NZL,2,2100,507441.671875,5725.4931640625,91.010605
6426,OMN,0,2020,81331.5546875,4543.39892578125,17.901037
6427,OMN,0,2025,98300.7734375,5112.5126953125,19.1636
6428,OMN,0,2030,120229.5390625,5561.07080078125,20.94866
6429,OMN,0,2035,135726.171875,5926.92333984375,23.501432
6430,OMN,0,2040,158786.75,6255.033203125,25.228918
6431,OMN,0,2045,185236.34375,6619.19677734375,26.758577
6432,OMN,0,2050,214268.015625,6913.5615234375,29.974579
6433,OMN,0,2055,246562.109375,7163.63232421875,33.35945
6434,OMN,0,2060,285872.0625,7399.8984375,37.907227
6435,OMN,0,2065,309235.3125,7576.3544921875,40.958103
6436,OMN,0,2070,338922.25,7676.92724609375,42.874115
6437,OMN,0,2075,394080.96875,7813.927734375,50.896168
6438,OMN,0,2080,433527.0,8014.01611328125,54.1431
6439,OMN,0,2085,469206.21875,8081.4345703125,60.247242
6440,OMN,0,2090,492592.53125,8107.908203125,59.14529
6441,OMN,0,2095,502690.40625,8159.19189453125,62.776154
6442,OMN,0,2100,575828.9375,8181.1455078125,70.37513
6443,OMN,1,2020,81331.5546875,4543.39892578125,17.901037
6444,OMN,1,2025,106585.1171875,5113.1435546875,21.63023
6445,OMN,1,2030,132242.359375,5528.19384765625,23.011574
6446,OMN,1,2035,180726.625,5886.17236328125,31.088997
6447,OMN,1,2040,195622.21875,6301.62548828125,29.042725
6448,OMN,1,2045,256238.234375,6660.90966796875,33.121445
6449,OMN,1,2050,290961.5625,6920.646484375,42.738285
6450,OMN,1,2055,405407.0625,7208.37451171875,51.91889
6451,OMN,1,2060,460931.1875,7404.880859375,52.218697
6452,OMN,1,2065,697139.3125,7622.94970703125,98.682236
6453,OMN,1,2070,835994.4375,7714.818359375,114.58519
6454,OMN,1,2075,987455.875,7868.3935546875,119.910416
6455,OMN,1,2080,1258297.125,8063.7890625,166.2913
6456,OMN,1,2085,1540308.75,8067.9658203125,217.64993
6457,OMN,1,2090,1960488.375,8029.626953125,244.34949
6458,OMN,1,2095,1840234.375,8129.6484375,209.429
6459,OMN,1,2100,1987578.0,8309.025390625,227.64806
6460,OMN,2,2020,81331.5546875,4543.39892578125,17.901037
6461,OMN,2,2025,92343.25,5100.4267578125,18.390574
6462,OMN,2,2030,100794.421875,5545.7734375,18.150991
6463,OMN,2,2035,111148.03125,5912.181640625,18.1592
6464,OMN,2,2040,123043.33203125,6262.09765625,19.652712
6465,OMN,2,2045,130926.4375,6591.6181640625,19.348635
6466,OMN,2,2050,140256.25,6879.36767578125,20.40031
6467,OMN,2,2055,148874.015625,7163.63232421875,20.041756
6468,OMN,2,2060,159763.9609375,7399.8984375,21.815783
6469,OMN,2,2065,171603.1875,7555.4501953125,20.60084
6470,OMN,2,2070,183651.4921875,7659.5244140625,22.352402
6471,OMN,2,2075,198067.609375,7818.51123046875,24.685993
6472,OMN,2,2080,197982.421875,8028.15673828125,23.418457
6473,OMN,2,2085,217592.7265625,8088.99462890625,26.080114
6474,OMN,2,2090,218194.546875,8105.27734375,27.096035
6475,OMN,2,2095,236722.4140625,8159.19189453125,27.741503
6476,OMN,2,2100,245205.9140625,8183.3359375,30.66013
6477,PAK,0,2020,363462.5,227196.734375,1.59977
6478,PAK,0,2025,453432.375,249386.5,1.8252436
6479,PAK,0,2030,563520.375,270931.84375,2.1000335
6480,PAK,0,2035,684743.1875,291259.15625,2.3326774
6481,PAK,0,2040,815417.9375,311726.1875,2.6149035
6482,PAK,0,2045,1007430.1875,331268.40625,3.0803862
6483,PAK,0,2050,1218774.125,349311.75,3.4582102
6484,PAK,0,2055,1471582.875,366283.96875,4.028538
6485,PAK,0,2060,1763073.625,380116.40625,4.708209
6486,PAK,0,2065,2019102.75,392437.34375,5.304652
6487,PAK,0,2070,2390787.25,401908.125,6.0109324
6488,PAK,0,2075,2863957.0,408937.25,6.847171
6489,PAK,0,2080,3107744.5,415201.0,7.632394
6490,PAK,0,2085,3584569.0,418597.6875,8.702684
6491,PAK,0,2090,4082628.0,419224.6875,9.52174
6492,PAK,0,2095,4525275.5,418320.71875,10.314823
6493,PAK,0,2100,5032141.0,414978.96875,12.478313
6494,PAK,1,2020,363462.5,227196.734375,1.59977
6495,PAK,1,2025,491200.875,249319.75,1.9651349
6496,PAK,1,2030,645545.125,270056.0625,2.3698628
6497,PAK,1,2035,847900.5625,290970.09375,2.9202778
6498,PAK,1,2040,1113213.25,311676.09375,3.5476708
6499,PAK,1,2045,1463846.25,329397.3125,4.34939
6500,PAK,1,2050,1961018.5,345544.71875,5.672684
6501,PAK,1,2055,2663602.5,359726.875,7.2841396
6502,PAK,1,2060,3370744.5,375187.28125,9.253702
6503,PAK,1,2065,4330545.5,386283.1875,11.508263
6504,PAK,1,2070,5093904.5,398837.09375,12.28322
6505,PAK,1,2075,6397352.5,401655.59375,15.65268
6506,PAK,1,2080,7608350.0,403876.25,17.925968
6507,PAK,1,2085,9794027.0,408488.59375,23.503916
6508,PAK,1,2090,11414136.0,409452.0,27.013292
6509,PAK,1,2095,12883120.0,410738.1875,31.318962
6510,PAK,1,2100,15328112.0,411627.1875,38.85642
6511,PAK,2,2020,363462.5,227196.734375,1.59977
6512,PAK,2,2025,429482.640625,249356.34375,1.716416
6513,PAK,2,2030,504355.375,270598.34375,1.8677899
6514,PAK,2,2035,577736.90625,290948.0625,1.98756
6515,PAK,2,2040,678219.90625,311247.9375,2.1727967
6516,PAK,2,2045,783163.34375,330056.21875,2.3786504
6517,PAK,2,2050,875032.28125,348158.9375,2.5234337
6518,PAK,2,2055,1009144.4375,363958.8125,2.843614
6519,PAK,2,2060,1088485.375,377367.84375,2.918483
6520,PAK,2,2065,1207172.25,388036.40625,3.1244264
6521,PAK,2,2070,1302494.4375,397737.6875,3.3107367
6522,PAK,2,2075,1462512.875,403392.8125,3.6680725
6523,PAK,2,2080,1580845.3125,409009.25,3.978749
6524,PAK,2,2085,1718311.1875,410405.75,4.307704
6525,PAK,2,2090,1922395.0625,411764.84375,4.985988
6526,PAK,2,2095,2075233.25,409903.15625,5.43719
6527,PAK,2,2100,2148761.25,406825.5625,5.547414
6528,PAN,0,2020,53566.80859375,4294.39599609375,12.473654
6529,PAN,0,2025,63437.26171875,4626.51904296875,13.782335
6530,PAN,0,2030,76184.0859375,4947.24267578125,15.423465
6531,PAN,0,2035,90056.4921875,5265.66650390625,17.210924
6532,PAN,0,2040,106838.6640625,5561.83349609375,19.104445
6533,PAN,0,2045,125887.625,5829.5400390625,21.562263
6534,PAN,0,2050,149630.921875,6077.69873046875,25.069101
6535,PAN,0,2055,169247.578125,6287.69873046875,27.38998
6536,PAN,0,2060,199361.875,6460.37890625,30.767658
6537,PAN,0,2065,233442.15625,6608.89306640625,36.239384
6538,PAN,0,2070,266099.53125,6737.244140625,40.77087
6539,PAN,0,2075,302776.46875,6836.07568359375,43.258324
6540,PAN,0,2080,326532.8125,6918.58984375,46.836086
6541,PAN,0,2085,362147.59375,6985.5576171875,51.160675
6542,PAN,0,2090,407314.46875,7038.89697265625,57.371277
6543,PAN,0,2095,452920.3125,7057.15576171875,63.723125
6544,PAN,0,2100,479871.34375,7060.59033203125,69.280846
6545,PAN,1,2020,53566.80859375,4294.39599609375,12.473654
6546,PAN,1,2025,64118.8515625,4633.109375,13.783602
6547,PAN,1,2030,81714.7890625,4962.97216796875,16.398277
6548,PAN,1,2035,104379.6796875,5289.3896484375,19.78726
6549,PAN,1,2040,140251.25,5606.1318359375,25.395706
6550,PAN,1,2045,165104.953125,5889.0888671875,28.391407
6551,PAN,1,2050,216597.25,6153.1865234375,35.065727
6552,PAN,1,2055,267375.90625,6371.87890625,42.121315
6553,PAN,1,2060,342728.78125,6567.25537109375,51.600895
6554,PAN,1,2065,465801.75,6748.93994140625,70.89444
6555,PAN,1,2070,578130.0625,6819.0146484375,87.42545
6556,PAN,1,2075,709201.75,6953.79248046875,104.282265
6557,PAN,1,2080,874911.875,7068.5126953125,127.32368
6558,PAN,1,2085,1022851.1875,7132.27685546875,154.15282
6559,PAN,1,2090,1278776.25,7112.8486328125,189.98882
6560,PAN,1,2095,1434348.75,7140.125,223.16061
6561,PAN,1,2100,1490626.25,7137.03564453125,200.5496
6562,PAN,2,2020,53566.80859375,4294.39599609375,12.473654
6563,PAN,2,2025,61490.07421875,4626.60009765625,13.314629
6564,PAN,2,2030,68198.82421875,4949.40283203125,13.722312
6565,PAN,2,2035,75643.53125,5261.25830078125,14.448328
6566,PAN,2,2040,82795.82421875,5558.798828125,14.919555
6567,PAN,2,2045,96090.28125,5829.28173828125,16.48724
6568,PAN,2,2050,103190.171875,6080.11328125,17.128948
6569,PAN,2,2055,111564.02734375,6291.0751953125,17.786615
6570,PAN,2,2060,121772.85546875,6463.056640625,18.653355
6571,PAN,2,2065,132655.5546875,6612.61669921875,20.403347
6572,PAN,2,2070,144122.9609375,6743.63427734375,21.552086
6573,PAN,2,2075,152233.4375,6838.64697265625,22.286798
6574,PAN,2,2080,158366.109375,6916.44775390625,22.893976
6575,PAN,2,2085,169400.1875,6971.828125,24.303545
6576,PAN,2,2090,175038.75,7004.2861328125,24.716368
6577,PAN,2,2095,183338.296875,7003.15771484375,26.66467
6578,PAN,2,2100,192095.6328125,7012.1875,27.622952
6579,PER,0,2020,194236.984375,33304.7578125,5.832109
6580,PER,0,2025,238430.140625,35389.42578125,6.7321706
6581,PER,0,2030,285018.21875,37120.73828125,7.6109853
6582,PER,0,2035,337250.625,38491.234375,8.672308
6583,PER,0,2040,385954.875,39668.734375,9.606395
6584,PER,0,2045,458022.84375,40622.8046875,11.35676
6585,PER,0,2050,535315.0,41324.66015625,13.084183
6586,PER,0,2055,623776.8125,41934.8046875,14.666979
6587,PER,0,2060,701201.375,42138.859375,16.27677
6588,PER,0,2065,769214.125,42300.0546875,18.522402
6589,PER,0,2070,897520.625,42095.0859375,21.82478
6590,PER,0,2075,983873.1875,41827.75,24.108328
6591,PER,0,2080,1029482.125,41163.91796875,25.200865
6592,PER,0,2085,1141093.25,40600.5859375,27.953001
6593,PER,0,2090,1211326.875,39952.5234375,29.292809
6594,PER,0,2095,1304930.375,39170.76953125,32.59326
6595,PER,0,2100,1393330.25,38502.02734375,35.53868
6596,PER,1,2020,194236.984375,33304.7578125,5.832109
6597,PER,1,2025,249438.890625,35332.4140625,6.9872994
6598,PER,1,2030,308706.71875,37161.47265625,8.414126
6599,PER,1,2035,424498.875,38464.64453125,11.171418
6600,PER,1,2040,534079.8125,39933.4921875,13.707218
6601,PER,1,2045,606891.6875,40823.8359375,14.793153
6602,PER,1,2050,829629.5625,41746.078125,19.87066
6603,PER,1,2055,977810.875,41971.24609375,23.182682
6604,PER,1,2060,1256035.125,42150.2890625,31.026287
6605,PER,1,2065,1588723.25,42449.82421875,39.421104
6606,PER,1,2070,1889129.75,42399.9453125,43.19795
6607,PER,1,2075,2198950.75,42040.41796875,51.29918
6608,PER,1,2080,2390236.5,41425.35546875,60.43304
6609,PER,1,2085,2823155.25,40724.7421875,77.45577
6610,PER,1,2090,3290013.75,39920.3203125,85.66264
6611,PER,1,2095,3488314.25,39238.78515625,90.63461
6612,PER,1,2100,4439858.5,38531.00390625,127.52478
6613,PER,2,2020,194236.984375,33304.7578125,5.832109
6614,PER,2,2025,222874.8359375,35401.8671875,6.3165913
6615,PER,2,2030,253062.8671875,37161.47265625,6.821946
6616,PER,2,2035,281690.8125,38617.8671875,7.2943563
6617,PER,2,2040,300618.53125,39879.640625,7.5329223
6618,PER,2,2045,333633.828125,40805.10546875,8.183812
6619,PER,2,2050,369283.03125,41694.515625,9.011794
6620,PER,2,2055,393502.3125,42228.1953125,9.345131
6621,PER,2,2060,409817.734375,42581.828125,9.730038
6622,PER,2,2065,428860.265625,42633.1171875,9.950245
6623,PER,2,2070,461619.125,42402.61328125,10.827134
6624,PER,2,2075,494999.859375,42165.2890625,11.382346
6625,PER,2,2080,530998.90625,41616.38671875,12.618677
6626,PER,2,2085,553010.0,41139.083984375,13.019229
6627,PER,2,2090,589392.59375,40351.0234375,14.310179
6628,PER,2,2095,629004.0,39679.7109375,15.4141
6629,PER,2,2100,635102.625,38917.10546875,16.472977
6630,PHL,0,2020,363357.6875,112190.9765625,3.2387426
6631,PHL,0,2025,435963.71875,119274.078125,3.6522312
6632,PHL,0,2030,527371.0,125906.8125,4.192172
6633,PHL,0,2035,642113.4375,131772.875,4.8508635
6634,PHL,0,2040,776305.625,136829.234375,5.714323
6635,PHL,0,2045,917626.1875,141037.21875,6.5509887
6636,PHL,0,2050,1124799.25,144681.609375,7.76583
6637,PHL,0,2055,1344506.75,147096.5,9.2380295
6638,PHL,0,2060,1536524.0,149218.671875,10.231311
6639,PHL,0,2065,1793696.875,150378.203125,11.979161
6640,PHL,0,2070,2087260.25,150765.890625,13.801211
6641,PHL,0,2075,2358040.5,150273.171875,15.325138
6642,PHL,0,2080,2662396.5,149789.328125,18.823353
6643,PHL,0,2085,2959512.75,148120.765625,20.820482
6644,PHL,0,2090,3084622.5,145842.671875,21.338867
6645,PHL,0,2095,3345479.0,143367.953125,22.406775
6646,PHL,0,2100,3442094.0,141068.375,24.63361
6647,PHL,1,2020,363357.6875,112190.9765625,3.2387426
6648,PHL,1,2025,474900.03125,119024.6015625,3.9733255
6649,PHL,1,2030,568437.25,125661.65625,4.484114
6650,PHL,1,2035,829998.75,131387.4375,6.461277
6651,PHL,1,2040,920060.5,136083.203125,6.613509
6652,PHL,1,2045,1135660.625,139938.359375,7.8247943
6653,PHL,1,2050,1442091.375,143710.984375,9.84069
6654,PHL,1,2055,1951887.125,145334.125,14.063967
6655,PHL,1,2060,2282747.75,146330.265625,15.2141075
6656,PHL,1,2065,3201523.25,147963.28125,22.993195
6657,PHL,1,2070,4054258.25,148066.96875,27.331657
6658,PHL,1,2075,5103693.5,147848.203125,34.38612
6659,PHL,1,2080,6045190.0,147015.046875,40.33801
6660,PHL,1,2085,7516890.0,145999.1875,52.930073
6661,PHL,1,2090,9159330.0,143775.234375,63.88439
6662,PHL,1,2095,10741916.0,141348.1875,75.57935
6663,PHL,1,2100,10478792.0,137155.8125,75.585464
6664,PHL,2,2020,363357.6875,112190.9765625,3.2387426
6665,PHL,2,2025,419591.5625,119246.8046875,3.5193803
6666,PHL,2,2030,475744.640625,125872.99609375,3.7487643
6667,PHL,2,2035,525175.625,131759.8125,3.9468253
6668,PHL,2,2040,587750.8125,136829.515625,4.248065
6669,PHL,2,2045,658392.96875,141126.015625,4.698656
6670,PHL,2,2050,745743.1875,144892.671875,5.1635475
6671,PHL,2,2055,783447.21875,147499.171875,5.2852907
6672,PHL,2,2060,823759.375,149523.796875,5.4921265
6673,PHL,2,2065,910342.65625,150539.21875,6.211868
6674,PHL,2,2070,991321.6875,151050.796875,6.8214884
6675,PHL,2,2075,1038583.90625,150548.328125,6.877265
6676,PHL,2,2080,1102171.3125,149866.0,7.429052
6677,PHL,2,2085,1210896.9375,148281.5625,8.225785
6678,PHL,2,2090,1273324.125,146547.078125,8.809831
6679,PHL,2,2095,1354203.4375,143495.421875,9.262798
6680,PHL,2,2100,1440822.8125,141052.796875,10.712238
6681,PNG,0,2020,24260.408203125,9749.6396484375,2.488339
6682,PNG,0,2025,29625.96484375,10688.998046875,2.7813652
6683,PNG,0,2030,36519.546875,11636.095703125,3.1668165
6684,PNG,0,2035,44884.75390625,12598.1181640625,3.5960805
6685,PNG,0,2040,56728.9921875,13543.447265625,4.252536
6686,PNG,0,2045,65479.41015625,14456.0791015625,4.469567
6687,PNG,0,2050,85859.34375,15323.107421875,5.555829
6688,PNG,0,2055,104007.28125,16178.392578125,6.455732
6689,PNG,0,2060,133787.40625,17006.890625,8.225896
6690,PNG,0,2065,153085.703125,17710.576171875,8.567207
6691,PNG,0,2070,178755.875,18346.529296875,10.1073265
6692,PNG,0,2075,197212.546875,18878.90234375,10.193052
6693,PNG,0,2080,220028.65625,19447.49609375,11.490157
6694,PNG,0,2085,251396.078125,19908.068359375,12.4813175
6695,PNG,0,2090,277376.0,20243.875,13.499596
6696,PNG,0,2095,309309.0625,20464.921875,14.934788
6697,PNG,0,2100,357009.21875,20655.17578125,16.813509
6698,PNG,1,2020,24260.408203125,9749.6396484375,2.488339
6699,PNG,1,2025,31197.5078125,10659.5615234375,2.9249275
6700,PNG,1,2030,38302.84375,11634.4189453125,3.2652326
6701,PNG,1,2035,51777.50390625,12609.5712890625,4.145834
6702,PNG,1,2040,71645.921875,13565.2470703125,5.2932386
6703,PNG,1,2045,96663.4453125,14485.265625,6.6429825
6704,PNG,1,2050,138159.828125,15397.6796875,9.394406
6705,PNG,1,2055,172134.859375,16310.169921875,10.301634
6706,PNG,1,2060,215093.84375,17117.154296875,13.099218
6707,PNG,1,2065,298716.125,17702.978515625,16.583576
6708,PNG,1,2070,357239.3125,18198.515625,20.921005
6709,PNG,1,2075,426641.4375,18810.830078125,22.003834
6710,PNG,1,2080,534918.9375,18978.919921875,29.40289
6711,PNG,1,2085,705377.0,19619.291015625,35.271915
6712,PNG,1,2090,863137.4375,20132.400390625,39.07809
6713,PNG,1,2095,1004286.3125,20477.86328125,48.60158
6714,PNG,1,2100,1152950.625,20700.763671875,59.907932
6715,PNG,2,2020,24260.408203125,9749.6396484375,2.488339
6716,PNG,2,2025,29428.5126953125,10689.2763671875,2.7531605
6717,PNG,2,2030,33347.62890625,11636.095703125,2.8458734
6718,PNG,2,2035,37933.34375,12594.08984375,2.9932013
6719,PNG,2,2040,43133.42578125,13527.30859375,3.1952186
6720,PNG,2,2045,51417.759765625,14436.8818359375,3.5772452
6721,PNG,2,2050,59987.595703125,15315.525390625,4.012005
6722,PNG,2,2055,64612.025390625,16174.103515625,3.989412
6723,PNG,2,2060,72368.88671875,16935.998046875,4.323838
6724,PNG,2,2065,79558.9453125,17697.83984375,4.516439
6725,PNG,2,2070,84790.62109375,18356.48828125,4.674058
6726,PNG,2,2075,92532.78515625,18876.611328125,4.9189653
6727,PNG,2,2080,101126.43359375,19424.1171875,5.238216
6728,PNG,2,2085,108981.8046875,19868.60546875,5.4964137
6729,PNG,2,2090,123057.7265625,20205.361328125,6.236048
6730,PNG,2,2095,132670.078125,20377.55859375,6.618661
6731,PNG,2,2100,139798.984375,20600.89453125,7.2402754
6732,POL,0,2020,567529.0,37899.0703125,14.974747
6733,POL,0,2025,634224.0,37431.71875,16.958858
6734,POL,0,2030,713818.5,36714.7421875,19.413303
6735,POL,0,2035,793057.1875,35801.453125,22.103876
6736,POL,0,2040,886432.4375,34808.12109375,25.557957
6737,POL,0,2045,954702.25,33741.70703125,28.395954
6738,POL,0,2050,1080579.875,32649.71875,32.984367
6739,POL,0,2055,1182757.5,31533.294921875,38.12221
6740,POL,0,2060,1234604.75,30359.708984375,41.14458
6741,POL,0,2065,1327524.375,29165.302734375,45.697247
6742,POL,0,2070,1409674.125,27842.171875,51.884087
6743,POL,0,2075,1568487.625,26583.611328125,58.89504
6744,POL,0,2080,1658981.75,25361.755859375,65.272964
6745,POL,0,2085,1741795.375,24306.625,69.27472
6746,POL,0,2090,1863799.25,23358.458984375,83.26499
6747,POL,0,2095,1928649.625,22553.396484375,86.68217
6748,POL,0,2100,2074862.25,21812.599609375,97.14473
6749,POL,1,2020,567529.0,37899.0703125,14.974747
6750,POL,1,2025,675383.3125,37423.97265625,18.011044
6751,POL,1,2030,742099.0625,36693.828125,20.27769
6752,POL,1,2035,903612.5625,35799.64453125,25.215729
6753,POL,1,2040,1037273.0625,34856.01953125,30.274614
6754,POL,1,2045,1114481.125,33769.9140625,33.285816
6755,POL,1,2050,1323275.5,32641.673828125,39.70202
6756,POL,1,2055,1545563.625,31480.431640625,48.9289
6757,POL,1,2060,1658033.75,30329.212890625,56.004326
6758,POL,1,2065,2057198.75,29103.212890625,68.67816
6759,POL,1,2070,2278854.25,27804.48828125,80.35179
6760,POL,1,2075,2681251.75,26452.19140625,96.63321
6761,POL,1,2080,3192007.0,25276.111328125,126.35667
6762,POL,1,2085,3646393.25,24194.29296875,139.79416
6763,POL,1,2090,3994690.75,23214.744140625,169.90186
6764,POL,1,2095,4372532.0,22369.8984375,178.71915
6765,POL,1,2100,4512221.0,21718.8203125,193.83073
6766,POL,2,2020,567529.0,37899.0703125,14.974747
6767,POL,2,2025,609811.0625,37442.3515625,16.246058
6768,POL,2,2030,627317.21875,36727.6796875,17.122557
6769,POL,2,2035,622432.25,35836.3359375,17.390963
6770,POL,2,2040,644566.0,34863.046875,18.511858
6771,POL,2,2045,653418.34375,33783.58984375,19.178356
6772,POL,2,2050,681190.28125,32700.28515625,20.879892
6773,POL,2,2055,679685.375,31613.1376953125,21.592312
6774,POL,2,2060,682149.40625,30435.064453125,22.196695
6775,POL,2,2065,692429.0625,29207.98046875,24.386852
6776,POL,2,2070,676682.59375,27921.404296875,24.890175
6777,POL,2,2075,675976.4375,26668.748046875,25.045572
6778,POL,2,2080,675472.40625,25428.2265625,26.268667
6779,POL,2,2085,697821.75,24334.3984375,28.179792
6780,POL,2,2090,695647.0625,23408.087890625,29.807842
6781,POL,2,2095,723562.75,22636.9912109375,32.34443
6782,POL,2,2100,738343.75,21907.2734375,33.933754
6783,PRI,0,2020,93587.0859375,3281.556884765625,28.519112
6784,PRI,0,2025,93331.1953125,2969.010986328125,31.150284
6785,PRI,0,2030,97465.0234375,2741.686279296875,35.29039
6786,PRI,0,2035,99831.4375,2559.5849609375,37.569054
6787,PRI,0,2040,107209.6875,2396.06689453125,45.149326
6788,PRI,0,2045,111035.7109375,2238.31787109375,48.18203
6789,PRI,0,2050,115016.078125,2094.31689453125,54.234592
6790,PRI,0,2055,119937.9375,1945.043212890625,58.08396
6791,PRI,0,2060,124004.1953125,1813.3250732421875,66.770096
6792,PRI,0,2065,130750.5234375,1679.286376953125,77.66607
6793,PRI,0,2070,133357.21875,1566.8455810546875,83.79383
6794,PRI,0,2075,138524.078125,1473.9818115234375,95.322586
6795,PRI,0,2080,141723.40625,1407.1865234375,100.121574
6796,PRI,0,2085,145963.5,1325.341064453125,104.91368
6797,PRI,0,2090,152195.78125,1268.100341796875,111.83104
6798,PRI,0,2095,156928.609375,1203.451416015625,124.72454
6799,PRI,0,2100,156624.65625,1157.427734375,130.16917
6800,PRI,1,2020,93587.0859375,3281.556884765625,28.519112
6801,PRI,1,2025,103010.5625,2971.91064453125,34.7368
6802,PRI,1,2030,111011.578125,2752.101318359375,40.412216
6803,PRI,1,2035,121392.203125,2566.7353515625,46.922966
6804,PRI,1,2040,137161.34375,2421.808349609375,55.61843
6805,PRI,1,2045,145415.3125,2231.223876953125,62.520935
6806,PRI,1,2050,164781.453125,2096.6259765625,85.494896
6807,PRI,1,2055,184702.875,1946.7032470703125,101.75311
6808,PRI,1,2060,200965.875,1833.1644287109375,117.53806
6809,PRI,1,2065,226981.34375,1666.04736328125,141.69179
6810,PRI,1,2070,264222.375,1596.610107421875,170.4853
6811,PRI,1,2075,307244.9375,1505.2850341796875,213.08661
6812,PRI,1,2080,335637.96875,1457.7188720703125,231.86183
6813,PRI,1,2085,350400.6875,1372.9627685546875,257.26004
6814,PRI,1,2090,396575.78125,1290.6683349609375,296.78415
6815,PRI,1,2095,406213.0625,1243.6629638671875,348.13596
6816,PRI,1,2100,427170.125,1191.078125,350.38034
6817,PRI,2,2020,93587.0859375,3281.556884765625,28.519112
6818,PRI,2,2025,92458.5625,2971.135009765625,30.988157
6819,PRI,2,2030,88220.5078125,2746.78076171875,31.757568
6820,PRI,2,2035,85090.78125,2561.993896484375,32.737766
6821,PRI,2,2040,84434.2890625,2397.744873046875,34.322662
6822,PRI,2,2045,81837.26171875,2243.532470703125,35.876053
6823,PRI,2,2050,81987.1796875,2100.44287109375,38.025234
6824,PRI,2,2055,80472.28515625,1953.8597412109375,40.434196
6825,PRI,2,2060,78615.21484375,1823.1092529296875,41.589863
6826,PRI,2,2065,77010.8984375,1689.0478515625,44.52276
6827,PRI,2,2070,74417.4140625,1572.1363525390625,47.155067
6828,PRI,2,2075,72758.44140625,1472.1968994140625,48.075836
6829,PRI,2,2080,70707.3359375,1389.16650390625,49.334248
6830,PRI,2,2085,70807.0703125,1317.50830078125,52.861595
6831,PRI,2,2090,70767.21484375,1262.2108154296875,53.783527
6832,PRI,2,2095,70740.28515625,1200.67919921875,56.21784
6833,PRI,2,2100,69906.94921875,1157.427734375,57.52276
6834,PRT,0,2020,206661.96875,10297.0810546875,20.069956
6835,PRT,0,2025,224561.375,10086.1318359375,22.244009
6836,PRT,0,2030,252311.859375,9854.9541015625,25.887154
6837,PRT,0,2035,270256.5625,9584.873046875,28.378242
6838,PRT,0,2040,300256.90625,9289.8603515625,32.229427
6839,PRT,0,2045,325985.5,8958.1201171875,36.73481
6840,PRT,0,2050,361366.25,8573.751953125,42.843063
6841,PRT,0,2055,388288.8125,8199.9208984375,47.76712
6842,PRT,0,2060,404761.8125,7812.0810546875,50.882637
6843,PRT,0,2065,443701.3125,7417.10009765625,58.998554
6844,PRT,0,2070,470274.125,7103.01220703125,66.27285
6845,PRT,0,2075,491482.90625,6775.064453125,72.516815
6846,PRT,0,2080,518448.625,6504.734375,78.75897
6847,PRT,0,2085,565619.1875,6271.59765625,91.85461
6848,PRT,0,2090,589546.75,6065.8583984375,97.43308
6849,PRT,0,2095,628346.3125,5844.28125,109.676796
6850,PRT,0,2100,652829.25,5648.03271484375,116.52908
6851,PRT,1,2020,206661.96875,10297.0810546875,20.069956
6852,PRT,1,2025,237370.265625,10111.337890625,23.667612
6853,PRT,1,2030,276756.59375,9916.9716796875,28.060099
6854,PRT,1,2035,318788.125,9707.5087890625,33.365658
6855,PRT,1,2040,368853.40625,9509.126953125,38.93995
6856,PRT,1,2045,391738.625,9207.322265625,41.913433
6857,PRT,1,2050,507324.0625,8857.642578125,60.2097
6858,PRT,1,2055,609127.375,8616.1787109375,74.937744
6859,PRT,1,2060,685618.8125,8272.3984375,92.595695
6860,PRT,1,2065,838116.9375,7847.45654296875,109.190674
6861,PRT,1,2070,971595.25,7501.64990234375,133.64297
6862,PRT,1,2075,1133827.375,7150.3779296875,152.55179
6863,PRT,1,2080,1268253.875,6867.21875,175.6678
6864,PRT,1,2085,1413817.125,6643.15283203125,211.16808
6865,PRT,1,2090,1510931.375,6372.55908203125,242.684
6866,PRT,1,2095,1727019.0,6194.1240234375,282.66898
6867,PRT,1,2100,1879916.375,5970.41650390625,326.20236
6868,PRT,2,2020,206661.96875,10297.0810546875,20.069956
6869,PRT,2,2025,221218.515625,10083.4921875,22.065588
6870,PRT,2,2030,223046.7265625,9839.591796875,22.786833
6871,PRT,2,2035,227352.671875,9583.26171875,23.711803
6872,PRT,2,2040,226850.3828125,9320.2197265625,23.721952
6873,PRT,2,2045,233837.6328125,9027.474609375,25.904346
6874,PRT,2,2050,240028.6015625,8588.7119140625,28.104593
6875,PRT,2,2055,238609.6953125,8231.728515625,28.472921
6876,PRT,2,2060,245351.3359375,7852.73681640625,31.2224
6877,PRT,2,2065,248696.1484375,7479.86962890625,33.903397
6878,PRT,2,2070,246977.1171875,7151.6025390625,35.669888
6879,PRT,2,2075,249878.9609375,6812.49365234375,35.843582
6880,PRT,2,2080,253405.1171875,6560.41455078125,38.584454
6881,PRT,2,2085,262098.7109375,6284.4775390625,40.544342
6882,PRT,2,2090,265467.1875,6073.71337890625,43.579384
6883,PRT,2,2095,269418.140625,5833.6865234375,45.658867
6884,PRT,2,2100,270742.203125,5644.69775390625,47.91473
6885,PRY,0,2020,40888.98046875,6618.69482421875,6.177801
6886,PRY,0,2025,47094.9375,7014.30908203125,6.6843386
6887,PRY,0,2030,58980.36328125,7374.95361328125,7.963271
6888,PRY,0,2035,69279.0078125,7701.30908203125,8.964914
6889,PRY,0,2040,78279.8671875,7988.44970703125,9.772237
6890,PRY,0,2045,94661.625,8245.2021484375,11.531243
6891,PRY,0,2050,112116.2578125,8460.369140625,13.429272
6892,PRY,0,2055,134443.890625,8615.6396484375,15.752889
6893,PRY,0,2060,154358.8125,8772.8076171875,18.467035
6894,PRY,0,2065,179945.875,8855.50390625,20.13213
6895,PRY,0,2070,199270.78125,8890.1796875,22.826546
6896,PRY,0,2075,228759.046875,8900.34375,24.989422
6897,PRY,0,2080,257323.90625,8888.94140625,28.664906
6898,PRY,0,2085,285424.125,8779.572265625,31.999407
6899,PRY,0,2090,312604.5625,8670.111328125,36.889683
6900,PRY,0,2095,339784.78125,8543.00390625,39.916523
6901,PRY,0,2100,374487.0625,8434.080078125,44.61271
6902,PRY,1,2020,40888.98046875,6618.69482421875,6.177801
6903,PRY,1,2025,48658.09375,6997.93017578125,6.8957496
6904,PRY,1,2030,64953.30859375,7346.21044921875,8.774038
6905,PRY,1,2035,93602.234375,7663.77734375,12.090919
6906,PRY,1,2040,122371.3828125,7935.46875,15.824658
6907,PRY,1,2045,137581.046875,8131.4443359375,17.067482
6908,PRY,1,2050,178336.5625,8370.150390625,21.264114
6909,PRY,1,2055,226316.1875,8536.78125,26.627872
6910,PRY,1,2060,285021.1875,8680.9091796875,32.081177
6911,PRY,1,2065,352588.40625,8830.732421875,39.153294
6912,PRY,1,2070,434344.78125,8885.8798828125,51.234688
6913,PRY,1,2075,527150.25,8826.7587890625,61.293148
6914,PRY,1,2080,637497.9375,8753.0791015625,75.44701
6915,PRY,1,2085,770502.8125,8596.857421875,87.147
6916,PRY,1,2090,961549.6875,8454.8974609375,116.36233
6917,PRY,1,2095,1127172.125,8357.6298828125,143.03749
6918,PRY,1,2100,1400863.125,8220.1669921875,161.86052
6919,PRY,2,2020,40888.98046875,6618.69482421875,6.177801
6920,PRY,2,2025,46818.712890625,7009.75537109375,6.6912193
6921,PRY,2,2030,54451.91015625,7359.5478515625,7.40865
6922,PRY,2,2035,60250.712890625,7683.7275390625,7.8715706
6923,PRY,2,2040,65406.083984375,7970.0087890625,8.228453
6924,PRY,2,2045,73370.15234375,8217.0146484375,8.956993
6925,PRY,2,2050,79016.21484375,8430.3115234375,9.463213
6926,PRY,2,2055,83455.046875,8604.0810546875,9.632161
6927,PRY,2,2060,94864.1640625,8744.0869140625,10.898971
6928,PRY,2,2065,103502.078125,8833.4638671875,11.741379
6929,PRY,2,2070,111804.5234375,8860.798828125,12.761525
6930,PRY,2,2075,118913.1640625,8864.3388671875,13.514634
6931,PRY,2,2080,126931.7890625,8808.1904296875,14.594219
6932,PRY,2,2085,132421.265625,8700.09375,15.561886
6933,PRY,2,2090,140140.3828125,8576.7177734375,16.635534
6934,PRY,2,2095,150223.2109375,8468.083984375,17.984707
6935,PRY,2,2100,156000.8203125,8338.203125,18.396984
6936,PSE,0,2020,14227.1865234375,4803.26904296875,2.9619799
6937,PSE,0,2025,18132.169921875,5361.15185546875,3.4390197
6938,PSE,0,2030,23191.69921875,5956.34130859375,3.8809755
6939,PSE,0,2035,29156.677734375,6492.19677734375,4.573031
6940,PSE,0,2040,38232.2421875,7033.28369140625,5.342434
6941,PSE,0,2045,48060.79296875,7550.2890625,6.2647223
6942,PSE,0,2050,58395.59765625,8125.8193359375,6.851842
6943,PSE,0,2055,73984.6796875,8535.73046875,8.2642355
6944,PSE,0,2060,85979.8984375,9037.837890625,9.1149845
6945,PSE,0,2065,101317.171875,9505.1796875,10.718396
6946,PSE,0,2070,119513.9609375,9873.0146484375,12.693561
6947,PSE,0,2075,142929.09375,10145.9326171875,14.319037
6948,PSE,0,2080,165549.359375,10368.4345703125,16.008507
6949,PSE,0,2085,190543.65625,10781.09765625,17.378666
6950,PSE,0,2090,210284.3125,11083.2353515625,19.338926
6951,PSE,0,2095,245951.0,11193.37109375,23.196342
6952,PSE,0,2100,281529.46875,11272.677734375,24.182066
6953,PSE,1,2020,14227.1865234375,4803.26904296875,2.9619799
6954,PSE,1,2025,19450.658203125,5365.67236328125,3.74743
6955,PSE,1,2030,27322.4453125,5974.5908203125,4.5947165
6956,PSE,1,2035,35361.11328125,6525.70751953125,5.552704
6957,PSE,1,2040,48213.32421875,7074.83642578125,6.8409247
6958,PSE,1,2045,63086.9609375,7432.5546875,8.801721
6959,PSE,1,2050,80114.4921875,7751.96728515625,10.332639
6960,PSE,1,2055,98151.6328125,8139.7509765625,12.407218
6961,PSE,1,2060,124301.9375,8684.048828125,15.548674
6962,PSE,1,2065,159918.03125,8849.548828125,16.621681
6963,PSE,1,2070,207259.421875,9528.2744140625,22.255787
6964,PSE,1,2075,258146.421875,9546.837890625,27.983248
6965,PSE,1,2080,316471.34375,9890.9677734375,33.20092
6966,PSE,1,2085,412602.21875,10115.4306640625,43.314377
6967,PSE,1,2090,499882.90625,10347.06640625,53.58644
6968,PSE,1,2095,590494.0625,10544.65625,66.84664
6969,PSE,1,2100,700215.75,10664.1708984375,80.17837
6970,PSE,2,2020,14227.1865234375,4803.26904296875,2.9619799
6971,PSE,2,2025,17392.80078125,5358.98193359375,3.228664
6972,PSE,2,2030,20681.1328125,5930.07763671875,3.490144
6973,PSE,2,2035,24367.6923828125,6461.39599609375,3.668319
6974,PSE,2,2040,28356.125,6995.15576171875,3.9870248
6975,PSE,2,2045,33232.154296875,7513.91162109375,4.4523206
6976,PSE,2,2050,38561.712890625,8055.21630859375,4.8154783
6977,PSE,2,2055,43967.744140625,8472.1162109375,5.139932
6978,PSE,2,2060,49236.19921875,8964.41015625,5.241085
6979,PSE,2,2065,55208.50390625,9458.89453125,5.767298
6980,PSE,2,2070,60982.28125,9748.8232421875,6.284874
6981,PSE,2,2075,65722.3515625,9929.1357421875,6.4265585
6982,PSE,2,2080,68377.03515625,10217.7294921875,6.3686824
6983,PSE,2,2085,75579.953125,10556.1845703125,7.02228
6984,PSE,2,2090,80419.1796875,10929.4384765625,7.104661
6985,PSE,2,2095,90330.80859375,11015.8349609375,7.910066
6986,PSE,2,2100,98329.00390625,11088.205078125,8.610634
6987,PYF,0,2020,5606.423828125,301.9200134277344,18.569235
6988,PYF,0,2025,6320.43798828125,310.5037536621094,20.271955
6989,PYF,0,2030,7437.587890625,317.4471740722656,23.397778
6990,PYF,0,2035,8415.568359375,322.8954772949219,25.821053
6991,PYF,0,2040,9517.525390625,326.30181884765625,29.314806
6992,PYF,0,2045,10595.8486328125,328.9156799316406,32.115044
6993,PYF,0,2050,12180.998046875,328.5410461425781,37.648163
6994,PYF,0,2055,13566.095703125,327.5156555175781,42.569035
6995,PYF,0,2060,15044.7578125,326.709228515625,46.045135
6996,PYF,0,2065,16960.244140625,322.8797302246094,53.336437
6997,PYF,0,2070,18281.1015625,319.9563293457031,58.44325
6998,PYF,0,2075,19326.224609375,316.69482421875,62.10839
6999,PYF,0,2080,20796.34765625,310.8115539550781,67.667366
7000,PYF,0,2085,23026.533203125,307.0093078613281,78.18923
7001,PYF,0,2090,23995.16796875,301.7352294921875,75.600525
7002,PYF,0,2095,25688.935546875,295.2550354003906,88.69756
7003,PYF,0,2100,28038.841796875,289.2772521972656,97.5052
7004,PYF,1,2020,5606.423828125,301.9200134277344,18.569235
7005,PYF,1,2025,7012.4013671875,311.88861083984375,22.535656
7006,PYF,1,2030,8006.88330078125,321.23834228515625,24.348658
7007,PYF,1,2035,10308.505859375,328.5310363769531,32.51906
7008,PYF,1,2040,12368.8369140625,332.7625427246094,39.055428
7009,PYF,1,2045,13695.52734375,336.1609191894531,42.4329
7010,PYF,1,2050,17596.259765625,340.2959289550781,48.8528
7011,PYF,1,2055,19742.912109375,340.86846923828125,56.769585
7012,PYF,1,2060,22133.265625,341.26904296875,64.65694
7013,PYF,1,2065,30378.802734375,338.4912109375,91.880295
7014,PYF,1,2070,36861.7734375,335.5072021484375,117.64865
7015,PYF,1,2075,49340.421875,331.2721252441406,148.79121
7016,PYF,1,2080,54930.2109375,329.4291076660156,178.31041
7017,PYF,1,2085,65158.26171875,328.3228759765625,207.67752
7018,PYF,1,2090,75081.5625,330.1509094238281,237.34949
7019,PYF,1,2095,78673.0390625,324.6223449707031,260.51993
7020,PYF,1,2100,84329.1875,312.4354553222656,288.6014
7021,PYF,2,2020,5606.423828125,301.9200134277344,18.569235
7022,PYF,2,2025,6196.02294921875,310.5157165527344,20.011276
7023,PYF,2,2030,6551.7197265625,317.7799987792969,20.36938
7024,PYF,2,2035,6773.9345703125,323.3017272949219,20.851646
7025,PYF,2,2040,7111.662109375,327.30426025390625,21.4828
7026,PYF,2,2045,7366.8359375,330.1684265136719,22.351965
7027,PYF,2,2050,7476.36572265625,330.042724609375,22.589167
7028,PYF,2,2055,7701.3642578125,328.3720703125,23.786575
7029,PYF,2,2060,8071.61962890625,327.45635986328125,24.178848
7030,PYF,2,2065,8455.140625,323.97430419921875,26.45885
7031,PYF,2,2070,8612.052734375,321.14215087890625,26.729586
7032,PYF,2,2075,8975.4609375,318.00537109375,28.298544
7033,PYF,2,2080,9223.662109375,315.88519287109375,28.807875
7034,PYF,2,2085,9765.6259765625,308.7528076171875,31.731781
7035,PYF,2,2090,10101.6513671875,305.2950439453125,33.43317
7036,PYF,2,2095,10096.623046875,297.10174560546875,34.320515
7037,PYF,2,2100,10683.986328125,290.9124450683594,35.169567
7038,QAT,0,2020,163599.171875,2760.385009765625,59.266796
7039,QAT,0,2025,202599.34375,3153.1611328125,63.266426
7040,QAT,0,2030,260348.03125,3584.795654296875,72.18448
7041,QAT,0,2035,316357.46875,4011.5029296875,80.38964
7042,QAT,0,2040,383267.5,4432.72607421875,87.35686
7043,QAT,0,2045,466305.65625,4838.26318359375,99.755646
7044,QAT,0,2050,550159.8125,5150.2666015625,106.72005
7045,QAT,0,2055,664152.0625,5474.3544921875,124.35737
7046,QAT,0,2060,777024.9375,5726.32177734375,139.48831
7047,QAT,0,2065,877782.75,5944.7705078125,149.78888
7048,QAT,0,2070,961860.125,6072.19091796875,161.71948
7049,QAT,0,2075,1069578.0,6214.79443359375,176.83385
7050,QAT,0,2080,1156667.5,6433.03759765625,186.9825
7051,QAT,0,2085,1322290.875,6539.7099609375,207.86255
7052,QAT,0,2090,1381235.5,6653.6533203125,213.73831
7053,QAT,0,2095,1528522.25,6687.314453125,235.73183
7054,QAT,0,2100,1726393.375,6826.015625,255.54015
7055,QAT,1,2020,163599.171875,2760.385009765625,59.266796
7056,QAT,1,2025,214429.78125,3058.0654296875,69.93753
7057,QAT,1,2030,271260.34375,3413.33935546875,75.70252
7058,QAT,1,2035,363166.9375,3835.282958984375,92.76818
7059,QAT,1,2040,452124.28125,4198.86962890625,107.44234
7060,QAT,1,2045,551577.1875,4440.41064453125,121.62141
7061,QAT,1,2050,680992.8125,4778.43310546875,140.12439
7062,QAT,1,2055,967633.25,5006.044921875,178.32738
7063,QAT,1,2060,1181847.5,5592.1669921875,202.77524
7064,QAT,1,2065,1661223.25,5782.248046875,319.96252
7065,QAT,1,2070,2044154.0,6063.56494140625,381.23358
7066,QAT,1,2075,2433464.0,5983.9228515625,413.96603
7067,QAT,1,2080,2665877.0,6097.56103515625,425.63977
7068,QAT,1,2085,3330029.25,6166.31689453125,481.28482
7069,QAT,1,2090,4172018.75,6428.28173828125,592.893
7070,QAT,1,2095,4333680.5,6545.6767578125,704.25275
7071,QAT,1,2100,5030171.0,6515.33984375,860.9161
7072,QAT,2,2020,163599.171875,2760.385009765625,59.266796
7073,QAT,2,2025,193696.8828125,3132.33544921875,62.007156
7074,QAT,2,2030,229831.8828125,3584.73779296875,63.57524
7075,QAT,2,2035,256619.8046875,4029.16748046875,65.36675
7076,QAT,2,2040,290048.71875,4436.92431640625,65.92172
7077,QAT,2,2045,321404.140625,4830.92431640625,67.96173
7078,QAT,2,2050,349103.765625,5139.015625,70.53552
7079,QAT,2,2055,366650.515625,5459.6083984375,69.4804
7080,QAT,2,2060,407545.875,5692.98779296875,77.74443
7081,QAT,2,2065,434310.71875,5882.92138671875,74.221535
7082,QAT,2,2070,468740.671875,6021.185546875,78.82128
7083,QAT,2,2075,498367.859375,6144.83056640625,82.55362
7084,QAT,2,2080,544548.09375,6340.3330078125,87.88525
7085,QAT,2,2085,581159.5625,6411.31689453125,91.42664
7086,QAT,2,2090,614649.53125,6520.32666015625,96.5827
7087,QAT,2,2095,639530.0,6641.54638671875,97.151985
7088,QAT,2,2100,679058.25,6706.0810546875,100.67523
7089,ROU,0,2020,212809.25,19265.25,11.046275
7090,ROU,0,2025,216817.765625,18569.349609375,11.663198
7091,ROU,0,2030,249511.90625,17846.513671875,13.943141
7092,ROU,0,2035,264878.4375,17118.22265625,15.438369
7093,ROU,0,2040,288511.625,16384.662109375,17.475058
7094,ROU,0,2045,290659.96875,15642.6689453125,18.519838
7095,ROU,0,2050,327347.15625,14976.8203125,21.703018
7096,ROU,0,2055,364811.34375,14332.666015625,25.208614
7097,ROU,0,2060,397081.03125,13666.46875,29.278564
7098,ROU,0,2065,419828.8125,13046.0703125,31.92565
7099,ROU,0,2070,440309.90625,12450.7958984375,35.490295
7100,ROU,0,2075,452612.21875,11924.671875,38.826855
7101,ROU,0,2080,490444.15625,11500.3896484375,40.89031
7102,ROU,0,2085,510486.0,11056.5078125,46.250275
7103,ROU,0,2090,538881.375,10653.9931640625,49.36375
7104,ROU,0,2095,574388.5625,10307.0,54.39846
7105,ROU,0,2100,609155.1875,9977.1962890625,60.35051
7106,ROU,1,2020,212809.25,19265.25,11.046275
7107,ROU,1,2025,245013.203125,18570.62109375,13.167913
7108,ROU,1,2030,266411.625,17812.427734375,15.165733
7109,ROU,1,2035,310265.40625,17165.279296875,18.124525
7110,ROU,1,2040,350663.96875,16347.2734375,21.941086
7111,ROU,1,2045,364228.46875,15561.9404296875,22.577478
7112,ROU,1,2050,413643.03125,14966.728515625,27.489164
7113,ROU,1,2055,508946.65625,14429.724609375,36.39189
7114,ROU,1,2060,554335.9375,13738.9189453125,43.378677
7115,ROU,1,2065,687705.8125,13083.5498046875,52.592705
7116,ROU,1,2070,785946.125,12536.203125,66.18474
7117,ROU,1,2075,917818.625,12023.5546875,80.00181
7118,ROU,1,2080,1075415.625,11555.603515625,93.56379
7119,ROU,1,2085,1197653.375,11045.6318359375,110.78153
7120,ROU,1,2090,1344976.375,10644.8701171875,127.54118
7121,ROU,1,2095,1451392.625,10251.505859375,146.36429
7122,ROU,1,2100,1627534.375,9900.3369140625,166.1558
7123,ROU,2,2020,212809.25,19265.25,11.046275
7124,ROU,2,2025,219018.6484375,18569.349609375,11.829326
7125,ROU,2,2030,232535.140625,17847.640625,13.031309
7126,ROU,2,2035,223850.4375,17114.689453125,13.276622
7127,ROU,2,2040,223203.2421875,16385.916015625,13.702027
7128,ROU,2,2045,225752.3515625,15652.2109375,14.250707
7129,ROU,2,2050,232458.9296875,14999.57421875,15.448664
7130,ROU,2,2055,229688.3359375,14336.642578125,15.616942
7131,ROU,2,2060,226350.921875,13650.296875,16.689415
7132,ROU,2,2065,227498.828125,13048.8212890625,17.325123
7133,ROU,2,2070,234236.1015625,12457.8447265625,19.306543
7134,ROU,2,2075,231619.8828125,11925.61328125,18.950686
7135,ROU,2,2080,238978.046875,11485.9130859375,21.139637
7136,ROU,2,2085,230985.921875,11056.5078125,20.701572
7137,ROU,2,2090,234187.2109375,10656.900390625,22.078732
7138,ROU,2,2095,239443.4765625,10301.5654296875,24.12987
7139,ROU,2,2100,239254.1328125,9977.1962890625,23.529781
7140,RUS,0,2020,1442002.625,144073.140625,10.008823
7141,RUS,0,2025,1562481.625,143511.46875,10.830895
7142,RUS,0,2030,1780354.375,141911.21875,12.443711
7143,RUS,0,2035,1920570.25,139543.953125,13.642696
7144,RUS,0,2040,2169701.25,137268.1875,15.987969
7145,RUS,0,2045,2446352.25,135431.3125,18.320799
7146,RUS,0,2050,2831185.25,133586.5625,21.07803
7147,RUS,0,2055,3196595.75,132192.0,24.480787
7148,RUS,0,2060,3770369.0,130212.140625,29.265556
7149,RUS,0,2065,3805676.0,128034.3984375,29.1167
7150,RUS,0,2070,4355795.5,126272.796875,35.492325
7151,RUS,0,2075,4721580.5,125198.8203125,37.677547
7152,RUS,0,2080,5298706.0,123725.4375,43.64587
7153,RUS,0,2085,5532729.0,122865.9765625,46.396854
7154,RUS,0,2090,6074630.0,121865.9765625,50.951305
7155,RUS,0,2095,6540884.5,120880.40625,55.565224
7156,RUS,0,2100,6781791.0,119625.171875,56.837967
7157,RUS,1,2020,1442002.625,144073.140625,10.008823
7158,RUS,1,2025,1620733.5,143445.921875,11.30575
7159,RUS,1,2030,1683642.5,141846.15625,12.015596
7160,RUS,1,2035,2195237.75,139421.78125,15.639918
7161,RUS,1,2040,2431178.25,137316.921875,17.748846
7162,RUS,1,2045,2773830.5,135645.484375,20.612534
7163,RUS,1,2050,3436927.0,133907.546875,25.32713
7164,RUS,1,2055,3476992.25,132476.78125,26.852749
7165,RUS,1,2060,3991565.25,130762.9296875,29.98624
7166,RUS,1,2065,5624412.5,129479.7421875,41.89904
7167,RUS,1,2070,6632913.5,127280.015625,51.161205
7168,RUS,1,2075,9942487.0,125335.7109375,78.89859
7169,RUS,1,2080,10549426.0,124216.390625,80.85301
7170,RUS,1,2085,11384195.0,124607.21875,93.16637
7171,RUS,1,2090,14116082.0,123755.0078125,120.13515
7172,RUS,1,2095,16407511.0,122469.0078125,139.63953
7173,RUS,1,2100,15763501.0,122059.75,128.25224
7174,RUS,2,2020,1442002.625,144073.140625,10.008823
7175,RUS,2,2025,1523863.0,143447.75,10.640396
7176,RUS,2,2030,1613710.5,141792.234375,11.433317
7177,RUS,2,2035,1655244.0,139527.5078125,11.962037
7178,RUS,2,2040,1692514.5625,137236.390625,12.416456
7179,RUS,2,2045,1680647.3125,135431.3125,12.334923
7180,RUS,2,2050,1783876.125,133639.09375,13.397242
7181,RUS,2,2055,1848366.5625,132371.40625,13.762695
7182,RUS,2,2060,1888423.4375,130452.6015625,14.590013
7183,RUS,2,2065,1961921.5625,128204.109375,15.41981
7184,RUS,2,2070,1932379.0,126383.01953125,15.320692
7185,RUS,2,2075,2052625.125,125209.7578125,16.19101
7186,RUS,2,2080,2072085.5,123842.1640625,17.18869
7187,RUS,2,2085,2126237.25,123231.4609375,16.332159
7188,RUS,2,2090,2351948.625,122201.9765625,19.135118
7189,RUS,2,2095,2511003.375,121136.8203125,20.469769
7190,RUS,2,2100,2597026.0,119821.0078125,21.37303
7191,RWA,0,2020,10948.8642578125,13146.3623046875,0.83284366
7192,RWA,0,2025,15007.0419921875,15008.8935546875,1.0086133
7193,RWA,0,2030,20006.716796875,16783.3203125,1.1977744
7194,RWA,0,2035,25055.294921875,18758.376953125,1.3324938
7195,RWA,0,2040,33396.85546875,20819.828125,1.6080937
7196,RWA,0,2045,41847.94140625,22718.26171875,1.8090329
7197,RWA,0,2050,54829.6796875,24533.875,2.3063416
7198,RWA,0,2055,70839.3359375,26384.796875,2.5774386
7199,RWA,0,2060,91247.734375,28076.2890625,3.3214579
7200,RWA,0,2065,113596.671875,30163.1875,3.7162297
7201,RWA,0,2070,136258.328125,31778.67578125,4.0265794
7202,RWA,0,2075,167390.6875,33607.56640625,4.8381577
7203,RWA,0,2080,193506.984375,34778.4375,5.6957436
7204,RWA,0,2085,218551.59375,35975.41796875,5.9490232
7205,RWA,0,2090,260477.1875,37022.16015625,7.346984
7206,RWA,0,2095,303892.6875,37828.17578125,8.373361
7207,RWA,0,2100,350838.5625,38797.4765625,9.427874
7208,RWA,1,2020,10948.8642578125,13146.3623046875,0.83284366
7209,RWA,1,2025,15369.3994140625,14718.259765625,1.0372767
7210,RWA,1,2030,21402.94140625,16983.611328125,1.3022444
7211,RWA,1,2035,28339.029296875,19175.224609375,1.5113567
7212,RWA,1,2040,40017.18359375,21292.578125,1.9839729
7213,RWA,1,2045,55568.078125,23467.921875,2.451728
7214,RWA,1,2050,75917.171875,25519.1328125,3.1477005
7215,RWA,1,2055,99375.8046875,28008.75390625,3.7740858
7216,RWA,1,2060,140654.578125,29722.16796875,4.912377
7217,RWA,1,2065,191697.125,32142.1953125,5.980391
7218,RWA,1,2070,253530.5625,34615.41796875,7.531012
7219,RWA,1,2075,318581.59375,36347.40234375,9.099133
7220,RWA,1,2080,373926.78125,37645.04296875,10.611178
7221,RWA,1,2085,512544.8125,39238.625,13.686414
7222,RWA,1,2090,629970.5625,40618.72265625,15.572516
7223,RWA,1,2095,757627.875,41242.2421875,19.148266
7224,RWA,1,2100,1019719.25,41947.13671875,23.837862
7225,RWA,2,2020,10948.8642578125,13146.3623046875,0.83284366
7226,RWA,2,2025,14090.50830078125,15006.7431640625,0.9413049
7227,RWA,2,2030,17359.171875,16746.345703125,1.0007048
7228,RWA,2,2035,20025.685546875,18722.841796875,1.0399745
7229,RWA,2,2040,24138.3271484375,20797.984375,1.1558106
7230,RWA,2,2045,30129.525390625,22792.744140625,1.303585
7231,RWA,2,2050,36639.0546875,24445.958984375,1.5020586
7232,RWA,2,2055,42312.78515625,26384.796875,1.6070222
7233,RWA,2,2060,48284.2890625,28097.50390625,1.6934853
7234,RWA,2,2065,55826.072265625,30206.716796875,1.8406988
7235,RWA,2,2070,65589.8828125,32038.5078125,2.0538082
7236,RWA,2,2075,77046.00390625,33876.8125,2.232762
7237,RWA,2,2080,89004.125,35028.06640625,2.4513707
7238,RWA,2,2085,100093.0546875,36280.537109375,2.8845139
7239,RWA,2,2090,113953.5390625,37392.05078125,3.0609875
7240,RWA,2,2095,130992.2265625,38121.7578125,3.5530062
7241,RWA,2,2100,147013.234375,39151.50390625,3.7294765
7242,SAU,0,2020,687971.5625,35997.10546875,19.111858
7243,SAU,0,2025,808518.5625,38738.62890625,21.090733
7244,SAU,0,2030,960299.625,40973.44921875,23.87123
7245,SAU,0,2035,1068476.875,42784.76953125,24.741259
7246,SAU,0,2040,1198210.0,43866.3828125,27.387337
7247,SAU,0,2045,1398287.0,44645.31640625,31.76099
7248,SAU,0,2050,1519534.25,45066.16796875,33.427654
7249,SAU,0,2055,1627350.375,45166.52734375,35.932343
7250,SAU,0,2060,1829183.0,44799.61328125,41.613598
7251,SAU,0,2065,1984678.75,44123.48046875,45.521683
7252,SAU,0,2070,1987669.375,43269.7578125,44.77229
7253,SAU,0,2075,2042307.25,42234.3515625,45.980606
7254,SAU,0,2080,2266492.75,41405.96875,51.978188
7255,SAU,0,2085,2407555.0,40819.09375,59.893936
7256,SAU,0,2090,2664623.75,40057.19140625,67.056206
7257,SAU,0,2095,2676238.25,39217.4375,71.40848
7258,SAU,0,2100,3026986.0,38427.76953125,74.28242
7259,SAU,1,2020,687971.5625,35997.10546875,19.111858
7260,SAU,1,2025,791460.25,38788.48828125,20.49483
7261,SAU,1,2030,982815.0,40736.7578125,24.470291
7262,SAU,1,2035,1427383.25,42904.4375,34.61602
7263,SAU,1,2040,1627595.875,44434.63671875,39.20892
7264,SAU,1,2045,2093321.375,45119.9453125,48.026413
7265,SAU,1,2050,2287450.75,45691.578125,50.90469
7266,SAU,1,2055,2803955.75,46322.42578125,65.56591
7267,SAU,1,2060,3913021.5,46171.79296875,83.759026
7268,SAU,1,2065,4943184.5,46323.5859375,105.57555
7269,SAU,1,2070,4941694.0,45889.8125,105.283066
7270,SAU,1,2075,5439489.5,45570.90625,123.578766
7271,SAU,1,2080,6143616.5,44076.30078125,141.62144
7272,SAU,1,2085,6194178.0,43820.796875,137.94539
7273,SAU,1,2090,7926066.0,42722.6015625,189.59087
7274,SAU,1,2095,8476007.0,41318.65625,190.25528
7275,SAU,1,2100,10806121.0,40281.46484375,277.875
7276,SAU,2,2020,687971.5625,35997.10546875,19.111858
7277,SAU,2,2025,766394.8125,38752.5859375,19.881824
7278,SAU,2,2030,859863.28125,40935.94140625,20.996254
7279,SAU,2,2035,895053.25,42558.65625,21.172756
7280,SAU,2,2040,983469.0625,43794.66796875,22.801933
7281,SAU,2,2045,1013489.84375,44645.31640625,23.336933
7282,SAU,2,2050,1019414.8125,45020.14453125,23.034067
7283,SAU,2,2055,1067819.3125,45106.029296875,23.857075
7284,SAU,2,2060,1160910.6875,44737.076171875,26.060766
7285,SAU,2,2065,1210658.8125,43992.9765625,28.490005
7286,SAU,2,2070,1208174.8125,43241.47265625,28.703436
7287,SAU,2,2075,1251353.0625,42308.4140625,30.439396
7288,SAU,2,2080,1180939.0625,41662.7109375,28.1139
7289,SAU,2,2085,1198849.1875,41140.2890625,30.248163
7290,SAU,2,2090,1181827.125,40193.08203125,30.433168
7291,SAU,2,2095,1212500.1875,39306.203125,32.549248
7292,SAU,2,2100,1213732.0625,38333.8046875,32.463924
7293,SDN,0,2020,82342.2890625,44440.484375,1.8528666
7294,SDN,0,2025,107348.953125,49816.12109375,2.1644151
7295,SDN,0,2030,142840.90625,55523.83984375,2.5877748
7296,SDN,0,2035,180051.125,61445.01171875,2.9325192
7297,SDN,0,2040,233101.171875,67479.3046875,3.5247986
7298,SDN,0,2045,289258.96875,73311.6796875,3.9552548
7299,SDN,0,2050,384215.0625,79046.8359375,4.949764
7300,SDN,0,2055,460665.6875,85095.296875,5.406314
7301,SDN,0,2060,566742.125,91187.9296875,6.2446074
7302,SDN,0,2065,687716.125,96820.5703125,7.3455997
7303,SDN,0,2070,814673.875,102454.9921875,8.115604
7304,SDN,0,2075,994902.6875,107193.9609375,8.874658
7305,SDN,0,2080,1173718.25,112861.265625,10.472007
7306,SDN,0,2085,1399747.5,117026.890625,11.966933
7307,SDN,0,2090,1600357.5,121585.7265625,13.266227
7308,SDN,0,2095,1919479.25,125833.4453125,14.7705345
7309,SDN,0,2100,2190171.0,129595.515625,17.585863
7310,SDN,1,2020,82342.2890625,44440.484375,1.8528666
7311,SDN,1,2025,110705.1484375,49857.4765625,2.2252667
7312,SDN,1,2030,144245.671875,55454.94921875,2.5719142
7313,SDN,1,2035,198276.46875,61423.28515625,3.2430725
7314,SDN,1,2040,267193.4375,67795.7734375,4.094996
7315,SDN,1,2045,362077.1875,73963.78125,4.9033313
7316,SDN,1,2050,490072.3125,79602.3046875,6.216365
7317,SDN,1,2055,671639.75,86371.8125,7.5463805
7318,SDN,1,2060,874373.125,92134.5859375,8.928957
7319,SDN,1,2065,1194802.75,97487.3984375,12.705736
7320,SDN,1,2070,1677357.125,102639.7109375,17.547153
7321,SDN,1,2075,2250023.5,107364.1171875,21.86639
7322,SDN,1,2080,2516882.5,112558.828125,25.156435
7323,SDN,1,2085,3301530.25,115818.1484375,30.994083
7324,SDN,1,2090,3886447.5,120019.171875,32.89315
7325,SDN,1,2095,4867750.5,125173.390625,38.986557
7326,SDN,1,2100,6312759.0,128892.6953125,50.73218
7327,SDN,2,2020,82342.2890625,44440.484375,1.8528666
7328,SDN,2,2025,104145.734375,49759.458984375,2.0982497
7329,SDN,2,2030,123121.15234375,55402.2421875,2.209327
7330,SDN,2,2035,146436.59375,61413.0078125,2.4187257
7331,SDN,2,2040,175684.25,67347.4921875,2.611297
7332,SDN,2,2045,214110.609375,73228.2734375,2.9628932
7333,SDN,2,2050,255633.2890625,78963.32421875,3.2059724
7334,SDN,2,2055,286273.734375,84744.7890625,3.3230166
7335,SDN,2,2060,340222.046875,90807.9609375,3.5845542
7336,SDN,2,2065,401648.703125,96405.2578125,4.2752385
7337,SDN,2,2070,441539.484375,101667.0078125,4.3928866
7338,SDN,2,2075,500966.53125,106405.625,4.609192
7339,SDN,2,2080,603403.46875,111683.9296875,5.648798
7340,SDN,2,2085,665901.46875,116261.55859375,5.927652
7341,SDN,2,2090,734754.3125,119925.203125,6.267041
7342,SDN,2,2095,804912.28125,123912.7890625,6.400408
7343,SDN,2,2100,879768.25,128168.0078125,7.1207414
7344,SEN,0,2020,23172.52734375,16436.119140625,1.4098539
7345,SEN,0,2025,31337.275390625,18640.45703125,1.6809486
7346,SEN,0,2030,43548.26171875,20964.869140625,2.0568736
7347,SEN,0,2035,54073.9140625,23437.736328125,2.2963262
7348,SEN,0,2040,70415.0390625,26015.513671875,2.6824849
7349,SEN,0,2045,95002.9765625,28738.796875,3.350158
7350,SEN,0,2050,118901.1328125,31412.544921875,3.726187
7351,SEN,0,2055,151602.8125,34081.60546875,4.4128685
7352,SEN,0,2060,196057.3125,36726.890625,5.27506
7353,SEN,0,2065,248018.5,39517.7734375,6.29311
7354,SEN,0,2070,310391.53125,42061.6875,7.6378593
7355,SEN,0,2075,381265.375,44626.80078125,8.460485
7356,SEN,0,2080,439994.40625,46873.515625,9.473292
7357,SEN,0,2085,530310.1875,49284.265625,11.106316
7358,SEN,0,2090,605895.3125,51304.24609375,11.758695
7359,SEN,0,2095,711465.0,52986.74609375,13.499563
7360,SEN,0,2100,831561.25,54614.9921875,15.3893175
7361,SEN,1,2020,23172.52734375,16436.119140625,1.4098539
7362,SEN,1,2025,35868.9296875,18672.23828125,1.9129646
7363,SEN,1,2030,50971.79296875,20992.345703125,2.449902
7364,SEN,1,2035,71972.1953125,23457.31640625,3.1158683
7365,SEN,1,2040,99297.3984375,26106.591796875,3.7556112
7366,SEN,1,2045,134126.375,28975.392578125,4.8353896
7367,SEN,1,2050,181509.703125,31886.61328125,5.6345196
7368,SEN,1,2055,247313.0,34954.11328125,6.9706025
7369,SEN,1,2060,320597.5,38044.0390625,8.893147
7370,SEN,1,2065,422447.21875,40953.703125,11.345898
7371,SEN,1,2070,565655.375,43953.3828125,13.112898
7372,SEN,1,2075,775479.625,47109.859375,17.318848
7373,SEN,1,2080,901566.5625,49409.45703125,21.988398
7374,SEN,1,2085,1183543.125,51552.26953125,25.09393
7375,SEN,1,2090,1499599.875,53730.8359375,29.573969
7376,SEN,1,2095,1926864.5,55618.15234375,33.676357
7377,SEN,1,2100,2353136.75,57297.84375,43.959618
7378,SEN,2,2020,23172.52734375,16436.119140625,1.4098539
7379,SEN,2,2025,29166.2841796875,18651.23046875,1.5661923
7380,SEN,2,2030,35625.361328125,20983.765625,1.7046586
7381,SEN,2,2035,42705.283203125,23452.83984375,1.8109238
7382,SEN,2,2040,53405.546875,26038.21875,2.0642006
7383,SEN,2,2045,65740.5859375,28716.91796875,2.3210168
7384,SEN,2,2050,76268.84765625,31378.9140625,2.3851595
7385,SEN,2,2055,90095.8125,34086.771484375,2.5358863
7386,SEN,2,2060,108594.21875,36815.6328125,2.864342
7387,SEN,2,2065,126703.3671875,39460.18359375,3.1495047
7388,SEN,2,2070,144056.953125,41950.578125,3.382621
7389,SEN,2,2075,169828.1015625,44577.11328125,3.8557398
7390,SEN,2,2080,196579.046875,46997.1953125,4.1768556
7391,SEN,2,2085,218013.65625,49299.30859375,4.492329
7392,SEN,2,2090,241586.484375,51619.9765625,4.765528
7393,SEN,2,2095,274527.171875,53060.3515625,5.150963
7394,SEN,2,2100,305255.421875,54622.3359375,5.5714755
7395,SGP,0,2020,341011.21875,5685.80712890625,59.97587
7396,SGP,0,2025,385924.21875,5858.14697265625,65.848595
7397,SGP,0,2030,435292.65625,5962.23046875,72.60504
7398,SGP,0,2035,481678.84375,5996.69970703125,79.63983
7399,SGP,0,2040,549533.3125,5973.68505859375,92.474625
7400,SGP,0,2045,598844.6875,5935.30126953125,101.79803
7401,SGP,0,2050,647420.5625,5817.4375,108.66222
7402,SGP,0,2055,715102.4375,5682.96337890625,122.14893
7403,SGP,0,2060,794172.875,5553.5751953125,142.31819
7404,SGP,0,2065,815693.3125,5396.115234375,145.27388
7405,SGP,0,2070,872029.0,5216.98095703125,158.4316
7406,SGP,0,2075,917698.9375,5081.35107421875,174.9211
7407,SGP,0,2080,941835.8125,4931.99072265625,188.11308
7408,SGP,0,2085,1015777.0,4820.79541015625,199.08527
7409,SGP,0,2090,1073348.25,4671.0302734375,221.00229
7410,SGP,0,2095,1113654.625,4569.46630859375,233.26543
7411,SGP,0,2100,1219869.75,4460.3837890625,282.87476
7412,SGP,1,2020,341011.21875,5685.80712890625,59.97587
7413,SGP,1,2025,420104.375,5857.24609375,71.89009
7414,SGP,1,2030,536348.4375,5988.1015625,91.682976
7415,SGP,1,2035,625193.125,6042.57421875,108.75378
7416,SGP,1,2040,704228.6875,6030.21044921875,115.084076
7417,SGP,1,2045,780239.25,5998.17578125,121.1323
7418,SGP,1,2050,897467.0625,5997.58251953125,147.84413
7419,SGP,1,2055,1029722.125,5763.77490234375,159.22409
7420,SGP,1,2060,1268305.125,5678.64306640625,200.41762
7421,SGP,1,2065,1573694.75,5455.15966796875,305.2812
7422,SGP,1,2070,1755576.375,5370.15625,313.12375
7423,SGP,1,2075,2198092.5,5262.3740234375,419.31873
7424,SGP,1,2080,2482512.25,5176.0869140625,455.1884
7425,SGP,1,2085,2808043.75,5009.6640625,603.1749
7426,SGP,1,2090,3225124.25,4874.71240234375,729.39606
7427,SGP,1,2095,2997133.75,4645.33447265625,689.11914
7428,SGP,1,2100,3265444.5,4414.59033203125,750.35565
7429,SGP,2,2020,341011.21875,5685.80712890625,59.97587
7430,SGP,2,2025,361008.140625,5852.21826171875,61.85395
7431,SGP,2,2030,383654.21875,5968.611328125,64.08518
7432,SGP,2,2035,389433.4375,6003.09228515625,65.428
7433,SGP,2,2040,403444.109375,6011.146484375,67.8347
7434,SGP,2,2045,407563.875,5973.0869140625,68.99335
7435,SGP,2,2050,395351.234375,5857.46240234375,67.84026
7436,SGP,2,2055,384643.71875,5756.1015625,68.27453
7437,SGP,2,2060,372737.953125,5653.35400390625,66.75363
7438,SGP,2,2065,378002.8125,5473.259765625,70.398315
7439,SGP,2,2070,378498.484375,5324.498046875,71.054184
7440,SGP,2,2075,381379.109375,5147.8330078125,75.01077
7441,SGP,2,2080,392098.90625,5071.509765625,77.88347
7442,SGP,2,2085,409922.625,4910.97412109375,84.50931
7443,SGP,2,2090,404424.125,4783.8798828125,83.67851
7444,SGP,2,2095,394054.3125,4685.11376953125,85.90288
7445,SGP,2,2100,415203.3125,4541.921875,93.894684
7446,SLB,0,2020,1456.806640625,691.1909790039062,2.107676
7447,SLB,0,2025,1824.2442626953125,778.1463623046875,2.3558755
7448,SLB,0,2030,2305.517578125,868.6854248046875,2.6823611
7449,SLB,0,2035,2910.912353515625,964.7322387695312,3.0459569
7450,SLB,0,2040,3777.924560546875,1063.5958251953125,3.601988
7451,SLB,0,2045,4507.94091796875,1167.1005859375,3.785818
7452,SLB,0,2050,6086.8330078125,1272.150634765625,4.7059054
7453,SLB,0,2055,7460.1865234375,1377.8721923828125,5.4681425
7454,SLB,0,2060,9727.8125,1476.5552978515625,6.967509
7455,SLB,0,2065,11620.958984375,1575.968505859375,7.256607
7456,SLB,0,2070,13996.4306640625,1675.7283935546875,8.56112
7457,SLB,0,2075,15972.7998046875,1775.4739990234375,8.633732
7458,SLB,0,2080,18285.04296875,1875.086669921875,9.732408
7459,SLB,0,2085,21333.45703125,1966.6611328125,10.571941
7460,SLB,0,2090,24051.28125,2054.175048828125,11.434444
7461,SLB,0,2095,27820.830078125,2128.711669921875,12.650083
7462,SLB,0,2100,32774.796875,2188.793212890625,14.241401
7463,SLB,1,2020,1456.806640625,691.1909790039062,2.107676
7464,SLB,1,2025,1929.9837646484375,779.9383544921875,2.4774756
7465,SLB,1,2030,2412.562255859375,868.5685424804688,2.7657216
7466,SLB,1,2035,3407.117431640625,964.7322387695312,3.5116096
7467,SLB,1,2040,4797.49072265625,1062.8475341796875,4.4834857
7468,SLB,1,2045,6576.685546875,1171.3704833984375,5.6267476
7469,SLB,1,2050,9558.0068359375,1289.3570556640625,7.9572625
7470,SLB,1,2055,11997.2060546875,1408.2139892578125,8.725703
7471,SLB,1,2060,16353.4111328125,1525.94921875,11.095317
7472,SLB,1,2065,23043.751953125,1633.2152099609375,14.046642
7473,SLB,1,2070,28598.27734375,1742.4234619140625,17.720537
7474,SLB,1,2075,34923.44140625,1833.8974609375,18.637716
7475,SLB,1,2080,46695.90625,1927.4984130859375,24.904873
7476,SLB,1,2085,59781.56640625,2034.9615478515625,29.876064
7477,SLB,1,2090,77139.2734375,2127.18994140625,33.099976
7478,SLB,1,2095,94670.9453125,2231.093017578125,41.166576
7479,SLB,1,2100,109687.703125,2318.87841796875,50.743294
7480,SLB,2,2020,1456.806640625,691.1909790039062,2.107676
7481,SLB,2,2025,1812.77001953125,777.9515380859375,2.3319855
7482,SLB,2,2030,2112.7041015625,868.1651000976562,2.4105153
7483,SLB,2,2035,2459.105224609375,964.2091064453125,2.535305
7484,SLB,2,2040,2868.2119140625,1062.875732421875,2.706418
7485,SLB,2,2045,3492.039306640625,1166.766357421875,3.0300028
7486,SLB,2,2050,4201.39892578125,1271.5087890625,3.3982534
7487,SLB,2,2055,4618.15234375,1371.8243408203125,3.3791168
7488,SLB,2,2060,5323.62353515625,1474.775390625,3.662383
7489,SLB,2,2065,6031.1611328125,1570.92822265625,3.8255198
7490,SLB,2,2070,6592.5517578125,1673.5653076171875,3.9590266
7491,SLB,2,2075,7393.35595703125,1770.58642578125,4.166468
7492,SLB,2,2080,8344.376953125,1871.52978515625,4.43688
7493,SLB,2,2085,9194.2080078125,1956.1082763671875,4.6555796
7494,SLB,2,2090,10578.283203125,2038.085205078125,5.2820654
7495,SLB,2,2095,11703.3984375,2116.171142578125,5.606147
7496,SLB,2,2100,12610.107421875,2183.28564453125,6.1326675
7497,SLE,0,2020,5076.759765625,8233.9697265625,0.61656284
7498,SLE,0,2025,6924.4873046875,9073.673828125,0.7600611
7499,SLE,0,2030,9730.453125,10023.7568359375,0.9671181
7500,SLE,0,2035,12364.94140625,10934.6259765625,1.1279662
7501,SLE,0,2040,15571.7626953125,11784.5537109375,1.3500888
7502,SLE,0,2045,19990.951171875,12749.6376953125,1.5436982
7503,SLE,0,2050,26383.337890625,13547.13671875,1.8650693
7504,SLE,0,2055,32883.6796875,14398.4755859375,2.2934372
7505,SLE,0,2060,40305.32421875,15141.392578125,2.6609068
7506,SLE,0,2065,49833.5625,15891.1298828125,3.0657742
7507,SLE,0,2070,59806.59375,16476.84765625,3.6515927
7508,SLE,0,2075,72621.84375,17151.5625,4.1883745
7509,SLE,0,2080,82732.65625,17733.71875,4.72394
7510,SLE,0,2085,98765.40625,18179.3828125,5.518611
7511,SLE,0,2090,110044.265625,18572.08984375,5.8368587
7512,SLE,0,2095,129697.9609375,18696.904296875,6.659076
7513,SLE,0,2100,147129.421875,18969.90234375,7.931366
7514,SLE,1,2020,5076.759765625,8233.9697265625,0.61656284
7515,SLE,1,2025,6964.4580078125,9043.8232421875,0.7606062
7516,SLE,1,2030,9158.201171875,9975.662109375,0.9060795
7517,SLE,1,2035,14810.30859375,10806.8564453125,1.3820016
7518,SLE,1,2040,19413.455078125,11729.1005859375,1.6809367
7519,SLE,1,2045,26293.125,12613.326171875,2.0940075
7520,SLE,1,2050,33321.0,13369.8232421875,2.4689786
7521,SLE,1,2055,38356.8984375,14268.7421875,2.5244439
7522,SLE,1,2060,49668.78125,14858.8681640625,3.1100705
7523,SLE,1,2065,68028.828125,15493.76171875,4.0030923
7524,SLE,1,2070,96897.0234375,16066.802734375,6.087327
7525,SLE,1,2075,124230.3203125,16569.2421875,7.789255
7526,SLE,1,2080,158749.890625,17140.765625,9.768111
7527,SLE,1,2085,196572.03125,17643.9453125,12.209907
7528,SLE,1,2090,246192.25,17932.658203125,15.65321
7529,SLE,1,2095,308783.875,18363.673828125,17.886084
7530,SLE,1,2100,361845.6875,18333.10546875,21.16395
7531,SLE,2,2020,5076.759765625,8233.9697265625,0.61656284
7532,SLE,2,2025,6444.5576171875,9095.884765625,0.6996652
7533,SLE,2,2030,7631.663818359375,10033.8388671875,0.7612581
7534,SLE,2,2035,9612.92919921875,10938.916015625,0.8955413
7535,SLE,2,2040,11078.73388671875,11780.9521484375,0.94037074
7536,SLE,2,2045,13800.80224609375,12691.8408203125,1.0844572
7537,SLE,2,2050,16839.7314453125,13522.681640625,1.289468
7538,SLE,2,2055,19237.6806640625,14429.2060546875,1.3402727
7539,SLE,2,2060,22827.12890625,15199.4677734375,1.5141213
7540,SLE,2,2065,26420.107421875,15919.8857421875,1.6969073
7541,SLE,2,2070,30626.6630859375,16520.744140625,1.9371051
7542,SLE,2,2075,33973.35546875,17112.505859375,1.9696641
7543,SLE,2,2080,39328.62890625,17735.873046875,2.2018054
7544,SLE,2,2085,43053.74609375,18217.568359375,2.4342465
7545,SLE,2,2090,47087.80078125,18561.9765625,2.6289785
7546,SLE,2,2095,51993.7578125,18600.240234375,2.8767998
7547,SLE,2,2100,59147.5859375,18846.388671875,3.1803505
7548,SLV,0,2020,24079.900390625,6292.73095703125,3.8266218
7549,SLV,0,2025,27769.478515625,6422.69189453125,4.3248763
7550,SLV,0,2030,33119.7734375,6497.34716796875,5.0969915
7551,SLV,0,2035,38826.40234375,6547.4189453125,5.949642
7552,SLV,0,2040,45117.203125,6564.3212890625,6.9215803
7553,SLV,0,2045,53007.4453125,6560.76025390625,8.077594
7554,SLV,0,2050,60665.37890625,6559.001953125,9.103272
7555,SLV,0,2055,70572.84375,6539.89453125,10.911988
7556,SLV,0,2060,81398.7421875,6498.81689453125,12.566708
7557,SLV,0,2065,89604.078125,6421.4599609375,13.787965
7558,SLV,0,2070,98121.03125,6333.36376953125,15.976661
7559,SLV,0,2075,112073.7890625,6241.41796875,18.262527
7560,SLV,0,2080,119267.8984375,6134.42431640625,19.257874
7561,SLV,0,2085,127108.65625,6019.8212890625,20.514532
7562,SLV,0,2090,137639.6875,5889.3876953125,22.898443
7563,SLV,0,2095,154778.109375,5790.552734375,27.43235
7564,SLV,0,2100,164898.390625,5640.82470703125,27.855398
7565,SLV,1,2020,24079.900390625,6292.73095703125,3.8266218
7566,SLV,1,2025,30862.15234375,6425.71826171875,4.81155
7567,SLV,1,2030,38292.21484375,6493.48046875,5.8728504
7568,SLV,1,2035,49834.8203125,6567.89501953125,7.531231
7569,SLV,1,2040,58950.015625,6614.76171875,9.055007
7570,SLV,1,2045,65507.18359375,6662.7421875,9.669515
7571,SLV,1,2050,89174.7578125,6657.12646484375,13.944873
7572,SLV,1,2055,103334.1953125,6653.5126953125,15.397158
7573,SLV,1,2060,133093.75,6670.90478515625,19.710049
7574,SLV,1,2065,147419.828125,6565.142578125,21.849756
7575,SLV,1,2070,192531.953125,6487.3486328125,30.588923
7576,SLV,1,2075,252471.03125,6331.78369140625,40.349705
7577,SLV,1,2080,281027.65625,6172.42919921875,47.641808
7578,SLV,1,2085,334346.34375,6060.9716796875,59.278755
7579,SLV,1,2090,380184.84375,5947.5693359375,77.75829
7580,SLV,1,2095,439174.0,5823.49462890625,85.01974
7581,SLV,1,2100,486722.21875,5720.2158203125,97.26957
7582,SLV,2,2020,24079.900390625,6292.73095703125,3.8266218
7583,SLV,2,2025,27044.1376953125,6424.68017578125,4.197025
7584,SLV,2,2030,29578.4580078125,6508.24560546875,4.577344
7585,SLV,2,2035,32103.4501953125,6557.06298828125,4.9284663
7586,SLV,2,2040,34581.21484375,6573.49169921875,5.2523746
7587,SLV,2,2045,37159.58203125,6577.1494140625,5.590314
7588,SLV,2,2050,40438.00390625,6566.02099609375,6.194236
7589,SLV,2,2055,42784.830078125,6535.6865234375,6.611864
7590,SLV,2,2060,45711.751953125,6483.80224609375,7.010101
7591,SLV,2,2065,48599.123046875,6402.93505859375,7.543688
7592,SLV,2,2070,50531.431640625,6325.23828125,8.183033
7593,SLV,2,2075,53515.44921875,6221.2119140625,8.463259
7594,SLV,2,2080,56277.033203125,6100.87451171875,9.161083
7595,SLV,2,2085,59861.18359375,5989.24365234375,10.184592
7596,SLV,2,2090,60416.294921875,5871.2783203125,10.328519
7597,SLV,2,2095,63513.568359375,5724.91357421875,10.754112
7598,SLV,2,2100,66649.9609375,5597.88037109375,12.02524
7599,SOM,0,2020,8579.7294921875,16537.015625,0.5188197
7600,SOM,0,2025,12438.9169921875,19696.265625,0.6290461
7601,SOM,0,2030,19138.6015625,23580.10546875,0.8111248
7602,SOM,0,2035,26349.095703125,27980.935546875,0.9499542
7603,SOM,0,2040,36196.63671875,32804.40625,1.1274216
7604,SOM,0,2045,49311.28515625,37715.19140625,1.3217813
7605,SOM,0,2050,66600.140625,43495.484375,1.4993179
7606,SOM,0,2055,90906.5078125,49084.765625,1.7589616
7607,SOM,0,2060,125039.4921875,55201.5390625,2.316887
7608,SOM,0,2065,165377.59375,61946.75390625,2.7174144
7609,SOM,0,2070,217389.15625,68115.5546875,3.1519537
7610,SOM,0,2075,273507.4375,75429.5625,3.6634924
7611,SOM,0,2080,338255.1875,82605.2578125,3.9064734
7612,SOM,0,2085,459321.40625,90528.2578125,5.1094923
7613,SOM,0,2090,548707.1875,96957.265625,5.408149
7614,SOM,0,2095,695193.5625,103097.5078125,6.6285715
7615,SOM,0,2100,822305.8125,109967.4296875,7.4267926
7616,SOM,1,2020,8579.7294921875,16537.015625,0.5188197
7617,SOM,1,2025,13919.0302734375,19783.9140625,0.69759613
7618,SOM,1,2030,19892.912109375,23892.93359375,0.8237168
7619,SOM,1,2035,29630.8359375,29362.921875,1.051765
7620,SOM,1,2040,43068.27734375,33878.8125,1.3172076
7621,SOM,1,2045,61158.4453125,37883.5703125,1.4799992
7622,SOM,1,2050,97050.7578125,42924.5546875,2.1872966
7623,SOM,1,2055,138809.515625,49556.8359375,2.8828824
7624,SOM,1,2060,181435.828125,54977.75,3.3801842
7625,SOM,1,2065,279715.4375,62958.66015625,4.7214427
7626,SOM,1,2070,399771.90625,72422.0,5.915345
7627,SOM,1,2075,530986.125,80685.0078125,6.7326994
7628,SOM,1,2080,618954.75,90295.6015625,8.203553
7629,SOM,1,2085,853897.5625,99328.15625,9.95881
7630,SOM,1,2090,1107829.875,107722.6171875,13.12542
7631,SOM,1,2095,1515162.375,114628.6015625,18.257984
7632,SOM,1,2100,1973171.625,119067.8671875,23.193752
7633,SOM,2,2020,8579.7294921875,16537.015625,0.5188197
7634,SOM,2,2025,11999.93896484375,19743.69140625,0.60556376
7635,SOM,2,2030,15555.3447265625,23755.919921875,0.6634288
7636,SOM,2,2035,20671.0263671875,28337.822265625,0.7243306
7637,SOM,2,2040,26974.1875,32963.30859375,0.821066
7638,SOM,2,2045,35648.8828125,38007.56640625,0.97001153
7639,SOM,2,2050,46116.740234375,43606.93359375,1.0907122
7640,SOM,2,2055,59459.626953125,49382.66015625,1.1851774
7641,SOM,2,2060,74883.6328125,55839.5546875,1.4203323
7642,SOM,2,2065,91477.80078125,62958.66015625,1.4827998
7643,SOM,2,2070,113758.91015625,70044.6640625,1.6463267
7644,SOM,2,2075,141560.296875,76453.62890625,1.7970691
7645,SOM,2,2080,167364.59375,83246.3046875,2.0294998
7646,SOM,2,2085,192150.25,91149.1328125,2.2355363
7647,SOM,2,2090,235036.78125,98952.6875,2.4946172
7648,SOM,2,2095,275746.890625,105284.1640625,2.7072456
7649,SOM,2,2100,316049.765625,111422.84765625,2.9201214
7650,SRB,0,2020,45814.80859375,6899.1259765625,6.6406684
7651,SRB,0,2025,49613.12109375,6715.60009765625,7.390262
7652,SRB,0,2030,60382.59765625,6513.119140625,9.19371
7653,SRB,0,2035,62623.4140625,6286.37890625,10.061054
7654,SRB,0,2040,72238.7578125,6064.6953125,12.204415
7655,SRB,0,2045,76566.25,5829.21044921875,13.589392
7656,SRB,0,2050,81905.609375,5602.935546875,14.479485
7657,SRB,0,2055,87527.25,5372.80419921875,15.708543
7658,SRB,0,2060,103735.6328125,5148.1494140625,20.35003
7659,SRB,0,2065,112037.5703125,4938.40380859375,23.69113
7660,SRB,0,2070,117353.9609375,4710.728515625,24.62837
7661,SRB,0,2075,131810.875,4493.84814453125,29.640297
7662,SRB,0,2080,126193.46875,4297.22119140625,29.36763
7663,SRB,0,2085,134820.171875,4095.122802734375,32.55762
7664,SRB,0,2090,155018.953125,3896.022705078125,39.851307
7665,SRB,0,2095,153033.96875,3720.1279296875,43.557228
7666,SRB,0,2100,169621.359375,3575.39404296875,47.18693
7667,SRB,1,2020,45814.80859375,6899.1259765625,6.6406684
7668,SRB,1,2025,55308.03515625,6724.86279296875,8.290223
7669,SRB,1,2030,68487.7109375,6527.95068359375,10.543913
7670,SRB,1,2035,81513.9140625,6338.677734375,12.790941
7671,SRB,1,2040,92952.546875,6101.548828125,15.208195
7672,SRB,1,2045,98266.1171875,5862.64453125,16.7085
7673,SRB,1,2050,111222.1953125,5623.50537109375,20.016768
7674,SRB,1,2055,101290.109375,5429.626953125,18.181868
7675,SRB,1,2060,121076.390625,5243.87744140625,24.426716
7676,SRB,1,2065,150490.46875,5009.11328125,31.929811
7677,SRB,1,2070,173240.5,4804.7353515625,39.04768
7678,SRB,1,2075,213430.375,4607.60546875,49.5755
7679,SRB,1,2080,264561.0625,4386.9248046875,63.63438
7680,SRB,1,2085,291746.65625,4179.4814453125,71.79683
7681,SRB,1,2090,325078.90625,4013.171875,83.65834
7682,SRB,1,2095,339898.25,3835.375732421875,92.637405
7683,SRB,1,2100,377763.21875,3670.224609375,120.95579
7684,SRB,2,2020,45814.80859375,6899.1259765625,6.6406684
7685,SRB,2,2025,48015.466796875,6713.5439453125,7.1330986
7686,SRB,2,2030,52656.880859375,6512.64599609375,8.183203
7687,SRB,2,2035,53868.59375,6282.51806640625,8.661482
7688,SRB,2,2040,55381.359375,6055.08740234375,9.082514
7689,SRB,2,2045,54383.01953125,5812.029296875,9.213432
7690,SRB,2,2050,57090.052734375,5578.33203125,10.298413
7691,SRB,2,2055,56571.064453125,5360.21630859375,10.511972
7692,SRB,2,2060,55471.044921875,5128.9638671875,11.023942
7693,SRB,2,2065,55534.630859375,4922.109375,11.411066
7694,SRB,2,2070,55358.875,4703.76806640625,11.667561
7695,SRB,2,2075,54891.3515625,4483.15673828125,12.461385
7696,SRB,2,2080,55867.5078125,4298.84326171875,13.14718
7697,SRB,2,2085,54773.833984375,4088.805908203125,13.597827
7698,SRB,2,2090,58905.720703125,3896.6708984375,14.701682
7699,SRB,2,2095,62545.69921875,3718.845947265625,16.60511
7700,SRB,2,2100,65041.369140625,3578.06103515625,18.783436
7701,STP,0,2020,315.32122802734375,218.64100646972656,1.4421871
7702,STP,0,2025,404.3957214355469,242.7213897705078,1.6788539
7703,STP,0,2030,515.4024047851562,268.6083984375,1.9062722
7704,STP,0,2035,664.1145629882812,296.2310791015625,2.247166
7705,STP,0,2040,827.0595703125,322.64373779296875,2.5982957
7706,STP,0,2045,1049.3914794921875,349.6958312988281,3.0521486
7707,STP,0,2050,1333.8721923828125,375.8296203613281,3.5929976
7708,STP,0,2055,1710.0421142578125,404.1005554199219,4.2401357
7709,STP,0,2060,2140.759033203125,427.6101379394531,5.039714
7710,STP,0,2065,2549.244384765625,451.81439208984375,5.599994
7711,STP,0,2070,3108.84814453125,476.32696533203125,6.871092
7712,STP,0,2075,3647.986328125,500.72265625,7.4678426
7713,STP,0,2080,4076.6328125,520.7428588867188,7.501258
7714,STP,0,2085,4790.77587890625,544.7034301757812,9.193113
7715,STP,0,2090,5569.51904296875,563.8103637695312,10.517451
7716,STP,0,2095,6704.74169921875,580.4067993164062,11.879497
7717,STP,0,2100,7590.76513671875,593.91357421875,13.33985
7718,STP,1,2020,315.32122802734375,218.64100646972656,1.4421871
7719,STP,1,2025,439.171630859375,241.33311462402344,1.8516017
7720,STP,1,2030,563.7371826171875,271.26483154296875,2.0702991
7721,STP,1,2035,881.7076416015625,297.4632873535156,2.8620725
7722,STP,1,2040,1163.386474609375,326.273193359375,3.6309054
7723,STP,1,2045,1413.6407470703125,352.55621337890625,3.7103364
7724,STP,1,2050,2087.974609375,385.3551025390625,5.437157
7725,STP,1,2055,2688.094970703125,410.43902587890625,6.7861276
7726,STP,1,2060,3443.768798828125,439.0309143066406,7.8714814
7727,STP,1,2065,4613.01513671875,467.73638916015625,9.756224
7728,STP,1,2070,5818.328125,491.7332458496094,11.673915
7729,STP,1,2075,7368.4375,525.5579833984375,15.049749
7730,STP,1,2080,9141.0361328125,550.611572265625,17.086908
7731,STP,1,2085,10758.5185546875,571.42431640625,20.806015
7732,STP,1,2090,13100.673828125,603.8034057617188,24.483229
7733,STP,1,2095,16198.5166015625,619.5532836914062,29.854181
7734,STP,1,2100,18620.294921875,631.5819091796875,29.281445
7735,STP,2,2020,315.32122802734375,218.64100646972656,1.4421871
7736,STP,2,2025,378.01678466796875,242.70582580566406,1.5628384
7737,STP,2,2030,460.20745849609375,268.63250732421875,1.6878105
7738,STP,2,2035,543.3704833984375,296.42486572265625,1.8290417
7739,STP,2,2040,644.8707275390625,322.8133544921875,2.005207
7740,STP,2,2045,790.54638671875,347.8143615722656,2.296105
7741,STP,2,2050,907.9447021484375,374.27288818359375,2.3716617
7742,STP,2,2055,1038.843994140625,402.4521179199219,2.548382
7743,STP,2,2060,1162.4312744140625,426.4126892089844,2.6490061
7744,STP,2,2065,1307.7481689453125,449.2620849609375,2.8996222
7745,STP,2,2070,1431.394775390625,474.4625244140625,2.9558198
7746,STP,2,2075,1605.0125732421875,495.1631774902344,3.2583866
7747,STP,2,2080,1791.58154296875,516.92138671875,3.5022924
7748,STP,2,2085,2024.104248046875,538.002685546875,3.8709538
7749,STP,2,2090,2229.25830078125,556.5032958984375,4.0512085
7750,STP,2,2095,2445.95166015625,575.125244140625,4.2167883
7751,STP,2,2100,2683.20849609375,587.703369140625,4.5348907
7752,SUR,0,2020,4476.33203125,607.0650024414062,7.373728
7753,SUR,0,2025,5197.65380859375,631.7909545898438,8.202931
7754,SUR,0,2030,5982.0517578125,652.1331176757812,9.151694
7755,SUR,0,2035,7065.3525390625,672.1669311523438,10.622371
7756,SUR,0,2040,8451.634765625,681.4730224609375,12.361052
7757,SUR,0,2045,9790.083984375,684.701904296875,14.160621
7758,SUR,0,2050,11362.6103515625,695.0326538085938,15.998086
7759,SUR,0,2055,13260.0986328125,701.0941772460938,18.990942
7760,SUR,0,2060,15169.0205078125,699.3626098632812,21.791243
7761,SUR,0,2065,16741.28515625,702.31689453125,23.404644
7762,SUR,0,2070,18152.6484375,699.6190185546875,26.210024
7763,SUR,0,2075,20823.794921875,691.8928833007812,29.788534
7764,SUR,0,2080,22368.234375,681.9554443359375,32.395954
7765,SUR,0,2085,24428.40234375,679.245849609375,35.56788
7766,SUR,0,2090,25772.755859375,665.4722900390625,40.05012
7767,SUR,0,2095,28007.29296875,658.4277954101562,41.427944
7768,SUR,0,2100,29959.041015625,650.6854858398438,45.99055
7769,SUR,1,2020,4476.33203125,607.0650024414062,7.373728
7770,SUR,1,2025,5479.31201171875,631.0389404296875,8.789235
7771,SUR,1,2030,6619.47998046875,656.1844482421875,10.191257
7772,SUR,1,2035,8348.75,674.8457641601562,13.020442
7773,SUR,1,2040,10183.3896484375,673.4055786132812,15.608831
7774,SUR,1,2045,12423.185546875,683.881591796875,18.390598
7775,SUR,1,2050,15955.1982421875,705.2681274414062,24.290314
7776,SUR,1,2055,19187.46484375,717.8126831054688,29.808117
7777,SUR,1,2060,21751.03125,710.4912109375,29.82549
7778,SUR,1,2065,28202.19921875,705.7892456054688,39.083702
7779,SUR,1,2070,34301.765625,697.6622924804688,48.591408
7780,SUR,1,2075,43388.36328125,682.4356689453125,58.670376
7781,SUR,1,2080,51818.31640625,675.2918090820312,68.39779
7782,SUR,1,2085,61589.89453125,659.362548828125,91.36067
7783,SUR,1,2090,75267.7109375,656.4717407226562,116.331985
7784,SUR,1,2095,88621.9140625,663.3860473632812,137.26889
7785,SUR,1,2100,97356.0703125,672.69189453125,168.89868
7786,SUR,2,2020,4476.33203125,607.0650024414062,7.373728
7787,SUR,2,2025,4956.1767578125,632.3663330078125,7.8347983
7788,SUR,2,2030,5400.2421875,654.2744140625,8.279642
7789,SUR,2,2035,5895.451171875,673.187255859375,8.840459
7790,SUR,2,2040,6312.08447265625,686.8253784179688,9.404364
7791,SUR,2,2045,6842.513671875,696.1083984375,9.8248625
7792,SUR,2,2050,7289.58154296875,701.9183349609375,10.302234
7793,SUR,2,2055,7812.689453125,711.9623413085938,10.994129
7794,SUR,2,2060,8439.255859375,713.6414184570312,11.977559
7795,SUR,2,2065,9087.3115234375,716.4879760742188,12.457661
7796,SUR,2,2070,9606.359375,712.03369140625,13.321938
7797,SUR,2,2075,9978.6240234375,707.3959350585938,14.094209
7798,SUR,2,2080,10636.873046875,700.05419921875,15.003457
7799,SUR,2,2085,11242.009765625,691.306640625,16.744812
7800,SUR,2,2090,11898.1455078125,677.1978149414062,17.874632
7801,SUR,2,2095,12359.88671875,670.8895263671875,18.943129
7802,SUR,2,2100,12502.166015625,666.9871826171875,18.632076
7803,SVK,0,2020,97470.8359375,5458.8271484375,17.855637
7804,SVK,0,2025,113276.4609375,5427.8525390625,20.777325
7805,SVK,0,2030,125773.9140625,5354.93994140625,23.45069
7806,SVK,0,2035,137078.46875,5245.19287109375,26.177078
7807,SVK,0,2040,151204.015625,5110.71728515625,29.795364
7808,SVK,0,2045,177528.796875,4975.84814453125,35.90268
7809,SVK,0,2050,190298.03125,4833.14013671875,39.062805
7810,SVK,0,2055,207300.59375,4684.6005859375,43.846073
7811,SVK,0,2060,218836.34375,4532.81884765625,48.122986
7812,SVK,0,2065,236535.1875,4371.828125,54.614544
7813,SVK,0,2070,248542.828125,4218.859375,57.001266
7814,SVK,0,2075,276120.03125,4050.799560546875,67.97953
7815,SVK,0,2080,299881.65625,3905.9404296875,74.874695
7816,SVK,0,2085,352444.6875,3774.9365234375,93.07428
7817,SVK,0,2090,380570.9375,3670.022216796875,103.40243
7818,SVK,0,2095,401904.5,3575.927734375,112.40715
7819,SVK,0,2100,423968.28125,3497.220458984375,117.877785
7820,SVK,1,2020,97470.8359375,5458.8271484375,17.855637
7821,SVK,1,2025,118442.015625,5435.8720703125,21.826561
7822,SVK,1,2030,135445.796875,5367.111328125,25.40937
7823,SVK,1,2035,150050.78125,5282.58154296875,28.582203
7824,SVK,1,2040,170903.578125,5158.064453125,33.21102
7825,SVK,1,2045,222304.59375,5021.17138671875,44.873337
7826,SVK,1,2050,278022.84375,4888.76025390625,57.23443
7827,SVK,1,2055,280163.875,4756.01708984375,59.671864
7828,SVK,1,2060,359001.59375,4597.8935546875,79.035255
7829,SVK,1,2065,434708.6875,4424.068359375,98.387924
7830,SVK,1,2070,482338.21875,4239.9248046875,112.4536
7831,SVK,1,2075,573676.1875,4097.71630859375,133.22748
7832,SVK,1,2080,672183.125,3959.487548828125,164.31192
7833,SVK,1,2085,721177.125,3838.04541015625,180.93343
7834,SVK,1,2090,899137.6875,3729.317626953125,226.42358
7835,SVK,1,2095,1091939.25,3630.586669921875,291.37076
7836,SVK,1,2100,1226374.75,3566.35302734375,367.41595
7837,SVK,2,2020,97470.8359375,5458.8271484375,17.855637
7838,SVK,2,2025,107650.36328125,5427.66552734375,19.874422
7839,SVK,2,2030,110228.48046875,5354.75537109375,20.538353
7840,SVK,2,2035,116651.9140625,5245.19287109375,22.276989
7841,SVK,2,2040,121911.0859375,5111.619140625,23.859743
7842,SVK,2,2045,127728.3984375,4976.607421875,25.854122
7843,SVK,2,2050,125025.1484375,4837.56005859375,25.472988
7844,SVK,2,2055,135556.5703125,4691.908203125,28.761797
7845,SVK,2,2060,133240.3828125,4534.2685546875,29.614079
7846,SVK,2,2065,139958.28125,4375.85546875,32.127834
7847,SVK,2,2070,143698.671875,4217.8623046875,35.072113
7848,SVK,2,2075,155915.3359375,4050.46142578125,39.686848
7849,SVK,2,2080,147861.0234375,3908.885498046875,38.300793
7850,SVK,2,2085,153423.9296875,3775.00634765625,41.400726
7851,SVK,2,2090,160483.2890625,3674.51416015625,44.7657
7852,SVK,2,2095,165795.3125,3579.19384765625,46.54194
7853,SVK,2,2100,170168.96875,3494.330078125,50.284355
7854,SVN,0,2020,48932.5546875,2102.4189453125,23.274406
7855,SVN,0,2025,54256.15625,2097.0380859375,25.967838
7856,SVN,0,2030,60051.74609375,2081.64501953125,28.928543
7857,SVN,0,2035,66097.2109375,2058.849365234375,32.26925
7858,SVN,0,2040,75719.84375,2025.240478515625,37.495884
7859,SVN,0,2045,81896.0390625,1993.1185302734375,41.509266
7860,SVN,0,2050,91161.5078125,1950.0870361328125,46.695084
7861,SVN,0,2055,102396.75,1910.1861572265625,54.165073
7862,SVN,0,2060,112432.1484375,1859.6763916015625,59.41023
7863,SVN,0,2065,124064.859375,1817.7598876953125,70.90891
7864,SVN,0,2070,126585.4375,1774.4254150390625,72.14728
7865,SVN,0,2075,134476.71875,1731.0146484375,74.462616
7866,SVN,0,2080,138809.765625,1693.221435546875,82.649506
7867,SVN,0,2085,154759.390625,1661.874755859375,94.34352
7868,SVN,0,2090,160340.421875,1638.3822021484375,97.362915
7869,SVN,0,2095,171823.140625,1621.390380859375,106.72418
7870,SVN,0,2100,177323.453125,1600.126953125,110.13617
7871,SVN,1,2020,48932.5546875,2102.4189453125,23.274406
7872,SVN,1,2025,55744.61328125,2096.826416015625,26.581486
7873,SVN,1,2030,65917.6015625,2088.19580078125,31.380486
7874,SVN,1,2035,79111.796875,2070.95703125,38.37224
7875,SVN,1,2040,89135.484375,2040.321044921875,43.289482
7876,SVN,1,2045,101314.8203125,2009.79638671875,47.77282
7877,SVN,1,2050,131677.109375,1987.2364501953125,66.40493
7878,SVN,1,2055,164771.296875,1951.4248046875,91.10711
7879,SVN,1,2060,171829.109375,1894.438232421875,87.07247
7880,SVN,1,2065,215391.953125,1859.4093017578125,124.306564
7881,SVN,1,2070,269077.65625,1822.8798828125,162.32056
7882,SVN,1,2075,313710.96875,1766.5819091796875,191.3291
7883,SVN,1,2080,354251.1875,1740.4346923828125,213.53844
7884,SVN,1,2085,400559.09375,1712.9857177734375,246.59708
7885,SVN,1,2090,454483.1875,1681.156494140625,293.63162
7886,SVN,1,2095,492528.78125,1642.62548828125,316.0192
7887,SVN,1,2100,586749.125,1624.1766357421875,402.725
7888,SVN,2,2020,48932.5546875,2102.4189453125,23.274406
7889,SVN,2,2025,52603.8359375,2095.41259765625,25.095018
7890,SVN,2,2030,52930.37109375,2077.875732421875,25.47767
7891,SVN,2,2035,55806.423828125,2051.195556640625,27.163076
7892,SVN,2,2040,58226.48828125,2017.7659912109375,29.298395
7893,SVN,2,2045,59775.3984375,1983.4825439453125,29.881147
7894,SVN,2,2050,61149.3359375,1944.46142578125,31.826323
7895,SVN,2,2055,61388.705078125,1898.978515625,33.00024
7896,SVN,2,2060,63106.763671875,1848.938232421875,34.537155
7897,SVN,2,2065,64622.119140625,1802.3927001953125,36.319656
7898,SVN,2,2070,65197.875,1757.1199951171875,36.47986
7899,SVN,2,2075,66758.6328125,1716.5777587890625,38.978462
7900,SVN,2,2080,68374.3046875,1681.311767578125,40.731182
7901,SVN,2,2085,71706.9296875,1654.828857421875,43.285927
7902,SVN,2,2090,74017.74609375,1630.55419921875,45.857536
7903,SVN,2,2095,77081.2578125,1607.07080078125,48.059204
7904,SVN,2,2100,79734.18359375,1591.702880859375,51.3674
7905,SWE,0,2020,545161.3125,10353.4423828125,52.655075
7906,SWE,0,2025,608212.4375,10646.2890625,56.940834
7907,SWE,0,2030,709734.5625,10892.958984375,65.13128
7908,SWE,0,2035,781611.375,11085.359375,71.11322
7909,SWE,0,2040,881083.5,11227.0556640625,78.31399
7910,SWE,0,2045,1037779.75,11386.419921875,92.06395
7911,SWE,0,2050,1177427.125,11530.33203125,103.137924
7912,SWE,0,2055,1357945.25,11661.7978515625,117.32228
7913,SWE,0,2060,1539328.0,11746.5615234375,133.67513
7914,SWE,0,2065,1688073.125,11840.19140625,141.3561
7915,SWE,0,2070,1837843.5,11922.865234375,156.137
7916,SWE,0,2075,2076913.5,11972.1025390625,171.86545
7917,SWE,0,2080,2280040.0,12048.8583984375,189.90036
7918,SWE,0,2085,2535007.25,12098.7822265625,211.34612
7919,SWE,0,2090,2593790.25,12132.07421875,211.70601
7920,SWE,0,2095,2753122.5,12191.736328125,226.63716
7921,SWE,0,2100,2913173.5,12278.8095703125,238.74442
7922,SWE,1,2020,545161.3125,10353.4423828125,52.655075
7923,SWE,1,2025,630578.25,10657.8798828125,59.19354
7924,SWE,1,2030,734744.4375,10862.3232421875,67.85258
7925,SWE,1,2035,961444.4375,11046.83203125,88.876854
7926,SWE,1,2040,1155122.625,11213.8310546875,102.67958
7927,SWE,1,2045,1287442.75,11332.7724609375,116.36262
7928,SWE,1,2050,1721539.0,11493.7666015625,147.82729
7929,SWE,1,2055,2092760.625,11646.0224609375,183.26498
7930,SWE,1,2060,2302486.25,11706.4794921875,184.8415
7931,SWE,1,2065,2837242.0,11768.009765625,235.83904
7932,SWE,1,2070,3876362.25,11841.7685546875,352.1814
7933,SWE,1,2075,4552922.0,11917.2099609375,397.3563
7934,SWE,1,2080,5279968.5,11912.4091796875,464.9512
7935,SWE,1,2085,5975353.0,11933.6962890625,481.11722
7936,SWE,1,2090,6998854.5,11970.1455078125,590.40454
7937,SWE,1,2095,7973585.0,12114.986328125,689.14813
7938,SWE,1,2100,8169741.0,12268.5927734375,636.4175
7939,SWE,2,2020,545161.3125,10353.4423828125,52.655075
7940,SWE,2,2025,601171.90625,10643.9658203125,56.427807
7941,SWE,2,2030,641321.34375,10885.4765625,59.07814
7942,SWE,2,2035,681262.53125,11077.5341796875,62.05515
7943,SWE,2,2040,706116.9375,11221.5322265625,62.755245
7944,SWE,2,2045,761998.125,11368.6806640625,66.71072
7945,SWE,2,2050,799350.6875,11515.408203125,70.45204
7946,SWE,2,2055,842281.75,11650.1865234375,73.31612
7947,SWE,2,2060,900379.34375,11742.6904296875,77.65581
7948,SWE,2,2065,944615.34375,11831.408203125,81.45198
7949,SWE,2,2070,998991.96875,11920.2509765625,83.70421
7950,SWE,2,2075,1034440.9375,11968.490234375,86.11118
7951,SWE,2,2080,1100770.6875,12045.78515625,90.77762
7952,SWE,2,2085,1168479.875,12086.15234375,94.59615
7953,SWE,2,2090,1232183.3125,12159.80859375,102.60891
7954,SWE,2,2095,1287857.4375,12193.4921875,105.24851
7955,SWE,2,2100,1319317.875,12281.634765625,109.37481
7956,SWZ,0,2020,4394.76123046875,1180.655029296875,3.7223077
7957,SWZ,0,2025,5156.21533203125,1238.7020263671875,4.161143
7958,SWZ,0,2030,6279.76318359375,1296.8514404296875,4.871555
7959,SWZ,0,2035,7441.2861328125,1349.66259765625,5.5237474
7960,SWZ,0,2040,8721.75,1397.3590087890625,6.2251387
7961,SWZ,0,2045,10176.5302734375,1440.0653076171875,7.0886693
7962,SWZ,0,2050,11891.0771484375,1472.5443115234375,8.145571
7963,SWZ,0,2055,13773.396484375,1500.278076171875,9.260573
7964,SWZ,0,2060,15833.486328125,1510.821533203125,10.368922
7965,SWZ,0,2065,17926.55078125,1519.65380859375,12.046279
7966,SWZ,0,2070,20630.0234375,1508.8131103515625,13.507101
7967,SWZ,0,2075,23409.9765625,1493.1875,15.498984
7968,SWZ,0,2080,26055.626953125,1476.2430419921875,17.097734
7969,SWZ,0,2085,28556.048828125,1462.3154296875,19.167889
7970,SWZ,0,2090,30814.376953125,1438.001220703125,21.064053
7971,SWZ,0,2095,33511.28125,1402.3482666015625,23.917955
7972,SWZ,0,2100,35761.921875,1368.8685302734375,25.993559
7973,SWZ,1,2020,4394.76123046875,1180.655029296875,3.7223077
7974,SWZ,1,2025,5887.9453125,1241.257568359375,4.7569613
7975,SWZ,1,2030,7580.6025390625,1299.9122314453125,5.856623
7976,SWZ,1,2035,10791.6826171875,1361.708984375,8.226544
7977,SWZ,1,2040,12455.8076171875,1410.8111572265625,8.814965
7978,SWZ,1,2045,15474.8466796875,1456.554443359375,10.671147
7979,SWZ,1,2050,20432.435546875,1480.0723876953125,13.671526
7980,SWZ,1,2055,24682.751953125,1511.2740478515625,17.13116
7981,SWZ,1,2060,31804.205078125,1512.20654296875,21.222933
7982,SWZ,1,2065,38289.3125,1510.76123046875,24.14854
7983,SWZ,1,2070,46221.46875,1512.510498046875,30.221851
7984,SWZ,1,2075,55546.7265625,1501.778564453125,36.916595
7985,SWZ,1,2080,67773.8125,1478.4273681640625,45.16291
7986,SWZ,1,2085,77600.7265625,1464.6854248046875,51.889175
7987,SWZ,1,2090,90182.9609375,1430.0745849609375,63.99116
7988,SWZ,1,2095,112443.4375,1408.13525390625,79.764114
7989,SWZ,1,2100,117170.53125,1351.339599609375,93.205666
7990,SWZ,2,2020,4394.76123046875,1180.655029296875,3.7223077
7991,SWZ,2,2025,5051.4892578125,1238.7247314453125,4.097436
7992,SWZ,2,2030,5685.53125,1296.2578125,4.387501
7993,SWZ,2,2035,6333.7626953125,1352.1455078125,4.612885
7994,SWZ,2,2040,7067.2158203125,1398.284912109375,5.0347476
7995,SWZ,2,2045,8041.8740234375,1440.0291748046875,5.6119757
7996,SWZ,2,2050,8683.5615234375,1472.568359375,5.8799715
7997,SWZ,2,2055,9194.6513671875,1497.1146240234375,6.201046
7998,SWZ,2,2060,9923.99609375,1506.095703125,6.769999
7999,SWZ,2,2065,10864.5703125,1511.40966796875,7.3071027
8000,SWZ,2,2070,11222.40625,1505.5013427734375,7.302581
8001,SWZ,2,2075,12055.115234375,1493.1875,8.129539
8002,SWZ,2,2080,13066.701171875,1477.728271484375,8.634267
8003,SWZ,2,2085,13615.0595703125,1464.6854248046875,9.214611
8004,SWZ,2,2090,14178.154296875,1438.001220703125,9.743039
8005,SWZ,2,2095,14956.8935546875,1402.3482666015625,10.299748
8006,SWZ,2,2100,14691.9912109375,1368.857177734375,10.62439
8007,SYR,0,2020,15887.9013671875,20772.595703125,0.7648491
8008,SYR,0,2025,19487.30859375,22205.224609375,0.86566144
8009,SYR,0,2030,27357.841796875,24126.724609375,1.1137507
8010,SYR,0,2035,33467.39453125,25975.638671875,1.2364323
8011,SYR,0,2040,43331.04296875,27579.52734375,1.5743581
8012,SYR,0,2045,55247.5,28838.263671875,1.9626496
8013,SYR,0,2050,67888.1484375,29996.578125,2.263629
8014,SYR,0,2055,84950.3203125,31074.05078125,2.7105541
8015,SYR,0,2060,97933.984375,31881.46875,3.0839226
8016,SYR,0,2065,119427.375,32624.361328125,3.4200916
8017,SYR,0,2070,146173.96875,33092.4765625,4.6606646
8018,SYR,0,2075,164652.546875,33618.625,5.195236
8019,SYR,0,2080,195772.65625,33853.94921875,5.451338
8020,SYR,0,2085,219124.5625,33853.7109375,6.639534
8021,SYR,0,2090,244078.78125,34047.69921875,7.197528
8022,SYR,0,2095,278646.90625,33765.88671875,8.028333
8023,SYR,0,2100,316830.21875,33768.0703125,9.5294285
8024,SYR,1,2020,15887.9013671875,20772.595703125,0.7648491
8025,SYR,1,2025,20823.462890625,22283.875,0.9278587
8026,SYR,1,2030,28044.587890625,24657.177734375,1.1482426
8027,SYR,1,2035,33228.5859375,26388.080078125,1.2153201
8028,SYR,1,2040,48297.90625,27821.208984375,1.7213529
8029,SYR,1,2045,61457.2421875,28800.365234375,2.1183293
8030,SYR,1,2050,80360.9375,29836.244140625,2.779974
8031,SYR,1,2055,111669.0234375,30385.837890625,3.617107
8032,SYR,1,2060,144705.796875,31863.322265625,4.482013
8033,SYR,1,2065,201840.703125,33791.4609375,5.930625
8034,SYR,1,2070,242117.375,34517.703125,6.975113
8035,SYR,1,2075,325054.65625,35682.9375,10.714838
8036,SYR,1,2080,379346.8125,35603.78515625,12.08543
8037,SYR,1,2085,479728.21875,34997.9296875,14.810769
8038,SYR,1,2090,508002.09375,35252.87890625,16.76442
8039,SYR,1,2095,666759.875,35433.37109375,19.464804
8040,SYR,1,2100,790558.375,36642.22265625,25.86309
8041,SYR,2,2020,15887.9013671875,20772.595703125,0.7648491
8042,SYR,2,2025,19714.77734375,22212.3046875,0.88524854
8043,SYR,2,2030,24430.818359375,24163.203125,0.9870219
8044,SYR,2,2035,29277.3876953125,25918.7734375,1.1323588
8045,SYR,2,2040,34577.736328125,27584.078125,1.2292
8046,SYR,2,2045,40718.83984375,28926.677734375,1.3926144
8047,SYR,2,2050,45139.857421875,29736.71484375,1.4949278
8048,SYR,2,2055,53290.310546875,30845.947265625,1.6903976
8049,SYR,2,2060,62666.03125,31833.5693359375,2.0241652
8050,SYR,2,2065,72572.93359375,32710.40625,2.1940448
8051,SYR,2,2070,82091.046875,32896.88671875,2.560461
8052,SYR,2,2075,89182.58203125,33140.482421875,2.5793955
8053,SYR,2,2080,95952.2578125,33838.234375,2.6558604
8054,SYR,2,2085,109773.41015625,33933.11328125,3.1993656
8055,SYR,2,2090,114508.36328125,34453.17578125,3.2802854
8056,SYR,2,2095,122486.0703125,34221.48828125,3.2735107
8057,SYR,2,2100,129525.90625,33987.91015625,3.5800598
8058,TCD,0,2020,10497.6748046875,16644.701171875,0.6306917
8059,TCD,0,2025,14354.3369140625,19190.44921875,0.7421414
8060,TCD,0,2030,20246.154296875,21899.619140625,0.9295433
8061,TCD,0,2035,25722.568359375,24777.5390625,1.0349522
8062,TCD,0,2040,33306.59375,27734.966796875,1.2084858
8063,TCD,0,2045,45524.32421875,30739.09375,1.503712
8064,TCD,0,2050,63347.2421875,33786.71484375,1.8543116
8065,TCD,0,2055,80140.515625,36997.65625,2.187651
8066,TCD,0,2060,102104.921875,39933.078125,2.573017
8067,TCD,0,2065,124672.09375,42919.01171875,2.927225
8068,TCD,0,2070,148662.65625,45553.3671875,3.3120403
8069,TCD,0,2075,184845.0,48383.86328125,3.8950312
8070,TCD,0,2080,217652.328125,50732.9765625,4.35149
8071,TCD,0,2085,277720.21875,52783.14453125,5.0800266
8072,TCD,0,2090,313883.125,54695.58203125,5.8374476
8073,TCD,0,2095,370584.0,56335.50390625,6.674423
8074,TCD,0,2100,438621.21875,57711.1015625,7.6235747
8075,TCD,1,2020,10497.6748046875,16644.701171875,0.6306917
8076,TCD,1,2025,14182.5830078125,19132.314453125,0.7441704
8077,TCD,1,2030,23085.09375,21838.439453125,1.0478868
8078,TCD,1,2035,37392.86328125,24552.78515625,1.5287993
8079,TCD,1,2040,49744.81640625,27521.18359375,1.8535033
8080,TCD,1,2045,63955.8125,30575.91015625,2.1115887
8081,TCD,1,2050,85238.109375,33970.14453125,2.5458126
8082,TCD,1,2055,98673.203125,37211.6640625,2.8218298
8083,TCD,1,2060,139094.90625,40317.09375,3.3694484
8084,TCD,1,2065,193107.78125,43681.34375,3.9984906
8085,TCD,1,2070,273520.875,47319.01953125,6.29436
8086,TCD,1,2075,360050.8125,49942.18359375,8.30534
8087,TCD,1,2080,422211.75,52723.41796875,9.059431
8088,TCD,1,2085,489409.96875,55730.5703125,9.324951
8089,TCD,1,2090,642952.25,57891.94921875,11.889977
8090,TCD,1,2095,797743.4375,60348.34375,12.618817
8091,TCD,1,2100,993748.9375,61824.80859375,18.931156
8092,TCD,2,2020,10497.6748046875,16644.701171875,0.6306917
8093,TCD,2,2025,13774.0673828125,19165.123046875,0.72164536
8094,TCD,2,2030,16766.12109375,21891.71484375,0.75940144
8095,TCD,2,2035,19804.859375,24719.6171875,0.7888967
8096,TCD,2,2040,25334.072265625,27676.6376953125,0.91301584
8097,TCD,2,2045,32848.3828125,30685.017578125,1.0682924
8098,TCD,2,2050,41327.6015625,33700.6796875,1.2577844
8099,TCD,2,2055,47915.3828125,36898.984375,1.3180997
8100,TCD,2,2060,60497.3046875,39969.70703125,1.5901114
8101,TCD,2,2065,69611.265625,42942.75,1.6843379
8102,TCD,2,2070,81335.41796875,45553.3671875,1.8038111
8103,TCD,2,2075,97329.8828125,48215.33984375,2.1341512
8104,TCD,2,2080,111200.0078125,50540.37109375,2.2880657
8105,TCD,2,2085,120736.734375,52619.953125,2.3572116
8106,TCD,2,2090,133585.125,54492.37890625,2.6016455
8107,TCD,2,2095,144304.2578125,56346.748046875,2.7092855
8108,TCD,2,2100,161344.71875,57725.462890625,2.8844557
8109,TGO,0,2020,7102.48486328125,8442.580078125,0.8412695
8110,TGO,0,2025,9306.2919921875,9436.4072265625,0.98630404
8111,TGO,0,2030,13403.8681640625,10492.8564453125,1.2655458
8112,TGO,0,2035,16998.267578125,11530.958984375,1.4749529
8113,TGO,0,2040,21926.603515625,12616.5576171875,1.7290049
8114,TGO,0,2045,28889.404296875,13686.4580078125,2.0834816
8115,TGO,0,2050,37636.98828125,14673.486328125,2.5327764
8116,TGO,0,2055,48422.91796875,15698.970703125,3.0693684
8117,TGO,0,2060,61509.01171875,16770.484375,3.7227013
8118,TGO,0,2065,78601.1640625,17725.947265625,4.4733357
8119,TGO,0,2070,93241.875,18628.291015625,5.0101833
8120,TGO,0,2075,111150.3359375,19574.62890625,5.803907
8121,TGO,0,2080,130285.8671875,20275.927734375,6.513573
8122,TGO,0,2085,157463.09375,20933.90625,7.521718
8123,TGO,0,2090,177633.390625,21446.193359375,8.465253
8124,TGO,0,2095,208223.703125,22122.0234375,9.516265
8125,TGO,0,2100,248140.84375,22542.837890625,11.49237
8126,TGO,1,2020,7102.48486328125,8442.580078125,0.8412695
8127,TGO,1,2025,10905.4267578125,9484.9091796875,1.1536268
8128,TGO,1,2030,14987.599609375,10523.482421875,1.4556865
8129,TGO,1,2035,22254.087890625,11498.53515625,1.8904136
8130,TGO,1,2040,32148.125,12602.2919921875,2.5588028
8131,TGO,1,2045,42948.96484375,13709.6259765625,3.0596929
8132,TGO,1,2050,61501.796875,14564.3388671875,4.4092045
8133,TGO,1,2055,81078.421875,15600.25390625,5.0641656
8134,TGO,1,2060,109435.4921875,16463.556640625,6.716147
8135,TGO,1,2065,149434.90625,17431.169921875,8.099516
8136,TGO,1,2070,176658.53125,18400.53125,9.60073
8137,TGO,1,2075,225184.578125,19283.947265625,10.976856
8138,TGO,1,2080,289603.9375,20168.63671875,15.479176
8139,TGO,1,2085,380712.53125,20764.77734375,19.975283
8140,TGO,1,2090,497961.09375,21426.603515625,25.777334
8141,TGO,1,2095,586226.125,21940.470703125,27.635757
8142,TGO,1,2100,597848.75,22350.73046875,25.57378
8143,TGO,2,2020,7102.48486328125,8442.580078125,0.8412695
8144,TGO,2,2025,9113.994140625,9449.1923828125,0.9668088
8145,TGO,2,2030,10859.13916015625,10506.345703125,1.0305309
8146,TGO,2,2035,13233.27490234375,11555.2216796875,1.1370746
8147,TGO,2,2040,16207.57568359375,12664.4931640625,1.2572663
8148,TGO,2,2045,19735.642578125,13739.5771484375,1.4358674
8149,TGO,2,2050,23850.58984375,14744.5673828125,1.6303936
8150,TGO,2,2055,27140.310546875,15766.09375,1.7316035
8151,TGO,2,2060,30773.591796875,16842.90625,1.814729
8152,TGO,2,2065,35796.484375,17754.14453125,2.057641
8153,TGO,2,2070,43386.03125,18725.72265625,2.380029
8154,TGO,2,2075,49494.369140625,19621.310546875,2.4327464
8155,TGO,2,2080,58149.478515625,20250.212890625,2.8490164
8156,TGO,2,2085,62162.17578125,20869.833984375,2.932707
8157,TGO,2,2090,70316.70703125,21393.283203125,3.3587375
8158,TGO,2,2095,78440.66796875,21890.2529296875,3.5971348
8159,TGO,2,2100,86188.02734375,22218.4892578125,3.822961
8160,THA,0,2020,438136.5625,71475.6640625,6.1298704
8161,THA,0,2025,494216.53125,72052.140625,6.8246417
8162,THA,0,2030,566393.6875,72200.046875,7.7715907
8163,THA,0,2035,608546.9375,71801.6796875,8.477323
8164,THA,0,2040,694672.5,71008.2421875,9.916725
8165,THA,0,2045,777914.8125,69811.484375,11.063394
8166,THA,0,2050,862679.0625,68171.1171875,12.717647
8167,THA,0,2055,939813.0,66292.3203125,14.398249
8168,THA,0,2060,1065058.25,64143.29296875,16.707767
8169,THA,0,2065,1209213.125,62007.91015625,19.699701
8170,THA,0,2070,1196605.375,60124.37109375,20.391523
8171,THA,0,2075,1289725.25,58037.88671875,22.513073
8172,THA,0,2080,1382387.625,56200.37890625,25.30691
8173,THA,0,2085,1448859.375,54293.45703125,26.509245
8174,THA,0,2090,1475547.75,52680.44921875,28.210167
8175,THA,0,2095,1537598.875,50855.8125,30.655617
8176,THA,0,2100,1613177.375,49377.49609375,33.55458
8177,THA,1,2020,438136.5625,71475.6640625,6.1298704
8178,THA,1,2025,539671.5,71931.984375,7.514822
8179,THA,1,2030,582492.75,72187.484375,8.063784
8180,THA,1,2035,700344.625,71777.421875,9.793433
8181,THA,1,2040,872909.25,70897.328125,12.258788
8182,THA,1,2045,879069.875,69902.65625,12.907732
8183,THA,1,2050,1100616.25,68635.2890625,16.350435
8184,THA,1,2055,1261145.125,66586.703125,19.167316
8185,THA,1,2060,1418085.25,64426.9921875,22.253695
8186,THA,1,2065,1930459.625,62283.66015625,31.526997
8187,THA,1,2070,2324283.25,60519.72265625,41.941593
8188,THA,1,2075,2645000.5,58406.421875,47.977528
8189,THA,1,2080,2871061.0,56524.80859375,49.04389
8190,THA,1,2085,3718283.0,54436.109375,63.464725
8191,THA,1,2090,4445069.5,52680.44921875,85.079666
8192,THA,1,2095,4368761.0,51197.66015625,98.81901
8193,THA,1,2100,4832239.5,49672.3046875,112.87931
8194,THA,2,2020,438136.5625,71475.6640625,6.1298704
8195,THA,2,2025,462592.265625,72078.40625,6.422766
8196,THA,2,2030,497976.015625,72209.9765625,6.9222965
8197,THA,2,2035,510909.1875,71809.5625,7.1399
8198,THA,2,2040,554815.375,71017.046875,7.847862
8199,THA,2,2045,546599.75,69767.546875,7.7509
8200,THA,2,2050,526294.34375,68235.1875,7.744164
8201,THA,2,2055,537827.125,66368.109375,8.141253
8202,THA,2,2060,536370.71875,64369.09765625,8.3658695
8203,THA,2,2065,549474.65625,62283.66015625,8.8249655
8204,THA,2,2070,547616.03125,60288.62109375,9.292661
8205,THA,2,2075,554201.21875,58212.24609375,9.357743
8206,THA,2,2080,570197.71875,56332.26171875,10.163686
8207,THA,2,2085,599634.8125,54373.125,11.27327
8208,THA,2,2090,604136.3125,52714.4140625,11.591429
8209,THA,2,2095,592471.125,51088.00390625,12.312717
8210,THA,2,2100,609311.71875,49546.875,12.601884
8211,TJK,0,2020,11579.69921875,9543.20703125,1.213397
8212,TJK,0,2025,15166.7587890625,10574.1953125,1.4354178
8213,TJK,0,2030,20647.685546875,11580.5078125,1.7812828
8214,TJK,0,2035,26457.638671875,12661.6875,2.0788233
8215,TJK,0,2040,34971.26171875,13852.1455078125,2.4956284
8216,TJK,0,2045,47115.18359375,15101.80078125,3.1924682
8217,TJK,0,2050,58872.671875,16266.03515625,3.6067336
8218,TJK,0,2055,74192.4140625,17386.708984375,4.249841
8219,TJK,0,2060,92669.2265625,18521.91796875,5.154545
8220,TJK,0,2065,111464.046875,19512.775390625,5.7139482
8221,TJK,0,2070,142494.390625,20698.939453125,6.9602275
8222,TJK,0,2075,164552.359375,21602.572265625,7.6926394
8223,TJK,0,2080,200232.109375,22423.021484375,8.5448
8224,TJK,0,2085,227380.28125,23214.029296875,9.814577
8225,TJK,0,2090,266209.1875,24101.705078125,10.816466
8226,TJK,0,2095,315039.0,24682.453125,13.072756
8227,TJK,0,2100,384494.03125,24973.431640625,15.008904
8228,TJK,1,2020,11579.69921875,9543.20703125,1.213397
8229,TJK,1,2025,16502.208984375,10563.9755859375,1.5752916
8230,TJK,1,2030,21386.193359375,11531.2548828125,1.8287876
8231,TJK,1,2035,29702.197265625,12660.888671875,2.3141284
8232,TJK,1,2040,41912.140625,13871.4013671875,3.0226293
8233,TJK,1,2045,56872.46484375,15088.7568359375,3.777544
8234,TJK,1,2050,76044.53125,16232.921875,4.6234384
8235,TJK,1,2055,133418.3125,17245.166015625,7.9167223
8236,TJK,1,2060,168531.640625,18268.86328125,9.345482
8237,TJK,1,2065,232778.015625,19252.41796875,12.492793
8238,TJK,1,2070,281634.90625,20264.84765625,12.830164
8239,TJK,1,2075,407375.90625,21288.705078125,19.100117
8240,TJK,1,2080,425866.4375,22048.5,21.954443
8241,TJK,1,2085,548308.125,23068.412109375,26.182114
8242,TJK,1,2090,626394.1875,23871.3671875,29.040485
8243,TJK,1,2095,791476.0,24251.306640625,30.430704
8244,TJK,1,2100,1018082.25,24525.47265625,45.828583
8245,TJK,2,2020,11579.69921875,9543.20703125,1.213397
8246,TJK,2,2025,14738.53173828125,10582.103515625,1.3838192
8247,TJK,2,2030,17954.7412109375,11586.806640625,1.5437329
8248,TJK,2,2035,22178.03515625,12678.0,1.7806214
8249,TJK,2,2040,28355.6767578125,13885.4140625,2.0436351
8250,TJK,2,2045,35912.173828125,15132.4853515625,2.4525673
8251,TJK,2,2050,40260.80078125,16268.4462890625,2.4588072
8252,TJK,2,2055,51011.20703125,17377.037109375,2.9212148
8253,TJK,2,2060,63956.80078125,18466.322265625,3.587721
8254,TJK,2,2065,72600.0625,19515.8203125,3.7131262
8255,TJK,2,2070,86279.375,20653.49609375,4.207498
8256,TJK,2,2075,96869.65625,21533.8828125,4.5965266
8257,TJK,2,2080,101911.73046875,22375.212890625,4.5196595
8258,TJK,2,2085,122355.25,23242.4765625,5.150818
8259,TJK,2,2090,133824.4921875,24101.705078125,5.3683887
8260,TJK,2,2095,150167.0078125,24708.302734375,6.284088
8261,TJK,2,2100,162490.015625,25156.017578125,6.3396873
8262,TKM,0,2020,44752.87109375,6250.43798828125,7.159958
8263,TKM,0,2025,53527.390625,6668.67041015625,7.9714813
8264,TKM,0,2030,64522.7890625,7026.77001953125,9.077559
8265,TKM,0,2035,72391.7265625,7347.7265625,9.901885
8266,TKM,0,2040,88270.4296875,7666.291015625,11.58317
8267,TKM,0,2045,103902.5078125,7962.6162109375,12.922529
8268,TKM,0,2050,121343.59375,8211.0537109375,14.85477
8269,TKM,0,2055,139932.25,8421.7783203125,16.817785
8270,TKM,0,2060,167031.109375,8555.6962890625,19.515406
8271,TKM,0,2065,196758.390625,8676.20703125,23.010115
8272,TKM,0,2070,205632.09375,8758.560546875,23.818195
8273,TKM,0,2075,230378.53125,8752.181640625,26.296255
8274,TKM,0,2080,256944.9375,8828.23828125,29.559582
8275,TKM,0,2085,278746.375,8859.5986328125,30.963963
8276,TKM,0,2090,294846.5,8842.646484375,32.95071
8277,TKM,0,2095,316687.03125,8776.970703125,35.807106
8278,TKM,0,2100,348050.25,8709.02734375,39.193226
8279,TKM,1,2020,44752.87109375,6250.43798828125,7.159958
8280,TKM,1,2025,58641.8046875,6677.9306640625,8.777641
8281,TKM,1,2030,66477.0234375,7052.92822265625,9.418853
8282,TKM,1,2035,84478.921875,7353.28662109375,11.439159
8283,TKM,1,2040,111670.609375,7684.021484375,14.318803
8284,TKM,1,2045,120190.3359375,7939.3173828125,15.0767975
8285,TKM,1,2050,159920.875,8178.40869140625,19.098026
8286,TKM,1,2055,190584.015625,8463.966796875,22.388266
8287,TKM,1,2060,229175.234375,8626.318359375,25.993292
8288,TKM,1,2065,316528.34375,8729.2548828125,36.824917
8289,TKM,1,2070,407481.875,8793.451171875,48.98962
8290,TKM,1,2075,488080.03125,8796.8388671875,56.039856
8291,TKM,1,2080,557242.3125,8899.5830078125,57.28542
8292,TKM,1,2085,698853.5,8957.7080078125,74.129585
8293,TKM,1,2090,861563.0,8964.7421875,99.37678
8294,TKM,1,2095,917348.0,8995.4765625,115.424934
8295,TKM,1,2100,1035545.25,8939.212890625,131.84799
8296,TKM,2,2020,44752.87109375,6250.43798828125,7.159958
8297,TKM,2,2025,50047.517578125,6669.08203125,7.5020723
8298,TKM,2,2030,56677.634765625,7026.77001953125,8.085546
8299,TKM,2,2035,61000.76171875,7347.7265625,8.339716
8300,TKM,2,2040,69867.78125,7666.90673828125,9.166647
8301,TKM,2,2045,72640.296875,7962.0947265625,9.053391
8302,TKM,2,2050,74056.2578125,8204.1337890625,9.045524
8303,TKM,2,2055,79155.16796875,8415.9765625,9.509341
8304,TKM,2,2060,82875.39453125,8554.234375,9.771703
8305,TKM,2,2065,89058.40625,8666.3623046875,10.307947
8306,TKM,2,2070,92713.31640625,8723.03515625,10.854236
8307,TKM,2,2075,97111.41015625,8759.361328125,10.930255
8308,TKM,2,2080,103587.7421875,8831.626953125,11.871631
8309,TKM,2,2085,115092.32421875,8841.3203125,13.167673
8310,TKM,2,2090,120185.875,8848.923828125,13.539298
8311,TKM,2,2095,122688.34375,8768.26171875,14.381794
8312,TKM,2,2100,129958.1640625,8671.802734375,14.719554
8313,TLS,0,2020,2617.8603515625,1299.9949951171875,2.0137465
8314,TLS,0,2025,3523.736328125,1431.0750732421875,2.4550517
8315,TLS,0,2030,4502.4677734375,1559.2388916015625,2.8912537
8316,TLS,0,2035,5574.90771484375,1686.203125,3.3957157
8317,TLS,0,2040,7161.71044921875,1799.07275390625,3.9181895
8318,TLS,0,2045,8969.4853515625,1896.1395263671875,4.7568407
8319,TLS,0,2050,11475.01171875,2004.8958740234375,5.8143883
8320,TLS,0,2055,13544.994140625,2096.307861328125,6.396828
8321,TLS,0,2060,16824.12109375,2192.718505859375,7.929331
8322,TLS,0,2065,20014.25390625,2255.057373046875,8.892775
8323,TLS,0,2070,23353.5703125,2314.373291015625,9.888734
8324,TLS,0,2075,29973.181640625,2361.9580078125,12.673453
8325,TLS,0,2080,33925.015625,2391.288818359375,14.712048
8326,TLS,0,2085,35406.72265625,2427.766845703125,14.758209
8327,TLS,0,2090,37817.39453125,2446.3212890625,15.12478
8328,TLS,0,2095,43114.68359375,2445.319580078125,18.420593
8329,TLS,0,2100,49688.21875,2443.245361328125,20.846857
8330,TLS,1,2020,2617.8603515625,1299.9949951171875,2.0137465
8331,TLS,1,2025,3587.782958984375,1436.552490234375,2.4671147
8332,TLS,1,2030,4866.93115234375,1571.31005859375,3.0474806
8333,TLS,1,2035,7216.43603515625,1696.250732421875,4.4020634
8334,TLS,1,2040,9566.2216796875,1807.7818603515625,5.6351767
8335,TLS,1,2045,10494.1728515625,1926.8082275390625,5.493633
8336,TLS,1,2050,17840.123046875,2035.5096435546875,8.9438715
8337,TLS,1,2055,20929.08203125,2132.25048828125,9.599484
8338,TLS,1,2060,30689.6796875,2200.458251953125,14.0369
8339,TLS,1,2065,37711.66796875,2285.24462890625,17.281574
8340,TLS,1,2070,48007.4296875,2311.15673828125,22.459608
8341,TLS,1,2075,62635.1484375,2373.723876953125,26.364637
8342,TLS,1,2080,65627.0703125,2439.332763671875,30.14869
8343,TLS,1,2085,86569.375,2446.669189453125,42.718147
8344,TLS,1,2090,98905.2109375,2535.513916015625,39.20005
8345,TLS,1,2095,96771.1953125,2539.720947265625,33.350574
8346,TLS,1,2100,104867.4375,2550.79248046875,35.742153
8347,TLS,2,2020,2617.8603515625,1299.9949951171875,2.0137465
8348,TLS,2,2025,3172.399169921875,1432.6328125,2.2253647
8349,TLS,2,2030,3851.49658203125,1563.2220458984375,2.453059
8350,TLS,2,2035,4456.12890625,1688.50634765625,2.6483893
8351,TLS,2,2040,5297.154296875,1799.074951171875,2.9579484
8352,TLS,2,2045,6383.443359375,1903.6839599609375,3.4324093
8353,TLS,2,2050,7164.53662109375,2008.3343505859375,3.5737565
8354,TLS,2,2055,7802.13818359375,2101.55126953125,3.7470007
8355,TLS,2,2060,8595.96484375,2180.5556640625,4.015939
8356,TLS,2,2065,9436.57421875,2253.914794921875,4.2964387
8357,TLS,2,2070,10300.693359375,2309.61376953125,4.3361893
8358,TLS,2,2075,12084.173828125,2349.599609375,5.1904426
8359,TLS,2,2080,13389.7080078125,2384.011474609375,5.6291246
8360,TLS,2,2085,13986.669921875,2406.24462890625,5.680483
8361,TLS,2,2090,14471.921875,2417.144775390625,6.2517214
8362,TLS,2,2095,15052.7421875,2431.871337890625,5.9262223
8363,TLS,2,2100,16228.224609375,2398.06298828125,6.819663
8364,TON,0,2020,494.73345947265625,105.25399780273438,4.700377
8365,TON,0,2025,573.9365844726562,110.96875762939453,5.1485367
8366,TON,0,2030,703.1499633789062,116.76932525634766,6.0178823
8367,TON,0,2035,852.5408935546875,123.90288543701172,6.8034678
8368,TON,0,2040,1058.7078857421875,131.33872985839844,8.166881
8369,TON,0,2045,1278.9588623046875,137.8588409423828,9.116639
8370,TON,0,2050,1575.596435546875,144.87159729003906,11.380769
8371,TON,0,2055,1915.885009765625,151.7253875732422,12.9640875
8372,TON,0,2060,2227.91259765625,157.66128540039062,14.441037
8373,TON,0,2065,2687.998291015625,164.13037109375,16.904652
8374,TON,0,2070,3086.90283203125,171.55178833007812,17.860287
8375,TON,0,2075,3623.15380859375,178.14279174804688,21.365337
8376,TON,0,2080,4036.2900390625,182.11863708496094,22.802818
8377,TON,0,2085,4614.955078125,188.83343505859375,24.512823
8378,TON,0,2090,5184.55517578125,193.99879455566406,27.812912
8379,TON,0,2095,6034.1650390625,195.29266357421875,31.126562
8380,TON,0,2100,6675.1494140625,199.72254943847656,33.92371
8381,TON,1,2020,494.73345947265625,105.25399780273438,4.700377
8382,TON,1,2025,619.1689453125,111.47455596923828,5.5940404
8383,TON,1,2030,790.5250244140625,117.52489471435547,6.8180065
8384,TON,1,2035,1059.3162841796875,124.81380462646484,8.780619
8385,TON,1,2040,1375.8428955078125,133.72500610351562,10.930824
8386,TON,1,2045,1599.31396484375,141.56092834472656,10.975636
8387,TON,1,2050,1953.2216796875,146.53591918945312,13.177154
8388,TON,1,2055,2711.417724609375,152.9077911376953,18.989096
8389,TON,1,2060,3619.65576171875,160.1196746826172,22.909641
8390,TON,1,2065,4661.509765625,165.0341796875,25.522053
8391,TON,1,2070,5827.06640625,178.39007568359375,29.793577
8392,TON,1,2075,7675.033203125,184.0712432861328,39.109985
8393,TON,1,2080,9405.765625,188.8838653564453,48.10981
8394,TON,1,2085,11599.5126953125,195.9694366455078,57.62956
8395,TON,1,2090,13965.9853515625,201.8412322998047,74.88835
8396,TON,1,2095,17396.224609375,210.16744995117188,90.49924
8397,TON,1,2100,19280.53515625,213.77455139160156,109.48998
8398,TON,2,2020,494.73345947265625,105.25399780273438,4.700377
8399,TON,2,2025,571.451416015625,111.15485382080078,5.1871924
8400,TON,2,2030,630.16552734375,116.98617553710938,5.3464904
8401,TON,2,2035,687.0405883789062,123.9505615234375,5.4717865
8402,TON,2,2040,772.6622924804688,130.90354919433594,5.8345213
8403,TON,2,2045,864.872802734375,137.5308837890625,6.194347
8404,TON,2,2050,949.221435546875,142.4188232421875,6.6511455
8405,TON,2,2055,1026.988037109375,149.72467041015625,6.6788783
8406,TON,2,2060,1158.9404296875,157.39990234375,7.4752517
8407,TON,2,2065,1288.761474609375,163.43350219726562,8.013051
8408,TON,2,2070,1401.6522216796875,170.2477264404297,8.3674555
8409,TON,2,2075,1528.5792236328125,176.4325714111328,8.72067
8410,TON,2,2080,1659.40673828125,181.10049438476562,9.160244
8411,TON,2,2085,1825.094970703125,186.75015258789062,9.51119
8412,TON,2,2090,2006.2991943359375,192.10061645507812,10.708001
8413,TON,2,2095,2204.853759765625,195.10772705078125,11.238062
8414,TON,2,2100,2339.841796875,199.17892456054688,12.321811
8415,TTO,0,2020,21871.283203125,1518.14697265625,14.406566
8416,TTO,0,2025,24127.203125,1526.433349609375,15.918039
8417,TTO,0,2030,26937.19921875,1513.8128662109375,17.813478
8418,TTO,0,2035,29577.44921875,1492.5439453125,19.877922
8419,TTO,0,2040,32344.466796875,1461.0283203125,22.064861
8420,TTO,0,2045,35597.44140625,1425.4163818359375,24.903543
8421,TTO,0,2050,39905.55078125,1383.545654296875,28.953798
8422,TTO,0,2055,42375.49609375,1335.8028564453125,31.634321
8423,TTO,0,2060,46454.0,1286.546142578125,35.5354
8424,TTO,0,2065,50538.58984375,1236.2884521484375,41.855022
8425,TTO,0,2070,54393.01953125,1178.3370361328125,47.088707
8426,TTO,0,2075,58416.48828125,1130.466796875,49.961617
8427,TTO,0,2080,60790.8515625,1088.1412353515625,54.093784
8428,TTO,0,2085,64357.984375,1040.31689453125,59.088512
8429,TTO,0,2090,68390.4609375,1006.6431274414062,66.261505
8430,TTO,0,2095,72736.7578125,967.390869140625,73.59763
8431,TTO,0,2100,75436.015625,927.9866333007812,80.01658
8432,TTO,1,2020,21871.283203125,1518.14697265625,14.406566
8433,TTO,1,2025,24535.720703125,1528.402099609375,15.919503
8434,TTO,1,2030,28815.294921875,1519.9588623046875,18.939346
8435,TTO,1,2035,34039.68359375,1496.0799560546875,22.853485
8436,TTO,1,2040,42426.3984375,1472.9508056640625,29.331013
8437,TTO,1,2045,46454.71484375,1456.93798828125,32.790928
8438,TTO,1,2050,56711.66015625,1417.8658447265625,40.499496
8439,TTO,1,2055,65885.34375,1375.9403076171875,48.648415
8440,TTO,1,2060,78340.34375,1320.8406982421875,59.596947
8441,TTO,1,2065,99272.7734375,1276.18603515625,81.88021
8442,TTO,1,2070,120952.0546875,1233.454833984375,100.97286
8443,TTO,1,2075,140951.484375,1188.737548828125,120.441795
8444,TTO,1,2080,169454.15625,1136.3321533203125,147.0537
8445,TTO,1,2085,177464.875,1092.3363037109375,178.04028
8446,TTO,1,2090,205250.953125,1040.7857666015625,219.42941
8447,TTO,1,2095,233422.15625,1014.8396606445312,257.7415
8448,TTO,1,2100,220388.28125,980.5010375976562,231.6267
8449,TTO,2,2020,21871.283203125,1518.14697265625,14.406566
8450,TTO,2,2025,23413.5322265625,1526.8564453125,15.377858
8451,TTO,2,2030,24235.654296875,1513.128662109375,15.848715
8452,TTO,2,2035,24775.0947265625,1492.5167236328125,16.687235
8453,TTO,2,2040,25271.892578125,1460.7568359375,17.231482
8454,TTO,2,2045,27280.8125,1428.2086181640625,19.042095
8455,TTO,2,2050,27162.349609375,1386.2242431640625,19.783243
8456,TTO,2,2055,27628.94921875,1339.4814453125,20.542822
8457,TTO,2,2060,28115.8037109375,1291.7764892578125,21.54387
8458,TTO,2,2065,28808.5537109375,1242.9278564453125,23.56504
8459,TTO,2,2070,29520.666015625,1189.40478515625,24.891787
8460,TTO,2,2075,29931.05078125,1137.328857421875,25.74035
8461,TTO,2,2080,29246.3798828125,1095.71826171875,26.441618
8462,TTO,2,2085,29396.44140625,1053.6527099609375,28.069613
8463,TTO,2,2090,29488.9228515625,1016.3952026367188,28.546406
8464,TTO,2,2095,29637.44921875,973.05029296875,30.796618
8465,TTO,2,2100,29357.3525390625,934.2394409179688,31.90339
8466,TUN,0,2020,45597.921875,12161.72265625,3.749298
8467,TUN,0,2025,52839.3203125,12658.6904296875,4.1701484
8468,TUN,0,2030,61686.296875,12986.375,4.7144036
8469,TUN,0,2035,70750.2734375,13242.294921875,5.284387
8470,TUN,0,2040,83018.0625,13441.849609375,6.175831
8471,TUN,0,2045,95498.96875,13608.25,6.9058423
8472,TUN,0,2050,109143.3046875,13724.287109375,8.040183
8473,TUN,0,2055,129525.6953125,13763.3974609375,9.335218
8474,TUN,0,2060,144268.3125,13740.6328125,10.247348
8475,TUN,0,2065,165383.546875,13609.4912109375,11.7032
8476,TUN,0,2070,181431.8125,13472.421875,13.347679
8477,TUN,0,2075,207510.078125,13262.4521484375,15.335943
8478,TUN,0,2080,227529.875,13058.603515625,17.351585
8479,TUN,0,2085,246520.375,12852.45703125,18.575266
8480,TUN,0,2090,258240.71875,12670.248046875,20.239368
8481,TUN,0,2095,278609.40625,12492.0498046875,21.693644
8482,TUN,0,2100,305728.0625,12217.1416015625,26.121403
8483,TUN,1,2020,45597.921875,12161.72265625,3.749298
8484,TUN,1,2025,55254.20703125,12677.8974609375,4.331992
8485,TUN,1,2030,67769.6796875,13043.9658203125,5.1042953
8486,TUN,1,2035,88603.8203125,13300.3056640625,6.663138
8487,TUN,1,2040,111735.203125,13517.3203125,8.218524
8488,TUN,1,2045,131900.734375,13654.4716796875,10.188404
8489,TUN,1,2050,167225.921875,13778.3046875,12.100037
8490,TUN,1,2055,195666.0625,13886.013671875,14.328336
8491,TUN,1,2060,218109.3125,13826.673828125,15.2980585
8492,TUN,1,2065,301641.40625,13847.9765625,22.450914
8493,TUN,1,2070,362655.5,13580.8916015625,28.340927
8494,TUN,1,2075,446101.78125,13427.982421875,32.1984
8495,TUN,1,2080,518839.25,13195.77734375,40.01475
8496,TUN,1,2085,614751.625,12780.7900390625,46.33615
8497,TUN,1,2090,734076.1875,12665.5869140625,53.939827
8498,TUN,1,2095,869700.25,12550.5654296875,68.92071
8499,TUN,1,2100,943784.125,12506.140625,80.96435
8500,TUN,2,2020,45597.921875,12161.72265625,3.749298
8501,TUN,2,2025,50895.853515625,12660.888671875,4.026101
8502,TUN,2,2030,55121.720703125,12988.9375,4.2577896
8503,TUN,2,2035,60092.169921875,13247.111328125,4.5323043
8504,TUN,2,2040,64729.388671875,13438.1611328125,4.7957006
8505,TUN,2,2045,71525.87890625,13597.9736328125,5.2545996
8506,TUN,2,2050,77785.95703125,13682.4189453125,5.643005
8507,TUN,2,2055,81940.53125,13712.30859375,5.8902736
8508,TUN,2,2060,85237.71875,13726.1630859375,6.2698517
8509,TUN,2,2065,91244.125,13604.6318359375,6.6997013
8510,TUN,2,2070,95879.90234375,13440.2333984375,7.1810365
8511,TUN,2,2075,100162.7109375,13260.744140625,7.6998687
8512,TUN,2,2080,105611.69921875,13014.587890625,8.234834
8513,TUN,2,2085,113150.81640625,12828.341796875,8.819734
8514,TUN,2,2090,121783.07421875,12642.154296875,9.469781
8515,TUN,2,2095,130406.11328125,12423.849609375,10.997529
8516,TUN,2,2100,136126.140625,12153.9482421875,11.126928
8517,TUR,0,2020,1029328.0,83384.6796875,12.34433
8518,TUR,0,2025,1190393.375,88524.59375,13.516458
8519,TUR,0,2030,1444406.0,93196.9921875,15.3481045
8520,TUR,0,2035,1676518.25,97529.1328125,17.288754
8521,TUR,0,2040,2017409.0,101367.4453125,20.037893
8522,TUR,0,2045,2397511.5,104465.9609375,22.835285
8523,TUR,0,2050,2618793.25,107077.9765625,24.459875
8524,TUR,0,2055,3100311.25,109109.484375,27.784773
8525,TUR,0,2060,3462843.75,110333.1953125,31.141344
8526,TUR,0,2065,4112503.25,110782.8046875,36.615955
8527,TUR,0,2070,4481435.5,110817.2734375,41.48119
8528,TUR,0,2075,4690236.0,110906.28125,44.83348
8529,TUR,0,2080,5341725.0,110635.0859375,48.24921
8530,TUR,0,2085,5755732.5,110042.21875,54.184345
8531,TUR,0,2090,5947224.0,108739.0546875,56.834545
8532,TUR,0,2095,6380464.0,107166.0,60.481297
8533,TUR,0,2100,6412962.0,105555.34375,59.772526
8534,TUR,1,2020,1029328.0,83384.6796875,12.34433
8535,TUR,1,2025,1204255.375,88507.28125,13.554658
8536,TUR,1,2030,1475820.5,93122.2421875,16.104929
8537,TUR,1,2035,2143102.0,97194.8984375,22.695974
8538,TUR,1,2040,2707648.25,100764.3203125,26.395462
8539,TUR,1,2045,3353768.75,103823.6484375,31.807577
8540,TUR,1,2050,4050478.5,106271.421875,39.241425
8541,TUR,1,2055,4840480.0,108269.4375,46.930237
8542,TUR,1,2060,5370288.0,109119.640625,49.304733
8543,TUR,1,2065,6953218.0,109624.9453125,61.549
8544,TUR,1,2070,8653340.0,110228.8828125,79.235954
8545,TUR,1,2075,10262227.0,110445.703125,89.935074
8546,TUR,1,2080,11728682.0,110635.0859375,97.96125
8547,TUR,1,2085,14413108.0,109958.3984375,129.40573
8548,TUR,1,2090,15639840.0,109640.0625,142.3149
8549,TUR,1,2095,17086356.0,108304.8046875,164.07591
8550,TUR,1,2100,17859710.0,106348.1171875,165.32059
8551,TUR,2,2020,1029328.0,83384.6796875,12.34433
8552,TUR,2,2025,1156268.8125,88471.4921875,13.079121
8553,TUR,2,2030,1236320.9375,93109.8515625,13.308308
8554,TUR,2,2035,1411280.5,97426.3671875,14.544081
8555,TUR,2,2040,1521885.625,101066.75,15.108875
8556,TUR,2,2045,1625152.875,104162.08203125,15.749941
8557,TUR,2,2050,1783458.0,106574.4296875,17.010479
8558,TUR,2,2055,1910081.6875,108638.453125,17.587477
8559,TUR,2,2060,1986333.0,109821.0078125,17.789455
8560,TUR,2,2065,2066504.5,110158.953125,18.355112
8561,TUR,2,2070,2182884.0,110353.6953125,19.245008
8562,TUR,2,2075,2304379.375,110373.5703125,20.016056
8563,TUR,2,2080,2388428.375,109903.6171875,21.72274
8564,TUR,2,2085,2464696.0,109518.8046875,21.980297
8565,TUR,2,2090,2571791.125,108039.46484375,24.129675
8566,TUR,2,2095,2725771.375,106739.4609375,25.610413
8567,TUR,2,2100,2695471.0,105284.9921875,25.02598
8568,TWN,0,2020,627754.3125,23.56100082397461,26643.787
8569,TWN,0,2025,674744.6875,23.664846420288086,28413.508
8570,TWN,0,2030,775534.4375,23.650880813598633,32709.77
8571,TWN,0,2035,849865.0625,23.471385955810547,36532.22
8572,TWN,0,2040,918634.0,23.03105926513672,39616.527
8573,TWN,0,2045,962128.0625,22.46295166015625,42501.74
8574,TWN,0,2050,1058998.125,21.845346450805664,47875.523
8575,TWN,0,2055,1088687.375,21.13629913330078,49769.207
8576,TWN,0,2060,1230752.625,20.33234405517578,59851.883
8577,TWN,0,2065,1271234.625,19.540082931518555,65086.566
8578,TWN,0,2070,1364529.5,18.702322006225586,75399.44
8579,TWN,0,2075,1426575.75,17.86014747619629,82473.79
8580,TWN,0,2080,1436328.75,17.049015045166016,84834.25
8581,TWN,0,2085,1498298.875,16.293794631958008,92287.08
8582,TWN,0,2090,1528720.75,15.669897079467773,95213.92
8583,TWN,0,2095,1627020.25,15.14761734008789,108377.76
8584,TWN,0,2100,1819595.625,14.726720809936523,125306.12
8585,TWN,1,2020,627754.3125,23.56100082397461,26643.787
8586,TWN,1,2025,782777.375,23.602685928344727,33342.453
8587,TWN,1,2030,893029.9375,23.478492736816406,38585.18
8588,TWN,1,2035,1003115.5625,23.28468894958496,43843.46
8589,TWN,1,2040,1088881.625,22.790630340576172,47643.312
8590,TWN,1,2045,1193977.25,22.238765716552734,52590.156
8591,TWN,1,2050,1537155.625,21.52889060974121,69581.414
8592,TWN,1,2055,1699036.25,20.752431869506836,79956.305
8593,TWN,1,2060,1811223.875,20.097604751586914,90363.55
8594,TWN,1,2065,2423018.25,19.29998779296875,125958.945
8595,TWN,1,2070,2883199.5,18.441865921020508,159354.34
8596,TWN,1,2075,3217387.5,17.611753463745117,166303.5
8597,TWN,1,2080,3532371.0,16.849863052368164,200777.1
8598,TWN,1,2085,4153776.5,16.118595123291016,245418.11
8599,TWN,1,2090,4669302.5,15.615267753601074,271614.16
8600,TWN,1,2095,4438212.5,15.09896183013916,301086.88
8601,TWN,1,2100,4873582.5,14.724564552307129,349972.47
8602,TWN,2,2020,627754.3125,23.56100082397461,26643.787
8603,TWN,2,2025,650685.15625,23.65755844116211,27433.855
8604,TWN,2,2030,662104.21875,23.647781372070312,27922.96
8605,TWN,2,2035,660660.9375,23.460784912109375,28217.94
8606,TWN,2,2040,633889.0,23.032228469848633,27462.805
8607,TWN,2,2045,662906.6875,22.475528717041016,29702.84
8608,TWN,2,2050,627868.625,21.84662437438965,29160.98
8609,TWN,2,2055,621293.03125,21.127782821655273,29055.11
8610,TWN,2,2060,613649.65625,20.33234405517578,30561.232
8611,TWN,2,2065,608596.5,19.5664005279541,31172.389
8612,TWN,2,2070,596943.65625,18.751543045043945,31775.408
8613,TWN,2,2075,588070.15625,17.875770568847656,32877.84
8614,TWN,2,2080,586252.90625,17.083911895751953,34693.5
8615,TWN,2,2085,620233.0625,16.338817596435547,38418.13
8616,TWN,2,2090,622310.0,15.710990905761719,40065.49
8617,TWN,2,2095,620729.3125,15.186288833618164,41652.656
8618,TWN,2,2100,614764.9375,14.740272521972656,43108.324
8619,TZA,0,2020,62398.30859375,61704.51953125,1.0112437
8620,TZA,0,2025,84009.8359375,71344.25,1.1783996
8621,TZA,0,2030,115395.71875,81999.046875,1.4134561
8622,TZA,0,2035,151761.625,93685.234375,1.6301547
8623,TZA,0,2040,204633.0625,106318.359375,1.9209694
8624,TZA,0,2045,281928.46875,120432.8828125,2.3809545
8625,TZA,0,2050,367810.375,134853.859375,2.7533262
8626,TZA,0,2055,480555.8125,150191.984375,3.2331245
8627,TZA,0,2060,611994.0,166482.203125,3.698893
8628,TZA,0,2065,750533.75,183141.75,4.0790133
8629,TZA,0,2070,954993.0,199454.140625,5.0614915
8630,TZA,0,2075,1173264.375,217047.359375,5.68519
8631,TZA,0,2080,1360371.625,234637.015625,5.835181
8632,TZA,0,2085,1715063.875,252440.0625,6.7880125
8633,TZA,0,2090,2008518.875,269015.96875,7.717246
8634,TZA,0,2095,2462143.5,285605.28125,8.618937
8635,TZA,0,2100,3067477.5,303111.875,10.355681
8636,TZA,1,2020,62398.30859375,61704.51953125,1.0112437
8637,TZA,1,2025,86547.8984375,71296.6640625,1.2044878
8638,TZA,1,2030,122997.46875,81780.640625,1.515104
8639,TZA,1,2035,174726.453125,93654.46875,1.8718126
8640,TZA,1,2040,259766.859375,106743.96875,2.4585397
8641,TZA,1,2045,316423.375,120930.875,2.6061218
8642,TZA,1,2050,499441.4375,135358.0,3.6704357
8643,TZA,1,2055,674316.75,151230.921875,4.808203
8644,TZA,1,2060,826436.75,167353.515625,4.673622
8645,TZA,1,2065,1048319.3125,185551.109375,5.347478
8646,TZA,1,2070,1511012.375,203084.953125,7.3785915
8647,TZA,1,2075,2057726.5,222182.25,8.649861
8648,TZA,1,2080,2303128.75,241504.375,9.513893
8649,TZA,1,2085,3235840.75,263237.5,11.2645445
8650,TZA,1,2090,3971795.0,283886.25,13.741132
8651,TZA,1,2095,4978809.0,301885.59375,16.318354
8652,TZA,1,2100,7157799.5,320369.15625,20.650091
8653,TZA,2,2020,62398.30859375,61704.51953125,1.0112437
8654,TZA,2,2025,80736.015625,71348.5625,1.126059
8655,TZA,2,2030,99973.30078125,82013.703125,1.2131995
8656,TZA,2,2035,121953.95703125,93703.265625,1.2997606
8657,TZA,2,2040,149408.2421875,106550.15625,1.3984921
8658,TZA,2,2045,194511.1171875,120472.4765625,1.6117581
8659,TZA,2,2050,233567.640625,134946.0,1.7477573
8660,TZA,2,2055,279792.546875,150822.90625,1.8705318
8661,TZA,2,2060,337254.09375,166879.8359375,2.0096862
8662,TZA,2,2065,401386.28125,183965.828125,2.248074
8663,TZA,2,2070,481087.171875,200373.859375,2.4641147
8664,TZA,2,2075,571145.6875,217847.984375,2.6007626
8665,TZA,2,2080,682357.875,236443.640625,3.0798728
8666,TZA,2,2085,790993.875,253953.515625,3.3129568
8667,TZA,2,2090,894225.0,271146.0625,3.3856776
8668,TZA,2,2095,1006464.90625,288105.8125,3.6615298
8669,TZA,2,2100,1138849.1875,304775.125,3.7161105
8670,UGA,0,2020,41319.9609375,44404.609375,0.9305331
8671,UGA,0,2025,56016.76953125,51700.41796875,1.083297
8672,UGA,0,2030,76927.6328125,59133.36328125,1.2782001
8673,UGA,0,2035,103879.4609375,66732.5546875,1.5591226
8674,UGA,0,2040,136571.0,74508.796875,1.8717719
8675,UGA,0,2045,186707.828125,82220.3046875,2.272581
8676,UGA,0,2050,246471.375,89511.8671875,2.7881336
8677,UGA,0,2055,323097.125,96435.9296875,3.4265623
8678,UGA,0,2060,383994.09375,102965.96875,3.7893803
8679,UGA,0,2065,450519.53125,109520.7109375,4.1995506
8680,UGA,0,2070,526436.8125,114858.203125,4.5394297
8681,UGA,0,2075,655664.25,119635.0703125,5.415961
8682,UGA,0,2080,787418.9375,123485.765625,6.3446646
8683,UGA,0,2085,984030.625,126498.796875,7.743283
8684,UGA,0,2090,1120792.75,128741.5546875,8.004148
8685,UGA,0,2095,1247565.5,130302.8203125,9.301556
8686,UGA,0,2100,1451066.25,132001.296875,10.531851
8687,UGA,1,2020,41319.9609375,44404.609375,0.9305331
8688,UGA,1,2025,61414.75390625,51833.4140625,1.1904917
8689,UGA,1,2030,89548.46875,59338.328125,1.5499766
8690,UGA,1,2035,138980.4375,66849.1640625,2.0753675
8691,UGA,1,2040,176403.90625,74832.8046875,2.3489335
8692,UGA,1,2045,236433.109375,82673.1015625,2.7949853
8693,UGA,1,2050,308098.5625,90605.84375,3.4419694
8694,UGA,1,2055,416850.125,97642.4375,4.5930552
8695,UGA,1,2060,531963.9375,104254.4296875,4.724776
8696,UGA,1,2065,703261.875,109864.0703125,5.93162
8697,UGA,1,2070,1022782.125,114858.203125,9.313014
8698,UGA,1,2075,1503709.125,119690.890625,12.848427
8699,UGA,1,2080,1708074.0,124339.7421875,14.382233
8700,UGA,1,2085,2205293.0,129748.9140625,19.162584
8701,UGA,1,2090,2770781.25,133327.84375,22.227728
8702,UGA,1,2095,3437371.25,136219.375,26.891508
8703,UGA,1,2100,4159186.75,137596.21875,32.789707
8704,UGA,2,2020,41319.9609375,44404.609375,0.9305331
8705,UGA,2,2025,54973.880859375,51734.5625,1.0680026
8706,UGA,2,2030,68434.5859375,59190.3046875,1.1569264
8707,UGA,2,2035,83071.76953125,66799.96875,1.235589
8708,UGA,2,2040,100697.421875,74586.8046875,1.360451
8709,UGA,2,2045,123305.41796875,82163.0078125,1.5110886
8710,UGA,2,2050,149549.3203125,89770.453125,1.7256311
8711,UGA,2,2055,174169.5390625,96849.484375,1.839674
8712,UGA,2,2060,203651.8671875,103432.6640625,2.0156186
8713,UGA,2,2065,234797.9921875,109767.94921875,2.1608665
8714,UGA,2,2070,271304.5,114888.921875,2.3530712
8715,UGA,2,2075,312790.09375,119838.609375,2.715909
8716,UGA,2,2080,358463.921875,124133.0625,2.75985
8717,UGA,2,2085,393573.078125,127919.703125,2.9495797
8718,UGA,2,2090,423037.203125,130011.3984375,3.0594692
8719,UGA,2,2095,469517.828125,131456.265625,3.4487767
8720,UGA,2,2100,520554.703125,132749.515625,3.6721184
8721,UKR,0,2020,99444.9140625,44132.05078125,2.253349
8722,UKR,0,2025,108597.0390625,42784.08984375,2.5302348
8723,UKR,0,2030,117981.3046875,41344.1953125,2.8560653
8724,UKR,0,2035,131355.9375,39863.0,3.338029
8725,UKR,0,2040,161149.921875,38462.44140625,4.232987
8726,UKR,0,2045,165220.640625,37100.421875,4.548109
8727,UKR,0,2050,159004.734375,35735.61328125,4.527297
8728,UKR,0,2055,190087.765625,34335.20703125,5.5377765
8729,UKR,0,2060,205790.703125,32883.96484375,6.480712
8730,UKR,0,2065,211999.53125,31517.521484375,6.9013004
8731,UKR,0,2070,233432.75,30190.880859375,7.58939
8732,UKR,0,2075,241132.40625,29163.119140625,7.9461603
8733,UKR,0,2080,259994.78125,28277.943359375,8.75111
8734,UKR,0,2085,268291.0625,27513.0234375,9.967633
8735,UKR,0,2090,295424.6875,26741.880859375,10.875264
8736,UKR,0,2095,329981.65625,26127.201171875,12.353792
8737,UKR,0,2100,356980.6875,25478.916015625,14.407419
8738,UKR,1,2020,99444.9140625,44132.05078125,2.253349
8739,UKR,1,2025,121718.6015625,42804.5,2.8553119
8740,UKR,1,2030,123139.3125,41384.578125,2.9725504
8741,UKR,1,2035,133890.125,39892.44140625,3.2452965
8742,UKR,1,2040,134385.265625,38506.80859375,3.4845016
8743,UKR,1,2045,154150.515625,37262.44921875,4.116264
8744,UKR,1,2050,205647.8125,35818.3203125,5.707601
8745,UKR,1,2055,253369.625,34507.61328125,7.45369
8746,UKR,1,2060,293477.125,32920.41015625,9.34487
8747,UKR,1,2065,437031.1875,31628.525390625,13.407673
8748,UKR,1,2070,474078.25,30645.822265625,16.046392
8749,UKR,1,2075,553217.0625,29630.828125,18.331875
8750,UKR,1,2080,644937.25,28749.796875,22.105974
8751,UKR,1,2085,751640.8125,27985.580078125,28.760103
8752,UKR,1,2090,857454.9375,27223.271484375,34.83702
8753,UKR,1,2095,1111452.375,26666.693359375,40.64645
8754,UKR,1,2100,1300166.75,25974.091796875,53.344353
8755,UKR,2,2020,99444.9140625,44132.05078125,2.253349
8756,UKR,2,2025,103361.0625,42786.13671875,2.4216611
8757,UKR,2,2030,107689.046875,41362.33203125,2.6086268
8758,UKR,2,2035,101601.09375,39863.0,2.5538976
8759,UKR,2,2040,102418.2890625,38475.75,2.64086
8760,UKR,2,2045,98950.53125,37104.82421875,2.6279998
8761,UKR,2,2050,93947.8671875,35735.05078125,2.6259513
8762,UKR,2,2055,98429.47265625,34356.5078125,2.8488717
8763,UKR,2,2060,104995.48046875,32912.517578125,3.2440789
8764,UKR,2,2065,111238.96875,31542.0595703125,3.5310583
8765,UKR,2,2070,105334.41015625,30287.6279296875,3.462872
8766,UKR,2,2075,107169.3984375,29217.173828125,3.7111006
8767,UKR,2,2080,104347.4453125,28326.404296875,3.6972919
8768,UKR,2,2085,110197.62109375,27550.345703125,4.090831
8769,UKR,2,2090,120402.03515625,26879.4296875,4.7858205
8770,UKR,2,2095,128213.921875,26201.0234375,4.8100443
8771,UKR,2,2100,130211.52734375,25561.50390625,5.28949
8772,URY,0,2020,57205.78125,3429.0859375,16.682516
8773,URY,0,2025,65769.1640625,3462.99072265625,18.945301
8774,URY,0,2030,77692.296875,3473.425048828125,22.349123
8775,URY,0,2035,86863.546875,3474.57568359375,25.065144
8776,URY,0,2040,95905.2734375,3463.2236328125,27.365187
8777,URY,0,2045,112285.109375,3443.008056640625,32.651337
8778,URY,0,2050,127930.234375,3415.720947265625,36.901825
8779,URY,0,2055,143668.96875,3388.90283203125,42.016113
8780,URY,0,2060,164472.8125,3340.833984375,50.25099
8781,URY,0,2065,190611.734375,3276.876708984375,57.4833
8782,URY,0,2070,202673.0,3215.38427734375,64.5472
8783,URY,0,2075,223607.296875,3145.646240234375,72.65064
8784,URY,0,2080,230842.609375,3075.3359375,76.39081
8785,URY,0,2085,238926.15625,2999.7255859375,78.57823
8786,URY,0,2090,255979.734375,2922.4267578125,88.11866
8787,URY,0,2095,280183.28125,2831.17236328125,100.27944
8788,URY,0,2100,292056.3125,2761.015625,107.5578
8789,URY,1,2020,57205.78125,3429.0859375,16.682516
8790,URY,1,2025,68479.3671875,3465.6025390625,19.756374
8791,URY,1,2030,85428.8984375,3483.939453125,24.642458
8792,URY,1,2035,100573.96875,3506.96240234375,28.778479
8793,URY,1,2040,121211.6328125,3511.81640625,33.918358
8794,URY,1,2045,138344.28125,3477.0673828125,39.41561
8795,URY,1,2050,200338.1875,3462.111328125,59.511894
8796,URY,1,2055,231510.53125,3413.44873046875,67.3063
8797,URY,1,2060,253560.984375,3386.20361328125,70.980705
8798,URY,1,2065,314715.0,3335.051025390625,95.96272
8799,URY,1,2070,365524.3125,3247.216552734375,124.611595
8800,URY,1,2075,442616.5625,3205.946044921875,150.701
8801,URY,1,2080,456428.46875,3161.00048828125,138.72845
8802,URY,1,2085,576331.125,3089.72412109375,195.20018
8803,URY,1,2090,748734.625,2994.635498046875,265.0435
8804,URY,1,2095,809304.9375,2921.7998046875,293.46622
8805,URY,1,2100,916597.0,2868.163818359375,334.25333
8806,URY,2,2020,57205.78125,3429.0859375,16.682516
8807,URY,2,2025,61721.25390625,3462.6611328125,17.766794
8808,URY,2,2030,65467.755859375,3475.23193359375,18.901499
8809,URY,2,2035,67067.61328125,3477.805908203125,19.328333
8810,URY,2,2040,68778.92578125,3468.76025390625,19.693426
8811,URY,2,2045,73419.52734375,3450.025146484375,20.923077
8812,URY,2,2050,77840.66796875,3422.73291015625,22.854187
8813,URY,2,2055,80372.38671875,3391.0537109375,23.815416
8814,URY,2,2060,87069.28515625,3341.283203125,26.593544
8815,URY,2,2065,88073.078125,3282.30712890625,27.572334
8816,URY,2,2070,87739.734375,3215.719482421875,27.250902
8817,URY,2,2075,88983.94140625,3138.90234375,28.825003
8818,URY,2,2080,91753.58984375,3070.081298828125,30.357996
8819,URY,2,2085,95466.46484375,2991.2431640625,31.182852
8820,URY,2,2090,99775.73046875,2919.4326171875,35.824966
8821,URY,2,2095,103089.2109375,2826.509765625,36.109997
8822,URY,2,2100,106215.42578125,2748.07763671875,38.67052
8823,USA,0,2020,19639362.0,331511.5,59.24187
8824,USA,0,2025,22052408.0,341061.0625,64.70753
8825,USA,0,2030,25691796.0,349643.28125,73.30764
8826,USA,0,2035,28368110.0,357074.4375,78.04104
8827,USA,0,2040,33871200.0,363350.375,93.7873
8828,USA,0,2045,37260116.0,367918.21875,100.08704
8829,USA,0,2050,41769380.0,371790.0625,112.65984
8830,USA,0,2055,46156620.0,374549.96875,120.65602
8831,USA,0,2060,52799560.0,377563.5625,138.69946
8832,USA,0,2065,60641604.0,381012.6875,161.33333
8833,USA,0,2070,66475616.0,384400.625,174.06235
8834,USA,0,2075,75302424.0,386992.75,198.01067
8835,USA,0,2080,79727600.0,388789.25,207.97946
8836,USA,0,2085,85708232.0,389546.9375,217.93396
8837,USA,0,2090,92625152.0,390839.375,232.30316
8838,USA,0,2095,101201592.0,391199.25,259.08643
8839,USA,0,2100,106843848.0,391251.5,270.39642
8840,USA,1,2020,19639362.0,331511.5,59.24187
8841,USA,1,2025,24521938.0,340815.15625,72.157684
8842,USA,1,2030,29437668.0,349466.75,83.94705
8843,USA,1,2035,34812116.0,356398.625,97.47163
8844,USA,1,2040,42154624.0,361763.375,115.534454
8845,USA,1,2045,48072488.0,366827.3125,129.8728
8846,USA,1,2050,62484284.0,370158.34375,177.59592
8847,USA,1,2055,76705864.0,372521.3125,211.3686
8848,USA,1,2060,88601160.0,376378.375,244.15819
8849,USA,1,2065,110554320.0,379174.625,294.33197
8850,USA,1,2070,134269728.0,381036.34375,354.1439
8851,USA,1,2075,163152752.0,384026.1875,442.63824
8852,USA,1,2080,186594736.0,386819.90625,481.6394
8853,USA,1,2085,211323968.0,390477.875,534.3984
8854,USA,1,2090,236483008.0,392551.09375,616.50055
8855,USA,1,2095,264421632.0,390157.78125,723.1721
8856,USA,1,2100,281982400.0,390968.125,727.8343
8857,USA,2,2020,19639362.0,331511.5,59.24187
8858,USA,2,2025,21992948.0,341082.03125,64.37074
8859,USA,2,2030,23088062.0,349697.234375,65.96902
8860,USA,2,2035,24393229.0,357260.0625,68.00516
8861,USA,2,2040,26110054.0,363466.4375,71.29741
8862,USA,2,2045,27366902.0,368294.78125,74.524216
8863,USA,2,2050,29485303.0,372466.40625,78.98865
8864,USA,2,2055,31546912.0,375347.78125,83.992714
8865,USA,2,2060,32983951.0,378735.09375,86.39334
8866,USA,2,2065,35191448.0,381959.4375,92.48575
8867,USA,2,2070,37025940.0,385700.875,97.953766
8868,USA,2,2075,38606014.0,389064.90625,99.866455
8869,USA,2,2080,39184228.0,390569.28125,102.480515
8870,USA,2,2085,41837400.0,391549.4375,109.80777
8871,USA,2,2090,43354084.0,392439.125,111.72286
8872,USA,2,2095,44665308.0,392584.0,116.77958
8873,USA,2,2100,46695982.0,392746.59375,119.49025
8874,UZB,0,2020,110574.2421875,34232.05078125,3.2301378
8875,UZB,0,2025,143683.203125,36388.7890625,3.9380107
8876,UZB,0,2030,178199.796875,38207.359375,4.6376977
8877,UZB,0,2035,213309.46875,39692.3203125,5.446877
8878,UZB,0,2040,260758.875,41041.42578125,6.2849483
8879,UZB,0,2045,322681.28125,42380.5390625,7.630182
8880,UZB,0,2050,396530.03125,43318.90625,9.326534
8881,UZB,0,2055,444683.1875,43892.06640625,10.260793
8882,UZB,0,2060,547541.5625,44160.1875,12.718995
8883,UZB,0,2065,627644.6875,44284.984375,14.264401
8884,UZB,0,2070,707857.1875,44055.9453125,15.861964
8885,UZB,0,2075,862401.75,43781.24609375,20.328777
8886,UZB,0,2080,1000183.6875,43388.59765625,23.59877
8887,UZB,0,2085,1010841.9375,42952.62890625,23.672817
8888,UZB,0,2090,1077564.0,42307.2578125,24.26081
8889,UZB,0,2095,1204550.375,41794.5390625,29.547441
8890,UZB,0,2100,1368047.875,41008.6484375,33.439274
8891,UZB,1,2020,110574.2421875,34232.05078125,3.2301378
8892,UZB,1,2025,144787.203125,36274.6796875,3.9573603
8893,UZB,1,2030,188524.03125,38182.09765625,4.888293
8894,UZB,1,2035,277504.53125,39922.37890625,7.061103
8895,UZB,1,2040,353517.8125,41277.921875,9.039071
8896,UZB,1,2045,374640.6875,42671.85546875,8.812029
8897,UZB,1,2050,642646.9375,43786.1171875,14.346364
8898,UZB,1,2055,677843.875,44261.75390625,15.397995
8899,UZB,1,2060,1032988.625,44973.2109375,22.515804
8900,UZB,1,2065,1191831.75,45133.140625,27.720406
8901,UZB,1,2070,1453713.875,44985.56640625,36.0262
8902,UZB,1,2075,1879284.0,44802.90625,42.29004
8903,UZB,1,2080,1925533.25,44257.484375,48.35982
8904,UZB,1,2085,2534380.75,43766.67578125,68.52179
8905,UZB,1,2090,2674375.75,43358.31640625,62.878605
8906,UZB,1,2095,2575445.75,42945.2109375,53.49579
8907,UZB,1,2100,2912118.0,42434.59375,57.331985
8908,UZB,2,2020,110574.2421875,34232.05078125,3.2301378
8909,UZB,2,2025,129728.50390625,36391.46875,3.5695827
8910,UZB,2,2030,150635.65625,38215.484375,3.9348145
8911,UZB,2,2035,169062.1328125,39763.7109375,4.2481327
8912,UZB,2,2040,195219.671875,41062.068359375,4.7446795
8913,UZB,2,2045,228738.921875,42398.80078125,5.5057354
8914,UZB,2,2050,247383.5078125,43336.23828125,5.7324624
8915,UZB,2,2055,260855.171875,43892.06640625,6.010354
8916,UZB,2,2060,274904.421875,44216.685546875,6.4417434
8917,UZB,2,2065,294044.140625,44224.70703125,6.891676
8918,UZB,2,2070,309247.640625,44011.08203125,6.955438
8919,UZB,2,2075,360650.515625,43762.94140625,8.325698
8920,UZB,2,2080,392339.71875,43378.3203125,9.029364
8921,UZB,2,2085,399456.359375,42959.37109375,9.111744
8922,UZB,2,2090,410485.328125,42405.62109375,10.028036
8923,UZB,2,2095,415143.296875,41813.66796875,9.50592
8924,UZB,2,2100,445054.53125,41012.40234375,10.939039
8925,VCT,0,2020,842.9091186523438,104.63200378417969,8.05594
8926,VCT,0,2025,952.5441284179688,105.90978240966797,8.953846
8927,VCT,0,2030,1113.9893798828125,106.7057113647461,10.501555
8928,VCT,0,2035,1254.8411865234375,107.23026275634766,11.584429
8929,VCT,0,2040,1388.568603515625,106.93130493164062,13.016853
8930,VCT,0,2045,1535.4344482421875,106.02574920654297,14.153904
8931,VCT,0,2050,1775.5372314453125,104.63522338867188,17.102766
8932,VCT,0,2055,1974.183349609375,103.12904357910156,19.361692
8933,VCT,0,2060,2252.96630859375,101.83303833007812,22.275126
8934,VCT,0,2065,2492.50048828125,100.12393951416016,25.172089
8935,VCT,0,2070,2677.64111328125,98.2806396484375,27.268637
8936,VCT,0,2075,3031.299072265625,95.8256607055664,31.651924
8937,VCT,0,2080,3190.353515625,93.71808624267578,33.52444
8938,VCT,0,2085,3471.795654296875,92.1704330444336,37.90561
8939,VCT,0,2090,3672.984619140625,89.67597961425781,40.150238
8940,VCT,0,2095,3978.2177734375,87.78646850585938,44.487957
8941,VCT,0,2100,4131.41015625,85.8210220336914,45.37819
8942,VCT,1,2020,842.9091186523438,104.63200378417969,8.05594
8943,VCT,1,2025,975.44287109375,105.87483978271484,9.203061
8944,VCT,1,2030,1249.0574951171875,106.78921508789062,11.556059
8945,VCT,1,2035,1544.6810302734375,107.05965423583984,14.437886
8946,VCT,1,2040,1822.8931884765625,107.4993896484375,17.284367
8947,VCT,1,2045,1993.3154296875,106.90263366699219,18.122475
8948,VCT,1,2050,2509.308349609375,106.49762725830078,24.642233
8949,VCT,1,2055,3016.37841796875,105.92684936523438,30.579357
8950,VCT,1,2060,3606.504150390625,105.20137023925781,35.092224
8951,VCT,1,2065,4547.046875,105.20105743408203,46.665005
8952,VCT,1,2070,5367.85498046875,104.2367935180664,57.59513
8953,VCT,1,2075,6039.30615234375,103.46121978759766,63.392185
8954,VCT,1,2080,7235.63330078125,101.36460876464844,76.42036
8955,VCT,1,2085,8359.6455078125,100.47499084472656,93.21758
8956,VCT,1,2090,9671.5966796875,97.57005310058594,113.79696
8957,VCT,1,2095,10913.5185546875,96.83081817626953,129.0446
8958,VCT,1,2100,12466.3984375,93.4366226196289,146.18185
8959,VCT,2,2020,842.9091186523438,104.63200378417969,8.05594
8960,VCT,2,2025,932.2655639648438,105.87179565429688,8.827317
8961,VCT,2,2030,983.6895751953125,106.63900756835938,9.107833
8962,VCT,2,2035,1010.7933349609375,107.16570281982422,9.453468
8963,VCT,2,2040,1083.572998046875,106.61017608642578,10.148744
8964,VCT,2,2045,1176.546875,105.61141204833984,11.131635
8965,VCT,2,2050,1220.1435546875,104.32682800292969,11.799036
8966,VCT,2,2055,1280.9130859375,102.62533569335938,12.50375
8967,VCT,2,2060,1329.449462890625,101.0421142578125,13.13484
8968,VCT,2,2065,1400.8873291015625,99.55327606201172,14.212884
8969,VCT,2,2070,1413.5107421875,97.41191101074219,14.167451
8970,VCT,2,2075,1502.1953125,94.79490661621094,15.590633
8971,VCT,2,2080,1531.23388671875,93.26858520507812,16.609417
8972,VCT,2,2085,1593.1962890625,91.21260070800781,17.574963
8973,VCT,2,2090,1640.22900390625,89.04304504394531,18.944815
8974,VCT,2,2095,1714.938720703125,87.0303726196289,20.621458
8975,VCT,2,2100,1742.5750732421875,85.52235412597656,21.780619
8976,VEN,0,2020,0.0,28490.453125,0.0
8977,VEN,0,2025,0.0,27814.896484375,0.0
8978,VEN,0,2030,0.0,27429.4296875,0.0
8979,VEN,0,2035,0.0,27302.94140625,0.0
8980,VEN,0,2040,0.0,27191.5234375,0.0
8981,VEN,0,2045,0.0,26976.142578125,0.0
8982,VEN,0,2050,0.0,26724.09375,0.0
8983,VEN,0,2055,0.0,26578.826171875,0.0
8984,VEN,0,2060,0.0,26335.650390625,0.0
8985,VEN,0,2065,0.0,26088.203125,0.0
8986,VEN,0,2070,0.0,25839.994140625,0.0
8987,VEN,0,2075,0.0,25420.537109375,0.0
8988,VEN,0,2080,0.0,24978.82421875,0.0
8989,VEN,0,2085,0.0,24432.49609375,0.0
8990,VEN,0,2090,0.0,24034.931640625,0.0
8991,VEN,0,2095,0.0,23741.169921875,0.0
8992,VEN,0,2100,0.0,23309.576171875,0.0
8993,VEN,1,2020,0.0,28490.453125,0.0
8994,VEN,1,2025,0.0,27955.54296875,0.0
8995,VEN,1,2030,0.0,27502.4296875,0.0
8996,VEN,1,2035,0.0,27449.51953125,0.0
8997,VEN,1,2040,0.0,27512.41796875,0.0
8998,VEN,1,2045,0.0,27382.30078125,0.0
8999,VEN,1,2050,0.0,27308.20703125,0.0
9000,VEN,1,2055,0.0,27092.390625,0.0
9001,VEN,1,2060,0.0,26789.650390625,0.0
9002,VEN,1,2065,0.0,26321.296875,0.0
9003,VEN,1,2070,0.0,25908.873046875,0.0
9004,VEN,1,2075,0.0,25423.740234375,0.0
9005,VEN,1,2080,0.0,24760.0625,0.0
9006,VEN,1,2085,0.0,23930.97265625,0.0
9007,VEN,1,2090,0.0,23648.337890625,0.0
9008,VEN,1,2095,0.0,23150.34765625,0.0
9009,VEN,1,2100,0.0,22421.9375,0.0
9010,VEN,2,2020,0.0,28490.453125,0.0
9011,VEN,2,2025,0.0,27810.638671875,0.0
9012,VEN,2,2030,0.0,27416.740234375,0.0
9013,VEN,2,2035,0.0,27343.775390625,0.0
9014,VEN,2,2040,0.0,27248.216796875,0.0
9015,VEN,2,2045,0.0,27078.787109375,0.0
9016,VEN,2,2050,0.0,26940.525390625,0.0
9017,VEN,2,2055,0.0,26704.5654296875,0.0
9018,VEN,2,2060,0.0,26431.990234375,0.0
9019,VEN,2,2065,0.0,26302.685546875,0.0
9020,VEN,2,2070,0.0,26017.6044921875,0.0
9021,VEN,2,2075,0.0,25423.583984375,0.0
9022,VEN,2,2080,0.0,25005.505859375,0.0
9023,VEN,2,2085,0.0,24536.9765625,0.0
9024,VEN,2,2090,0.0,24087.626953125,0.0
9025,VEN,2,2095,0.0,23858.681640625,0.0
9026,VEN,2,2100,0.0,23405.296875,0.0
9027,VNM,0,2020,328352.3125,96648.6875,3.3973799
9028,VNM,0,2025,377806.40625,100565.09375,3.7483292
9029,VNM,0,2030,448782.0,103634.015625,4.2999635
9030,VNM,0,2035,532440.0,105823.078125,5.0552373
9031,VNM,0,2040,612635.75,107394.4921875,5.7052593
9032,VNM,0,2045,687132.625,108519.859375,6.393465
9033,VNM,0,2050,798046.0625,109304.234375,7.212363
9034,VNM,0,2055,895089.125,109426.6796875,8.211842
9035,VNM,0,2060,1075154.75,109404.3359375,9.98917
9036,VNM,0,2065,1273985.875,108567.0625,12.147265
9037,VNM,0,2070,1386339.5,107385.4453125,12.624062
9038,VNM,0,2075,1611868.125,106084.9296875,15.443004
9039,VNM,0,2080,1720774.625,104727.09375,16.77849
9040,VNM,0,2085,1943811.25,103316.2265625,18.593578
9041,VNM,0,2090,2126028.75,102033.9140625,21.548336
9042,VNM,0,2095,2306190.5,100424.453125,23.605932
9043,VNM,0,2100,2521160.5,99149.1640625,24.897482
9044,VNM,1,2020,328352.3125,96648.6875,3.3973799
9045,VNM,1,2025,395998.21875,100533.7578125,3.9445105
9046,VNM,1,2030,515286.6875,103631.59375,4.946863
9047,VNM,1,2035,576837.375,105677.3203125,5.416116
9048,VNM,1,2040,856866.75,107163.8671875,7.9387097
9049,VNM,1,2045,1038292.125,108301.984375,9.535688
9050,VNM,1,2050,1334271.0,109061.1484375,12.406015
9051,VNM,1,2055,1747131.375,109322.1640625,16.293612
9052,VNM,1,2060,2146729.75,109574.09375,19.56843
9053,VNM,1,2065,2594954.5,108839.578125,24.402687
9054,VNM,1,2070,3155614.5,107755.6796875,28.430582
9055,VNM,1,2075,3527466.25,106613.75,32.996758
9056,VNM,1,2080,4053285.75,105339.6875,36.593018
9057,VNM,1,2085,5751559.5,103279.96875,57.111923
9058,VNM,1,2090,6295190.5,101977.9921875,61.956253
9059,VNM,1,2095,7349474.5,100461.8046875,70.040115
9060,VNM,1,2100,7780558.5,99856.078125,81.11466
9061,VNM,2,2020,328352.3125,96648.6875,3.3973799
9062,VNM,2,2025,368772.53125,100555.4921875,3.6663885
9063,VNM,2,2030,400338.78125,103631.59375,3.8749225
9064,VNM,2,2035,429111.9375,105792.3046875,4.0771384
9065,VNM,2,2040,443702.609375,107336.828125,4.1155376
9066,VNM,2,2045,510776.84375,108499.9765625,4.7561097
9067,VNM,2,2050,562429.5,109297.01953125,5.2262907
9068,VNM,2,2055,592940.625,109462.3359375,5.4882874
9069,VNM,2,2060,636539.375,109288.828125,5.909159
9070,VNM,2,2065,685301.03125,108414.078125,6.358604
9071,VNM,2,2070,695863.4375,107239.515625,6.4198394
9072,VNM,2,2075,742819.625,105906.5859375,6.9929814
9073,VNM,2,2080,767218.71875,104536.9296875,7.2828035
9074,VNM,2,2085,795487.96875,103270.6640625,7.6628036
9075,VNM,2,2090,888247.59375,102002.0234375,8.728678
9076,VNM,2,2095,918958.09375,100548.65625,9.2911005
9077,VNM,2,2100,1014314.59375,99396.3359375,10.194095
9078,VUT,0,2020,832.1549682617188,311.68499755859375,2.669859
9079,VUT,0,2025,1027.2142333984375,347.84417724609375,2.945655
9080,VUT,0,2030,1309.289794921875,383.95452880859375,3.3791616
9081,VUT,0,2035,1649.1058349609375,421.4735412597656,3.9726996
9082,VUT,0,2040,2050.17138671875,459.4617004394531,4.483525
9083,VUT,0,2045,2476.9443359375,496.8086853027344,5.0243573
9084,VUT,0,2050,3097.106201171875,535.7732543945312,5.6678944
9085,VUT,0,2055,3683.08642578125,572.7659301757812,6.4533434
9086,VUT,0,2060,4717.7001953125,610.9835815429688,7.850071
9087,VUT,0,2065,5854.01123046875,645.6488037109375,9.546028
9088,VUT,0,2070,6986.01318359375,679.1229858398438,9.920723
9089,VUT,0,2075,8416.150390625,713.0062255859375,12.136011
9090,VUT,0,2080,9608.3994140625,746.3104858398438,13.185514
9091,VUT,0,2085,11421.3046875,777.3921508789062,14.611916
9092,VUT,0,2090,12818.2724609375,808.5369262695312,16.933937
9093,VUT,0,2095,14650.14453125,831.7052001953125,18.550917
9094,VUT,0,2100,17048.5703125,857.3832397460938,19.565891
9095,VUT,1,2020,832.1549682617188,311.68499755859375,2.669859
9096,VUT,1,2025,1073.9468994140625,347.3727722167969,3.0998259
9097,VUT,1,2030,1491.476806640625,382.1204528808594,3.887533
9098,VUT,1,2035,1822.7432861328125,417.1499938964844,4.2562995
9099,VUT,1,2040,2840.828125,453.6189880371094,6.2387004
9100,VUT,1,2045,3663.602294921875,493.8134765625,7.4936986
9101,VUT,1,2050,5101.97705078125,532.052490234375,9.74937
9102,VUT,1,2055,7115.3271484375,568.1327514648438,12.804469
9103,VUT,1,2060,9384.5009765625,607.6571655273438,15.378011
9104,VUT,1,2065,12270.8017578125,649.44775390625,19.177052
9105,VUT,1,2070,15257.7646484375,690.09716796875,22.342405
9106,VUT,1,2075,19297.212890625,722.114501953125,25.930773
9107,VUT,1,2080,22846.763671875,759.0057373046875,28.756924
9108,VUT,1,2085,33419.73046875,796.761962890625,44.881874
9109,VUT,1,2090,39999.44921875,832.0798950195312,48.68883
9110,VUT,1,2095,46847.359375,852.357421875,55.0416
9111,VUT,1,2100,51686.6171875,884.57177734375,63.744625
9112,VUT,2,2020,832.1549682617188,311.68499755859375,2.669859
9113,VUT,2,2025,1000.5468139648438,347.3702697753906,2.8812616
9114,VUT,2,2030,1159.4632568359375,383.6328430175781,3.0451398
9115,VUT,2,2035,1338.9600830078125,420.8790283203125,3.2040527
9116,VUT,2,2040,1510.18994140625,458.20538330078125,3.234229
9117,VUT,2,2045,1821.508544921875,495.6856689453125,3.7376277
9118,VUT,2,2050,2123.8330078125,533.53125,4.1071234
9119,VUT,2,2055,2403.98291015625,568.7306518554688,4.3130155
9120,VUT,2,2060,2769.63134765625,607.4278564453125,4.643761
9121,VUT,2,2065,3166.8525390625,642.7272338867188,4.996961
9122,VUT,2,2070,3437.761474609375,675.8313598632812,5.0450835
9123,VUT,2,2075,3875.12451171875,708.166015625,5.495492
9124,VUT,2,2080,4255.12353515625,739.43994140625,5.723251
9125,VUT,2,2085,4668.7978515625,774.390625,6.0218773
9126,VUT,2,2090,5485.845703125,808.6141357421875,6.859503
9127,VUT,2,2095,5918.08203125,834.1450805664062,7.3014874
9128,VUT,2,2100,6645.796875,857.3832397460938,8.011113
9129,WSM,0,2020,920.044677734375,214.9290008544922,4.280691
9130,WSM,0,2025,1038.85302734375,221.03762817382812,4.6888356
9131,WSM,0,2030,1239.6224365234375,225.83946228027344,5.48056
9132,WSM,0,2035,1439.4635009765625,229.76361083984375,6.196002
9133,WSM,0,2040,1706.0018310546875,233.35650634765625,7.437679
9134,WSM,0,2045,1987.357666015625,235.2706756591797,8.302636
9135,WSM,0,2050,2391.980712890625,236.67543029785156,10.364607
9136,WSM,0,2055,2757.823486328125,237.9978790283203,11.806554
9137,WSM,0,2060,3140.521240234375,236.76504516601562,13.15163
9138,WSM,0,2065,3648.8681640625,235.48574829101562,15.395274
9139,WSM,0,2070,3986.438232421875,233.88296508789062,16.265583
9140,WSM,0,2075,4596.630859375,234.6543731689453,19.457676
9141,WSM,0,2080,4989.3427734375,237.0765380859375,20.766808
9142,WSM,0,2085,5566.63330078125,237.16065979003906,22.324131
9143,WSM,0,2090,6124.9306640625,237.7371826171875,25.329561
9144,WSM,0,2095,6934.548828125,235.43321228027344,28.347343
9145,WSM,0,2100,7571.287109375,233.68186950683594,30.89474
9146,WSM,1,2020,920.044677734375,214.9290008544922,4.280691
9147,WSM,1,2025,1119.04150390625,221.31582641601562,5.0945616
9148,WSM,1,2030,1392.2137451171875,226.921630859375,6.2092423
9149,WSM,1,2035,1812.71826171875,231.18341064453125,7.996618
9150,WSM,1,2040,2233.442138671875,235.08714294433594,9.954836
9151,WSM,1,2045,2458.114990234375,237.75827026367188,9.995646
9152,WSM,1,2050,2912.058837890625,235.91421508789062,12.000596
9153,WSM,1,2055,3875.773193359375,229.74703979492188,17.293604
9154,WSM,1,2060,4883.62353515625,234.4034881591797,20.864094
9155,WSM,1,2065,6213.34228515625,238.67506408691406,23.243248
9156,WSM,1,2070,7472.4873046875,244.41839599609375,27.133379
9157,WSM,1,2075,9386.6162109375,245.83351135253906,35.617943
9158,WSM,1,2080,11595.5263671875,248.2252197265625,43.814198
9159,WSM,1,2085,14308.0947265625,249.93984985351562,52.483948
9160,WSM,1,2090,17666.802734375,255.22930908203125,68.201744
9161,WSM,1,2095,19946.744140625,254.36610412597656,82.41877
9162,WSM,1,2100,23096.552734375,253.19639587402344,99.713875
9163,WSM,2,2020,920.044677734375,214.9290008544922,4.280691
9164,WSM,2,2025,1043.136962890625,221.2196044921875,4.72404
9165,WSM,2,2030,1102.5137939453125,226.09384155273438,4.8691144
9166,WSM,2,2035,1158.103759765625,230.38731384277344,4.9832234
9167,WSM,2,2040,1256.6640625,234.5549774169922,5.3135705
9168,WSM,2,2045,1340.97607421875,236.9286651611328,5.641268
9169,WSM,2,2050,1433.6982421875,237.34207153320312,6.05728
9170,WSM,2,2055,1487.1031494140625,238.36920166015625,6.0825367
9171,WSM,2,2060,1611.974853515625,237.41192626953125,6.807804
9172,WSM,2,2065,1733.74755859375,236.3528289794922,7.2975845
9173,WSM,2,2070,1810.7783203125,234.62242126464844,7.6203446
9174,WSM,2,2075,1922.4007568359375,235.2952880859375,7.9420214
9175,WSM,2,2080,2001.228759765625,239.449951171875,8.342347
9176,WSM,2,2085,2141.41845703125,238.83517456054688,8.661959
9177,WSM,2,2090,2333.1904296875,239.68531799316406,9.751908
9178,WSM,2,2095,2510.514404296875,237.71319580078125,10.234641
9179,WSM,2,2100,2640.26611328125,236.75860595703125,11.221625
9180,YEM,0,2020,0.0,32284.046875,0.0
9181,YEM,0,2025,0.0,35774.32421875,0.0
9182,YEM,0,2030,0.0,39180.94921875,0.0
9183,YEM,0,2035,0.0,42332.59765625,0.0
9184,YEM,0,2040,0.0,45439.2109375,0.0
9185,YEM,0,2045,0.0,48130.6328125,0.0
9186,YEM,0,2050,0.0,50752.296875,0.0
9187,YEM,0,2055,0.0,52562.4296875,0.0
9188,YEM,0,2060,0.0,54200.7578125,0.0
9189,YEM,0,2065,0.0,55466.26171875,0.0
9190,YEM,0,2070,0.0,56448.546875,0.0
9191,YEM,0,2075,0.0,56725.50390625,0.0
9192,YEM,0,2080,0.0,56582.9296875,0.0
9193,YEM,0,2085,0.0,56236.5859375,0.0
9194,YEM,0,2090,0.0,55857.0078125,0.0
9195,YEM,0,2095,0.0,54766.31640625,0.0
9196,YEM,0,2100,0.0,53644.171875,0.0
9197,YEM,1,2020,0.0,32284.046875,0.0
9198,YEM,1,2025,0.0,35682.19140625,0.0
9199,YEM,1,2030,0.0,39043.00390625,0.0
9200,YEM,1,2035,0.0,42241.6640625,0.0
9201,YEM,1,2040,0.0,45334.85546875,0.0
9202,YEM,1,2045,0.0,47872.984375,0.0
9203,YEM,1,2050,0.0,50345.2265625,0.0
9204,YEM,1,2055,0.0,51728.4296875,0.0
9205,YEM,1,2060,0.0,53286.59375,0.0
9206,YEM,1,2065,0.0,54097.89453125,0.0
9207,YEM,1,2070,0.0,54258.4296875,0.0
9208,YEM,1,2075,0.0,54286.203125,0.0
9209,YEM,1,2080,0.0,53987.25390625,0.0
9210,YEM,1,2085,0.0,53636.6953125,0.0
9211,YEM,1,2090,0.0,52814.7265625,0.0
9212,YEM,1,2095,0.0,51715.67578125,0.0
9213,YEM,1,2100,0.0,51116.77734375,0.0
9214,YEM,2,2020,0.0,32284.046875,0.0
9215,YEM,2,2025,0.0,35761.30078125,0.0
9216,YEM,2,2030,0.0,39103.43359375,0.0
9217,YEM,2,2035,0.0,42274.525390625,0.0
9218,YEM,2,2040,0.0,45305.94921875,0.0
9219,YEM,2,2045,0.0,48124.1015625,0.0
9220,YEM,2,2050,0.0,50624.84765625,0.0
9221,YEM,2,2055,0.0,52457.595703125,0.0
9222,YEM,2,2060,0.0,53899.19921875,0.0
9223,YEM,2,2065,0.0,55179.009765625,0.0
9224,YEM,2,2070,0.0,56043.599609375,0.0
9225,YEM,2,2075,0.0,56238.55859375,0.0
9226,YEM,2,2080,0.0,55970.466796875,0.0
9227,YEM,2,2085,0.0,55604.0859375,0.0
9228,YEM,2,2090,0.0,55257.8828125,0.0
9229,YEM,2,2095,0.0,54078.36328125,0.0
9230,YEM,2,2100,0.0,52624.640625,0.0
9231,ZAF,0,2020,342616.65625,58801.92578125,5.826623
9232,ZAF,0,2025,405433.8125,62249.09765625,6.5135427
9233,ZAF,0,2030,497351.03125,65432.23828125,7.625569
9234,ZAF,0,2035,589786.75,68379.453125,8.646462
9235,ZAF,0,2040,689387.0625,71009.7890625,9.744369
9236,ZAF,0,2045,809235.8125,73334.953125,11.096074
9237,ZAF,0,2050,951877.3125,75213.3984375,12.750469
9238,ZAF,0,2055,1105235.125,76884.6484375,14.495811
9239,ZAF,0,2060,1263519.75,77782.5078125,16.230738
9240,ZAF,0,2065,1458335.375,78436.9375,18.856346
9241,ZAF,0,2070,1698828.375,78689.8125,21.14301
9242,ZAF,0,2075,1929725.875,78676.0,24.260956
9243,ZAF,0,2080,2168902.75,78621.5234375,26.76352
9244,ZAF,0,2085,2412242.5,78652.1875,30.003984
9245,ZAF,0,2090,2628963.5,78343.6484375,32.972095
9246,ZAF,0,2095,2893511.25,78051.671875,37.439384
9247,ZAF,0,2100,3146416.25,77485.2734375,40.68838
9248,ZAF,1,2020,342616.65625,58801.92578125,5.826623
9249,ZAF,1,2025,464504.28125,62277.6171875,7.4461927
9250,ZAF,1,2030,596297.0,65550.7578125,9.167521
9251,ZAF,1,2035,874055.0625,68586.046875,12.877219
9252,ZAF,1,2040,989438.125,71271.1875,13.798289
9253,ZAF,1,2045,1262704.375,73871.8046875,16.70382
9254,ZAF,1,2050,1648471.0,75993.6796875,21.400387
9255,ZAF,1,2055,2017682.75,77576.9296875,26.815842
9256,ZAF,1,2060,2616148.0,78795.9765625,33.2208
9257,ZAF,1,2065,3152602.5,79552.921875,37.800327
9258,ZAF,1,2070,3747931.0,79988.0859375,47.307034
9259,ZAF,1,2075,4785410.0,80094.984375,57.786484
9260,ZAF,1,2080,5811835.0,80273.171875,70.69466
9261,ZAF,1,2085,6652557.5,80580.5859375,81.22345
9262,ZAF,1,2090,7933492.0,80330.3828125,100.16699
9263,ZAF,1,2095,9827745.0,79903.8359375,124.856804
9264,ZAF,1,2100,11123552.0,79899.3046875,145.8972
9265,ZAF,2,2020,342616.65625,58801.92578125,5.826623
9266,ZAF,2,2025,398425.578125,62272.5859375,6.4138207
9267,ZAF,2,2030,448410.125,65412.03515625,6.8678665
9268,ZAF,2,2035,499584.6875,68371.6640625,7.2206664
9269,ZAF,2,2040,560694.84375,71031.28515625,7.8810186
9270,ZAF,2,2045,639802.0625,73433.09375,8.784569
9271,ZAF,2,2050,692201.25,75366.765625,9.204069
9272,ZAF,2,2055,734727.125,76997.484375,9.7066555
9273,ZAF,2,2060,805035.59375,78152.90234375,10.597252
9274,ZAF,2,2065,883538.53125,78654.4921875,11.437994
9275,ZAF,2,2070,913317.625,79183.34375,11.430916
9276,ZAF,2,2075,997350.5,79281.9921875,12.725374
9277,ZAF,2,2080,1083984.0625,79210.765625,13.515438
9278,ZAF,2,2085,1139339.125,78996.1953125,14.423866
9279,ZAF,2,2090,1221343.6875,78721.9609375,15.251028
9280,ZAF,2,2095,1289366.75,78328.328125,16.122458
9281,ZAF,2,2100,1293871.125,77953.6640625,16.630629
9282,ZMB,0,2020,23735.5703125,18927.71484375,1.2540114
9283,ZMB,0,2025,32333.115234375,21747.984375,1.4929457
9284,ZMB,0,2030,44519.26171875,24847.40234375,1.7889212
9285,ZMB,0,2035,58060.8984375,28154.111328125,2.0833414
9286,ZMB,0,2040,76770.296875,31662.125,2.4431837
9287,ZMB,0,2045,100497.3984375,35308.3671875,2.8215985
9288,ZMB,0,2050,133689.8125,39012.859375,3.4524744
9289,ZMB,0,2055,176803.03125,42874.39453125,4.116716
9290,ZMB,0,2060,218080.765625,46843.96484375,4.525286
9291,ZMB,0,2065,268994.15625,50785.8828125,5.401584
9292,ZMB,0,2070,342030.65625,54542.7578125,6.566341
9293,ZMB,0,2075,431348.53125,58648.58203125,7.532327
9294,ZMB,0,2080,468641.5,62733.46875,7.4222245
9295,ZMB,0,2085,578201.6875,66406.03125,8.95242
9296,ZMB,0,2090,658602.625,70029.421875,10.011233
9297,ZMB,0,2095,822916.625,73602.859375,11.695324
9298,ZMB,0,2100,984805.0,76650.9765625,12.634257
9299,ZMB,1,2020,23735.5703125,18927.71484375,1.2540114
9300,ZMB,1,2025,36269.97265625,21771.4609375,1.6644958
9301,ZMB,1,2030,51567.3359375,24855.421875,2.085719
9302,ZMB,1,2035,70922.2734375,28198.638671875,2.5682023
9303,ZMB,1,2040,104299.6015625,31737.21875,3.3832529
9304,ZMB,1,2045,125741.6328125,35365.40625,3.4178884
9305,ZMB,1,2050,189514.15625,39472.328125,4.8510046
9306,ZMB,1,2055,260753.578125,43129.4765625,6.21692
9307,ZMB,1,2060,336730.46875,47618.08984375,7.391171
9308,ZMB,1,2065,456994.0625,51296.15625,9.29721
9309,ZMB,1,2070,635422.5,55211.09375,11.65753
9310,ZMB,1,2075,857894.125,59450.21484375,15.098112
9311,ZMB,1,2080,1085607.625,63138.05859375,19.018536
9312,ZMB,1,2085,1346323.75,66688.6640625,22.721659
9313,ZMB,1,2090,1804996.75,70743.171875,26.064003
9314,ZMB,1,2095,2318931.0,75255.90625,32.049156
9315,ZMB,1,2100,2987934.25,79280.359375,38.292965
9316,ZMB,2,2020,23735.5703125,18927.71484375,1.2540114
9317,ZMB,2,2025,30247.44140625,21746.1767578125,1.3887142
9318,ZMB,2,2030,37904.8828125,24845.203125,1.524422
9319,ZMB,2,2035,43787.20703125,28121.65625,1.5428128
9320,ZMB,2,2040,53126.322265625,31586.599609375,1.674756
9321,ZMB,2,2045,68525.296875,35160.01953125,1.9293497
9322,ZMB,2,2050,87492.70703125,38838.02734375,2.2797942
9323,ZMB,2,2055,100068.5703125,42722.9765625,2.3331168
9324,ZMB,2,2060,121499.6796875,46529.82421875,2.6306605
9325,ZMB,2,2065,144011.6171875,50386.83984375,2.8431952
9326,ZMB,2,2070,166092.5546875,54241.0625,3.0014808
9327,ZMB,2,2075,195607.578125,58266.515625,3.4328995
9328,ZMB,2,2080,217547.90625,62297.8359375,3.4750955
9329,ZMB,2,2085,238916.59375,66056.7890625,3.474278
9330,ZMB,2,2090,273432.9375,69855.6484375,3.912142
9331,ZMB,2,2095,302619.15625,72997.0859375,4.1436214
9332,ZMB,2,2100,341440.21875,75984.21875,4.357922
9333,ZWE,0,2020,19266.142578125,15669.666015625,1.2295184
9334,ZWE,0,2025,24742.552734375,16767.58203125,1.4865296
9335,ZWE,0,2030,30409.96484375,17804.841796875,1.7015895
9336,ZWE,0,2035,38882.46875,18823.662109375,2.051289
9337,ZWE,0,2040,50053.3359375,19813.931640625,2.4644506
9338,ZWE,0,2045,63422.453125,20830.708984375,3.093555
9339,ZWE,0,2050,76268.9296875,21632.0546875,3.60402
9340,ZWE,0,2055,101415.453125,22323.109375,4.55601
9341,ZWE,0,2060,120629.640625,22741.306640625,5.517992
9342,ZWE,0,2065,138607.84375,23143.1171875,6.22054
9343,ZWE,0,2070,166300.078125,23385.974609375,7.35138
9344,ZWE,0,2075,197018.875,23664.958984375,8.293386
9345,ZWE,0,2080,223082.78125,23749.814453125,9.84953
9346,ZWE,0,2085,250493.625,23646.849609375,11.180327
9347,ZWE,0,2090,274883.71875,23431.552734375,11.357647
9348,ZWE,0,2095,298312.59375,23161.708984375,13.563306
9349,ZWE,0,2100,323464.3125,22751.203125,14.106271
9350,ZWE,1,2020,19266.142578125,15669.666015625,1.2295184
9351,ZWE,1,2025,26287.740234375,16771.53125,1.5840027
9352,ZWE,1,2030,32514.5234375,17895.81640625,1.7905226
9353,ZWE,1,2035,40790.04296875,18913.85546875,2.0656452
9354,ZWE,1,2040,56513.125,19927.830078125,2.677642
9355,ZWE,1,2045,72994.875,20738.560546875,3.4286623
9356,ZWE,1,2050,90984.546875,21750.20703125,4.022405
9357,ZWE,1,2055,141346.484375,22327.228515625,6.6711206
9358,ZWE,1,2060,162873.921875,22871.833984375,6.841078
9359,ZWE,1,2065,206014.0,23112.546875,8.371297
9360,ZWE,1,2070,300908.5,23304.291015625,13.390914
9361,ZWE,1,2075,372565.5625,23403.478515625,16.129526
9362,ZWE,1,2080,400984.53125,23578.419921875,18.663147
9363,ZWE,1,2085,510665.46875,23519.833984375,24.22593
9364,ZWE,1,2090,627159.8125,23459.201171875,32.371605
9365,ZWE,1,2095,766280.875,23228.443359375,36.306217
9366,ZWE,1,2100,804820.6875,23589.79296875,33.74462
9367,ZWE,2,2020,19266.142578125,15669.666015625,1.2295184
9368,ZWE,2,2025,23844.4296875,16769.0361328125,1.4337423
9369,ZWE,2,2030,27014.205078125,17821.416015625,1.5067542
9370,ZWE,2,2035,31379.6796875,18852.115234375,1.6925707
9371,ZWE,2,2040,36804.51953125,19909.279296875,1.8815999
9372,ZWE,2,2045,41356.109375,20909.1953125,2.0184813
9373,ZWE,2,2050,47081.453125,21790.109375,2.2029688
9374,ZWE,2,2055,51095.87890625,22571.58203125,2.2767153
9375,ZWE,2,2060,57031.568359375,22993.29296875,2.4701889
9376,ZWE,2,2065,63142.232421875,23377.185546875,2.769214
9377,ZWE,2,2070,68054.81640625,23568.79296875,2.8343174
9378,ZWE,2,2075,77464.37890625,23733.89453125,3.461271
9379,ZWE,2,2080,89229.68359375,23926.478515625,3.7741115
9380,ZWE,2,2085,96129.44140625,23739.783203125,4.3350697
9381,ZWE,2,2090,107554.08984375,23559.8046875,4.610448
9382,ZWE,2,2095,112039.51953125,23260.703125,4.8800015
9383,ZWE,2,2100,118592.15625,23002.13671875,5.412103
