,Country,Cluster,Year,GDP,Population,GDPpc
0,ABW,0,2020,2486.299,106.585,23.326914
1,ABW,0,2025,2830.6965,109.677605,25.80193
2,ABW,0,2030,3328.144,113.13852,29.41589
3,ABW,0,2035,3837.6272,116.310005,33.008244
4,ABW,0,2040,4457.8164,118.68391,37.563034
5,ABW,0,2045,4975.231,120.703316,41.277107
6,ABW,0,2050,5722.4287,122.69021,46.748222
7,ABW,0,2055,6509.777,124.673416,52.394604
8,ABW,0,2060,7553.6206,127.686295,59.50099
9,ABW,0,2065,8760.275,131.24922,67.22926
10,ABW,0,2070,9918.361,135.00882,74.03806
11,ABW,0,2075,11632.216,138.74986,84.517975
12,ABW,0,2080,13332.44,142.03627,94.49489
13,ABW,0,2085,15056.877,144.64935,104.87158
14,ABW,0,2090,17016.451,147.93208,115.77215
15,ABW,0,2095,19523.594,151.09373,129.68164
16,ABW,0,2100,22136.426,154.6882,143.36925
17,ABW,1,2020,2486.299,106.585,23.326914
18,ABW,1,2025,3048.3672,109.9043,27.753712
19,ABW,1,2030,3688.42,113.23294,32.61822
20,ABW,1,2035,4585.268,116.47726,39.415913
21,ABW,1,2040,5617.8916,119.45358,47.063553
22,ABW,1,2045,6657.997,121.76063,54.722187
23,ABW,1,2050,8133.193,123.491745,66.03688
24,ABW,1,2055,9631.074,124.449875,77.26528
25,ABW,1,2060,11614.629,127.84541,90.591064
26,ABW,1,2065,14742.651,131.32947,111.78542
27,ABW,1,2070,18850.91,135.01576,138.7377
28,ABW,1,2075,24499.312,139.94073,175.47816
29,ABW,1,2080,29241.16,142.915,205.01828
30,ABW,1,2085,35051.484,146.3326,239.56735
31,ABW,1,2090,43701.15,150.33934,292.34183
32,ABW,1,2095,50224.914,150.64258,330.45212
33,ABW,1,2100,61733.45,153.93036,400.64636
34,ABW,2,2020,2486.299,106.585,23.326914
35,ABW,2,2025,2770.7712,109.60882,25.275608
36,ABW,2,2030,3024.1091,112.97454,26.764168
37,ABW,2,2035,3239.7727,115.8444,27.963877
38,ABW,2,2040,3535.3025,118.19108,29.92301
39,ABW,2,2045,3761.272,119.88978,31.388834
40,ABW,2,2050,4031.5847,121.34667,33.23376
41,ABW,2,2055,4325.9414,122.94874,35.18214
42,ABW,2,2060,4748.1064,125.93893,37.664383
43,ABW,2,2065,5231.0645,129.13205,40.460625
44,ABW,2,2070,5655.8267,132.72226,42.504566
45,ABW,2,2075,6134.7583,136.43402,44.84086
46,ABW,2,2080,6624.292,139.41977,47.40224
47,ABW,2,2085,7016.6953,141.7275,49.40242
48,ABW,2,2090,7574.7705,144.6292,52.17613
49,ABW,2,2095,8244.755,147.19235,55.830013
50,ABW,2,2100,8826.192,149.85597,58.633045
51,AFG,0,2020,20900.766,38972.23,0.53629893
52,AFG,0,2025,29663.14,44517.22,0.666533
53,AFG,0,2030,44738.684,50738.066,0.8823927
54,AFG,0,2035,61041.18,56710.18,1.0777069
55,AFG,0,2040,84586.76,62791.613,1.3466941
56,AFG,0,2045,114083.78,68630.71,1.6638662
57,AFG,0,2050,145217.38,74153.516,1.9595653
58,AFG,0,2055,190794.73,79311.31,2.401262
59,AFG,0,2060,250425.5,84501.6,2.9548385
60,AFG,0,2065,323921.28,89298.086,3.6225555
61,AFG,0,2070,403137.84,93334.516,4.3115954
62,AFG,0,2075,493683.94,97540.586,5.0518026
63,AFG,0,2080,532695.7,101201.48,5.2465386
64,AFG,0,2085,650738.94,104005.42,6.2341876
65,AFG,0,2090,784690.3,106752.37,7.337974
66,AFG,0,2095,995999.4,109453.9,9.100252
67,AFG,0,2100,1196713.5,112119.04,10.652747
68,AFG,1,2020,20900.766,38972.23,0.53629893
69,AFG,1,2025,31387.926,44730.25,0.7016161
70,AFG,1,2030,44778.22,50792.066,0.8797341
71,AFG,1,2035,64976.49,56710.316,1.1457622
72,AFG,1,2040,91575.47,62774.047,1.4432958
73,AFG,1,2045,124399.53,67292.32,1.8185505
74,AFG,1,2050,174056.7,71836.4,2.3854904
75,AFG,1,2055,275049.84,76692.484,3.526937
76,AFG,1,2060,362050.47,81317.59,4.3698106
77,AFG,1,2065,483832.78,86563.125,5.517557
78,AFG,1,2070,639325.25,91033.7,6.965968
79,AFG,1,2075,892052.9,95585.66,9.288966
80,AFG,1,2080,830088.44,99405.625,8.293675
81,AFG,1,2085,1071315.5,102069.08,10.455853
82,AFG,1,2090,1284246.2,104943.586,12.314555
83,AFG,1,2095,1668595.0,106923.12,15.690872
84,AFG,1,2100,2125677.2,108488.95,19.652441
85,AFG,2,2020,20900.766,38972.23,0.53629893
86,AFG,2,2025,28315.791,44507.387,0.6361457
87,AFG,2,2030,37049.72,50607.684,0.7319134
88,AFG,2,2035,49090.863,56543.285,0.8673157
89,AFG,2,2040,62539.9,62640.914,0.997392
90,AFG,2,2045,80462.61,68528.42,1.1753784
91,AFG,2,2050,96825.42,74092.98,1.3076434
92,AFG,2,2055,126014.766,79387.24,1.5870663
93,AFG,2,2060,154443.5,84716.36,1.8204669
94,AFG,2,2065,192642.62,89423.5,2.153277
95,AFG,2,2070,224733.72,93479.46,2.407487
96,AFG,2,2075,258617.8,97837.35,2.6511865
97,AFG,2,2080,284290.44,101556.086,2.816342
98,AFG,2,2085,334916.6,104425.39,3.2261965
99,AFG,2,2090,381886.75,107200.234,3.5854921
100,AFG,2,2095,440245.78,109661.266,4.0414987
101,AFG,2,2100,499932.8,112113.84,4.472484
102,AGO,0,2020,82499.7,33428.484,2.4679463
103,AGO,0,2025,117109.03,39258.887,2.9834127
104,AGO,0,2030,170946.14,45874.504,3.727103
105,AGO,0,2035,235335.55,53210.176,4.4231453
106,AGO,0,2040,327747.22,61152.08,5.3605914
107,AGO,0,2045,447682.94,69854.45,6.417088
108,AGO,0,2050,608957.6,79446.625,7.6804266
109,AGO,0,2055,806254.5,89677.46,9.013038
110,AGO,0,2060,1086086.0,100478.36,10.850318
111,AGO,0,2065,1431454.0,111827.05,12.85553
112,AGO,0,2070,1841858.0,123349.99,14.994164
113,AGO,0,2075,2418415.5,135302.61,17.944178
114,AGO,0,2080,2918546.2,147383.58,19.888914
115,AGO,0,2085,3708658.2,159719.34,23.310087
116,AGO,0,2090,4584751.0,172283.08,26.647518
117,AGO,0,2095,5722326.0,185138.55,30.925879
118,AGO,0,2100,7055398.0,197853.23,35.615307
119,AGO,1,2020,82499.7,33428.484,2.4679463
120,AGO,1,2025,127713.164,39356.473,3.2450414
121,AGO,1,2030,183595.78,45803.906,4.006158
122,AGO,1,2035,274386.03,53122.227,5.1617327
123,AGO,1,2040,393677.3,61019.793,6.4406557
124,AGO,1,2045,567830.2,69826.984,8.135135
125,AGO,1,2050,846859.3,79589.77,10.694049
126,AGO,1,2055,1082291.2,89721.734,12.09754
127,AGO,1,2060,1535263.2,100609.92,15.303718
128,AGO,1,2065,2166799.2,112078.25,19.442305
129,AGO,1,2070,2925447.8,123887.48,23.78329
130,AGO,1,2075,3954262.8,136006.81,29.263193
131,AGO,1,2080,4588443.0,148321.38,31.096325
132,AGO,1,2085,6268371.5,161171.83,39.23745
133,AGO,1,2090,8077814.0,173725.55,46.874905
134,AGO,1,2095,10629788.0,185753.4,57.523457
135,AGO,1,2100,13540196.0,198173.6,68.919655
136,AGO,2,2020,82499.7,33428.484,2.4679463
137,AGO,2,2025,109924.04,39245.484,2.8006153
138,AGO,2,2030,141988.06,45863.78,3.094999
139,AGO,2,2035,179475.9,53144.23,3.3764524
140,AGO,2,2040,228881.52,60988.742,3.7531161
141,AGO,2,2045,293018.78,69596.42,4.207429
142,AGO,2,2050,369949.06,79046.11,4.6811137
143,AGO,2,2055,470393.9,89143.89,5.2790523
144,AGO,2,2060,588021.44,99812.83,5.8964205
145,AGO,2,2065,712025.25,111029.92,6.41904
146,AGO,2,2070,848622.5,122539.9,6.9300785
147,AGO,2,2075,1030614.56,134500.89,7.6714773
148,AGO,2,2080,1247626.9,146523.11,8.538503
149,AGO,2,2085,1457868.0,158854.02,9.1949
150,AGO,2,2090,1737331.5,171441.72,10.161601
151,AGO,2,2095,2066280.6,184264.33,11.2554865
152,AGO,2,2100,2418048.2,196834.47,12.307507
153,ALB,0,2020,12709.027,2837.849,4.478401
154,ALB,0,2025,15029.725,2820.3054,5.3276687
155,ALB,0,2030,17750.586,2789.75,6.3599324
156,ALB,0,2035,21333.393,2749.3389,7.7526894
157,ALB,0,2040,24398.09,2702.8237,9.024192
158,ALB,0,2045,28574.291,2646.1392,10.801227
159,ALB,0,2050,33805.98,2592.2703,13.080843
160,ALB,0,2055,38178.27,2537.874,15.088407
161,ALB,0,2060,41671.867,2486.2048,16.8864
162,ALB,0,2065,48172.695,2443.1592,19.86744
163,ALB,0,2070,53288.973,2391.838,22.451435
164,ALB,0,2075,60824.582,2323.6963,26.41477
165,ALB,0,2080,59779.844,2247.7913,26.80657
166,ALB,0,2085,63922.996,2170.8882,29.738247
167,ALB,0,2090,71721.79,2103.5518,34.45426
168,ALB,0,2095,78872.55,2042.2217,38.991955
169,ALB,0,2100,84014.41,1986.6351,42.46387
170,ALB,1,2020,12709.027,2837.849,4.478401
171,ALB,1,2025,15990.691,2815.0156,5.677321
172,ALB,1,2030,18503.182,2797.6702,6.6031284
173,ALB,1,2035,22787.094,2768.5625,8.216773
174,ALB,1,2040,27104.88,2731.9014,9.865069
175,ALB,1,2045,33962.21,2704.0786,12.437839
176,ALB,1,2050,45163.508,2676.0217,16.847305
177,ALB,1,2055,49072.098,2646.3506,18.623238
178,ALB,1,2060,60258.56,2603.4873,23.411642
179,ALB,1,2065,85902.836,2571.301,34.0255
180,ALB,1,2070,105098.6,2527.5981,42.799885
181,ALB,1,2075,127802.94,2474.8186,53.685772
182,ALB,1,2080,109964.35,2408.4878,47.466934
183,ALB,1,2085,133298.84,2338.703,59.729683
184,ALB,1,2090,168492.7,2273.0562,78.8505
185,ALB,1,2095,206428.22,2221.3547,100.12992
186,ALB,1,2100,242585.92,2185.1262,121.34524
187,ALB,2,2020,12709.026,2837.849,4.478401
188,ALB,2,2025,13864.51,2816.2888,4.9234695
189,ALB,2,2030,15208.305,2785.4912,5.461168
190,ALB,2,2035,15528.535,2743.978,5.659637
191,ALB,2,2040,16102.02,2695.1472,5.979388
192,ALB,2,2045,17223.91,2639.1858,6.5191207
193,ALB,2,2050,17355.053,2582.3428,6.717146
194,ALB,2,2055,18217.473,2526.4792,7.1977863
195,ALB,2,2060,18590.314,2475.0098,7.5008683
196,ALB,2,2065,20457.24,2431.3203,8.397696
197,ALB,2,2070,21279.783,2380.3877,8.942277
198,ALB,2,2075,22125.904,2312.9087,9.559842
199,ALB,2,2080,22462.475,2235.6914,10.023884
200,ALB,2,2085,24081.613,2158.7642,11.090319
201,ALB,2,2090,25657.363,2091.6013,12.144221
202,ALB,2,2095,27739.637,2031.7368,13.45492
203,ALB,2,2100,29901.094,1977.3982,14.926296
204,ARE,0,2020,388525.44,9287.289,41.834106
205,ARE,0,2025,502542.84,10883.19,46.170486
206,ARE,0,2030,679811.75,12818.538,53.023766
207,ARE,0,2035,887187.1,14948.93,59.31598
208,ARE,0,2040,1146960.8,17025.936,67.31534
209,ARE,0,2045,1451175.5,18906.246,76.69847
210,ARE,0,2050,1816552.0,20551.383,88.289795
211,ARE,0,2055,2206658.8,21884.928,100.82679
212,ARE,0,2060,2648110.8,23002.098,115.13632
213,ARE,0,2065,3081750.5,23890.367,128.86072
214,ARE,0,2070,3522349.8,24770.75,141.88055
215,ARE,0,2075,4116169.0,25401.227,161.88411
216,ARE,0,2080,4693538.0,25961.686,180.61479
217,ARE,0,2085,5359437.0,26442.723,202.4562
218,ARE,0,2090,6009871.5,26898.203,223.36003
219,ARE,0,2095,6875993.5,27441.219,250.8364
220,ARE,0,2100,7915468.5,28014.68,282.06097
221,ARE,1,2020,388525.44,9287.289,41.834106
222,ARE,1,2025,529760.6,11034.162,47.972404
223,ARE,1,2030,732552.25,13026.599,56.17654
224,ARE,1,2035,1004457.94,15292.279,65.59395
225,ARE,1,2040,1378752.0,17446.932,79.01983
226,ARE,1,2045,1767078.4,19314.703,91.64878
227,ARE,1,2050,2382442.8,21223.082,112.751816
228,ARE,1,2055,3015270.0,22468.217,134.52298
229,ARE,1,2060,3801419.0,23252.8,163.16423
230,ARE,1,2065,5055634.5,24229.293,208.82683
231,ARE,1,2070,6593048.0,24882.629,264.67694
232,ARE,1,2075,8914008.0,25443.186,350.29437
233,ARE,1,2080,11318253.0,25884.246,436.03372
234,ARE,1,2085,13083083.0,26364.85,494.84802
235,ARE,1,2090,15628332.0,26787.318,579.6924
236,ARE,1,2095,17693732.0,27305.684,643.35266
237,ARE,1,2100,20653398.0,27904.295,739.19904
238,ARE,2,2020,388525.44,9287.289,41.834106
239,ARE,2,2025,490134.6,10879.626,45.05858
240,ARE,2,2030,617897.44,12864.604,48.045242
241,ARE,2,2035,758012.1,15062.707,50.367558
242,ARE,2,2040,915165.0,17156.469,53.372063
243,ARE,2,2045,1085387.6,19119.836,56.758003
244,ARE,2,2050,1243030.1,20748.477,59.862137
245,ARE,2,2055,1410516.4,22057.65,63.932083
246,ARE,2,2060,1569407.9,23118.127,67.80492
247,ARE,2,2065,1762715.4,23997.969,73.36822
248,ARE,2,2070,1915971.4,24890.203,76.93805
249,ARE,2,2075,2111749.2,25480.77,82.805626
250,ARE,2,2080,2318963.8,26062.182,88.86208
251,ARE,2,2085,2502393.5,26479.14,94.35699
252,ARE,2,2090,2713496.0,26903.662,100.725204
253,ARE,2,2095,2952151.0,27322.398,107.78544
254,ARE,2,2100,3219717.8,27878.28,115.14334
255,ARG,0,2020,521835.44,45376.76,11.500059
256,ARG,0,2025,639497.3,47360.086,13.502971
257,ARG,0,2030,782472.25,49207.105,15.901845
258,ARG,0,2035,940656.9,50896.05,18.480875
259,ARG,0,2040,1109547.0,52421.99,21.165504
260,ARG,0,2045,1311126.1,53826.152,24.355656
261,ARG,0,2050,1546094.6,55064.7,28.07286
262,ARG,0,2055,1814650.6,56131.16,32.31347
263,ARG,0,2060,2133378.5,56976.363,37.423546
264,ARG,0,2065,2461466.8,57640.496,42.66321
265,ARG,0,2070,2816919.0,58105.168,48.39822
266,ARG,0,2075,3231284.5,58414.438,55.188335
267,ARG,0,2080,3547218.0,58613.81,60.361794
268,ARG,0,2085,4012898.8,58659.625,68.22472
269,ARG,0,2090,4544883.0,58588.766,77.31931
270,ARG,0,2095,5273659.0,58405.945,89.98406
271,ARG,0,2100,5951597.0,58114.44,102.02613
272,ARG,1,2020,521835.44,45376.76,11.500059
273,ARG,1,2025,711617.6,47363.152,15.025373
274,ARG,1,2030,855086.9,49213.465,17.376059
275,ARG,1,2035,1094705.6,50925.37,21.503408
276,ARG,1,2040,1388993.9,52465.383,26.504759
277,ARG,1,2045,1682463.9,53868.863,31.291134
278,ARG,1,2050,2111486.8,55106.33,38.367386
279,ARG,1,2055,2568821.8,56122.37,45.807774
280,ARG,1,2060,3138749.2,56940.984,55.187943
281,ARG,1,2065,3889213.8,57510.254,67.77499
282,ARG,1,2070,4938155.5,57882.0,85.55723
283,ARG,1,2075,6330842.5,58091.535,109.23253
284,ARG,1,2080,7115392.0,58173.582,122.47541
285,ARG,1,2085,8902974.0,58145.945,153.49661
286,ARG,1,2090,10129554.0,58110.383,175.08748
287,ARG,1,2095,12133124.0,57901.945,210.92056
288,ARG,1,2100,15183769.0,57577.195,266.58035
289,ARG,2,2020,521835.47,45376.76,11.500059
290,ARG,2,2025,584493.0,47368.195,12.339638
291,ARG,2,2030,653091.56,49229.535,13.266835
292,ARG,2,2035,728278.75,50928.832,14.301546
293,ARG,2,2040,804723.56,52471.855,15.338522
294,ARG,2,2045,911121.56,53879.473,16.914694
295,ARG,2,2050,997478.25,55126.93,18.101713
296,ARG,2,2055,1075760.9,56198.21,19.158012
297,ARG,2,2060,1208042.8,57051.145,21.199457
298,ARG,2,2065,1320046.9,57722.39,22.908352
299,ARG,2,2070,1390836.8,58185.38,23.947145
300,ARG,2,2075,1543112.4,58485.473,26.43376
301,ARG,2,2080,1716874.1,58650.277,29.342752
302,ARG,2,2085,1844758.9,58672.13,31.506638
303,ARG,2,2090,2016971.9,58584.344,34.532017
304,ARG,2,2095,2182685.8,58379.965,37.53285
305,ARG,2,2100,2355101.5,58071.633,40.684998
306,ARM,0,2020,12102.478,2805.608,4.313674
307,ARM,0,2025,14872.846,2832.1438,5.251811
308,ARM,0,2030,17742.672,2845.8826,6.2343273
309,ARM,0,2035,21353.229,2851.3413,7.484414
310,ARM,0,2040,26352.197,2847.938,9.247707
311,ARM,0,2045,32205.568,2849.9998,11.286895
312,ARM,0,2050,38650.508,2856.0283,13.523624
313,ARM,0,2055,45923.46,2854.9531,16.055887
314,ARM,0,2060,54196.273,2849.8184,18.99984
315,ARM,0,2065,60985.867,2823.7063,21.576305
316,ARM,0,2070,68247.25,2789.12,24.374685
317,ARM,0,2075,75560.484,2754.92,27.296732
318,ARM,0,2080,80073.875,2728.7454,29.257652
319,ARM,0,2085,90409.64,2704.424,33.437458
320,ARM,0,2090,101828.6,2677.0015,38.086926
321,ARM,0,2095,122289.805,2654.3206,46.370003
322,ARM,0,2100,142602.47,2624.2969,54.700546
323,ARM,1,2020,12102.478,2805.608,4.313674
324,ARM,1,2025,16894.805,2822.4016,5.979592
325,ARM,1,2030,21792.127,2819.043,7.704556
326,ARM,1,2035,28776.227,2811.4573,10.156384
327,ARM,1,2040,37368.996,2800.9956,13.177348
328,ARM,1,2045,46662.6,2795.2988,16.352133
329,ARM,1,2050,52709.727,2776.1763,18.564789
330,ARM,1,2055,67855.54,2758.8577,23.866507
331,ARM,1,2060,69756.0,2744.8967,24.836258
332,ARM,1,2065,84516.516,2722.6284,30.33796
333,ARM,1,2070,109471.77,2688.0059,39.424824
334,ARM,1,2075,164467.2,2648.1582,58.66862
335,ARM,1,2080,153455.45,2622.2473,55.649952
336,ARM,1,2085,189000.2,2595.8904,69.19325
337,ARM,1,2090,237514.33,2562.9373,87.27757
338,ARM,1,2095,294024.62,2543.357,109.47677
339,ARM,1,2100,367631.94,2518.9387,137.66539
340,ARM,2,2020,12102.478,2805.608,4.313674
341,ARM,2,2025,13724.777,2836.1277,4.8398476
342,ARM,2,2030,16002.589,2855.0422,5.60397
343,ARM,2,2035,17842.871,2862.882,6.229069
344,ARM,2,2040,19444.693,2860.098,6.789826
345,ARM,2,2045,22343.713,2857.5337,7.8135514
346,ARM,2,2050,24529.344,2857.3118,8.57891
347,ARM,2,2055,27190.877,2854.4116,9.520424
348,ARM,2,2060,28981.623,2847.9343,10.157628
349,ARM,2,2065,32153.754,2827.853,11.353362
350,ARM,2,2070,34554.43,2798.2358,12.285958
351,ARM,2,2075,38115.254,2766.07,13.731262
352,ARM,2,2080,41866.785,2739.3525,15.2658615
353,ARM,2,2085,42714.8,2712.4177,15.787844
354,ARM,2,2090,49358.367,2684.4282,18.401361
355,ARM,2,2095,54426.508,2658.6807,20.548662
356,ARM,2,2100,54046.52,2630.5383,20.691828
357,AUS,0,2020,1509912.2,25649.248,58.867702
358,AUS,0,2025,1759372.1,27002.4,65.15437
359,AUS,0,2030,2103358.0,28198.273,74.58294
360,AUS,0,2035,2440861.5,29245.12,83.45828
361,AUS,0,2040,2868964.0,30170.441,95.10433
362,AUS,0,2045,3253234.2,30966.465,105.08287
363,AUS,0,2050,3712666.0,31649.62,117.3
364,AUS,0,2055,4289026.0,32222.506,133.08829
365,AUS,0,2060,4915237.0,32704.178,150.25555
366,AUS,0,2065,5641991.5,33099.867,170.23972
367,AUS,0,2070,6348699.5,33459.875,189.46642
368,AUS,0,2075,7259160.0,33761.285,214.52528
369,AUS,0,2080,8109557.5,33968.215,238.2938
370,AUS,0,2085,9068409.0,34132.457,265.15622
371,AUS,0,2090,10142918.0,34277.996,295.67798
372,AUS,0,2095,11421889.0,34416.863,332.0969
373,AUS,0,2100,12515851.0,34533.613,363.07346
374,AUS,1,2020,1509912.2,25649.248,58.867702
375,AUS,1,2025,1838442.4,27003.592,68.07662
376,AUS,1,2030,2286331.2,28184.748,81.100044
377,AUS,1,2035,2883739.8,29208.654,98.69989
378,AUS,1,2040,3585716.2,30160.082,118.86251
379,AUS,1,2045,4358681.0,31078.143,140.36436
380,AUS,1,2050,5350317.5,31935.3,167.99509
381,AUS,1,2055,6544992.0,32625.545,201.6682
382,AUS,1,2060,7914107.0,33279.305,239.69205
383,AUS,1,2065,9595223.0,33810.863,286.76807
384,AUS,1,2070,12096198.0,34197.45,357.60538
385,AUS,1,2075,15398472.0,34447.355,453.04413
386,AUS,1,2080,17689080.0,34648.152,518.30756
387,AUS,1,2085,21093800.0,34816.645,617.30334
388,AUS,1,2090,25903308.0,34929.652,758.5166
389,AUS,1,2095,29082096.0,35097.633,851.5907
390,AUS,1,2100,34648896.0,35238.48,1015.30383
391,AUS,2,2020,1509912.2,25649.248,58.867702
392,AUS,2,2025,1716906.8,27016.184,63.548775
393,AUS,2,2030,1910809.6,28210.895,67.71688
394,AUS,2,2035,2074934.2,29254.557,70.8996
395,AUS,2,2040,2274716.2,30167.709,75.37564
396,AUS,2,2045,2475298.0,30963.658,79.90977
397,AUS,2,2050,2679146.0,31666.033,84.55455
398,AUS,2,2055,2897042.8,32259.48,89.74123
399,AUS,2,2060,3140355.0,32762.012,95.78812
400,AUS,2,2065,3432900.0,33171.527,103.401
401,AUS,2,2070,3599425.5,33554.773,107.18554
402,AUS,2,2075,3878806.2,33846.875,114.55385
403,AUS,2,2080,4102418.0,34065.54,120.31096
404,AUS,2,2085,4313715.0,34236.29,125.83947
405,AUS,2,2090,4599576.5,34384.95,133.56927
406,AUS,2,2095,4950465.0,34538.168,143.1866
407,AUS,2,2100,5230341.5,34669.168,150.7687
408,AUT,0,2020,391717.7,8916.864,43.92998
409,AUT,0,2025,447012.5,9180.469,48.691452
410,AUT,0,2030,524231.12,9400.398,55.76398
411,AUT,0,2035,603692.94,9566.161,63.091125
412,AUT,0,2040,687656.1,9688.601,70.970764
413,AUT,0,2045,788334.4,9772.338,80.66178
414,AUT,0,2050,868441.75,9818.887,88.413994
415,AUT,0,2055,1008956.44,9821.611,102.734314
416,AUT,0,2060,1139793.9,9803.336,116.2898
417,AUT,0,2065,1242226.6,9781.017,126.978264
418,AUT,0,2070,1382766.8,9757.626,141.52142
419,AUT,0,2075,1529095.9,9719.378,157.10237
420,AUT,0,2080,1719694.6,9668.097,177.68237
421,AUT,0,2085,1980325.0,9603.9795,205.6743
422,AUT,0,2090,2165754.2,9536.688,226.65404
423,AUT,0,2095,2405709.0,9480.393,253.31665
424,AUT,0,2100,2660614.2,9428.089,281.49725
425,AUT,1,2020,391717.7,8916.864,43.92998
426,AUT,1,2025,473436.03,9169.764,51.62428
427,AUT,1,2030,558134.94,9386.044,59.446754
428,AUT,1,2035,662326.0,9556.789,69.28992
429,AUT,1,2040,856410.2,9674.936,88.466675
430,AUT,1,2045,1068849.4,9765.597,109.29024
431,AUT,1,2050,1316324.1,9826.395,133.79333
432,AUT,1,2055,1640506.6,9841.443,166.55475
433,AUT,1,2060,1978904.1,9828.152,201.26785
434,AUT,1,2065,2460842.2,9797.471,250.95543
435,AUT,1,2070,3120713.8,9762.507,318.86612
436,AUT,1,2075,4309081.5,9706.279,441.8028
437,AUT,1,2080,4428387.5,9656.75,455.13782
438,AUT,1,2085,5287456.5,9594.677,547.09454
439,AUT,1,2090,6345593.0,9531.133,660.6487
440,AUT,1,2095,7382430.0,9487.019,772.39294
441,AUT,1,2100,8546972.0,9426.739,899.2029
442,AUT,2,2020,391717.7,8916.864,43.92998
443,AUT,2,2025,426845.06,9179.678,46.49656
444,AUT,2,2030,456360.03,9398.243,48.554104
445,AUT,2,2035,488973.47,9563.266,51.12538
446,AUT,2,2040,532738.94,9684.139,55.003094
447,AUT,2,2045,570069.56,9764.92,58.363827
448,AUT,2,2050,603463.44,9808.352,61.493233
449,AUT,2,2055,638439.06,9806.893,65.06943
450,AUT,2,2060,674721.4,9781.102,68.97138
451,AUT,2,2065,724648.75,9749.917,74.298805
452,AUT,2,2070,761397.6,9717.206,78.31294
453,AUT,2,2075,817348.5,9671.6875,84.44427
454,AUT,2,2080,867887.8,9613.1,90.141335
455,AUT,2,2085,927727.25,9537.655,96.963295
456,AUT,2,2090,1003648.3,9463.442,105.657074
457,AUT,2,2095,1074212.2,9400.525,113.93492
458,AUT,2,2100,1133139.2,9341.865,121.00447
459,AZE,0,2020,52002.684,10093.121,5.15229
460,AZE,0,2025,63618.895,10441.447,6.093214
461,AZE,0,2030,78424.336,10660.251,7.357384
462,AZE,0,2035,91541.266,10805.619,8.476378
463,AZE,0,2040,105151.96,10888.388,9.664707
464,AZE,0,2045,127620.46,10896.261,11.725449
465,AZE,0,2050,143793.27,10836.864,13.2916765
466,AZE,0,2055,167332.23,10725.57,15.626232
467,AZE,0,2060,196951.53,10569.462,18.671936
468,AZE,0,2065,217370.94,10383.699,20.982893
469,AZE,0,2070,240597.66,10176.338,23.715508
470,AZE,0,2075,262451.84,9961.669,26.439648
471,AZE,0,2080,267264.66,9751.816,27.45912
472,AZE,0,2085,289112.0,9558.831,30.313185
473,AZE,0,2090,312319.53,9375.0625,33.43753
474,AZE,0,2095,360767.53,9196.475,39.384872
475,AZE,0,2100,401038.0,9001.658,44.725147
476,AZE,1,2020,52002.684,10093.121,5.15229
477,AZE,1,2025,73430.18,10442.798,7.0318227
478,AZE,1,2030,84445.95,10667.609,7.914283
479,AZE,1,2035,122196.55,10821.725,11.302968
480,AZE,1,2040,161308.4,10918.106,14.815828
481,AZE,1,2045,179961.73,10949.318,16.49482
482,AZE,1,2050,223102.7,10909.386,20.571024
483,AZE,1,2055,252794.72,10818.172,23.494568
484,AZE,1,2060,310313.56,10684.677,29.221106
485,AZE,1,2065,454208.2,10519.981,43.612453
486,AZE,1,2070,533301.5,10311.727,52.297382
487,AZE,1,2075,595814.6,10094.721,59.550144
488,AZE,1,2080,563142.44,9884.76,57.269173
489,AZE,1,2085,690905.4,9696.554,71.86435
490,AZE,1,2090,838331.7,9521.765,88.91943
491,AZE,1,2095,946258.25,9351.995,102.37842
492,AZE,1,2100,1053578.1,9169.167,116.956024
493,AZE,2,2020,52002.688,10093.121,5.15229
494,AZE,2,2025,59535.418,10436.122,5.705005
495,AZE,2,2030,66047.664,10650.693,6.20234
496,AZE,2,2035,73314.77,10791.369,6.7968483
497,AZE,2,2040,78968.76,10870.591,7.270896
498,AZE,2,2045,86748.836,10877.538,7.981148
499,AZE,2,2050,93304.055,10814.902,8.636014
500,AZE,2,2055,101165.38,10700.239,9.46649
501,AZE,2,2060,106940.47,10543.976,10.150471
502,AZE,2,2065,115220.266,10358.415,11.126758
503,AZE,2,2070,119583.87,10151.637,11.797436
504,AZE,2,2075,126138.52,9935.284,12.725806
505,AZE,2,2080,130616.06,9722.213,13.436854
506,AZE,2,2085,133334.03,9525.45,13.966543
507,AZE,2,2090,142550.39,9338.073,15.24482
508,AZE,2,2095,147541.16,9156.549,16.087708
509,AZE,2,2100,160261.78,8960.1045,17.872843
510,BDI,0,2020,3261.843,12220.227,0.26692164
511,BDI,0,2025,4625.77,14057.058,0.3290527
512,BDI,0,2030,6730.8906,15956.458,0.42188793
513,BDI,0,2035,9056.1,17895.324,0.5065412
514,BDI,0,2040,12461.709,19955.064,0.62566775
515,BDI,0,2045,16496.074,22083.818,0.74915856
516,BDI,0,2050,22260.303,24277.01,0.92024213
517,BDI,0,2055,29372.041,26512.516,1.1124411
518,BDI,0,2060,38909.85,28689.434,1.3616875
519,BDI,0,2065,50435.89,30834.258,1.6444479
520,BDI,0,2070,65252.6,32927.484,1.9949013
521,BDI,0,2075,84066.64,34982.03,2.4189355
522,BDI,0,2080,94069.46,37028.402,2.5544653
523,BDI,0,2085,122831.05,39003.43,3.1711106
524,BDI,0,2090,152603.17,40941.527,3.7606177
525,BDI,0,2095,193024.0,42757.0,4.5582423
526,BDI,0,2100,231676.69,44471.637,5.2684207
527,BDI,1,2020,3261.843,12220.227,0.26692164
528,BDI,1,2025,4949.0586,14054.587,0.3520167
529,BDI,1,2030,7803.7603,15989.562,0.4869108
530,BDI,1,2035,12402.007,17919.176,0.6897258
531,BDI,1,2040,17087.225,19960.28,0.8533087
532,BDI,1,2045,23515.367,22127.0,1.0604618
533,BDI,1,2050,34413.938,24406.592,1.4047345
534,BDI,1,2055,44295.508,26643.27,1.6535728
535,BDI,1,2060,59616.66,28891.148,2.054232
536,BDI,1,2065,86514.14,31156.72,2.7658644
537,BDI,1,2070,119488.03,33412.13,3.5644746
538,BDI,1,2075,156084.4,35598.83,4.3813386
539,BDI,1,2080,153706.94,37768.06,4.040098
540,BDI,1,2085,217395.56,39931.645,5.383737
541,BDI,1,2090,272869.1,42032.0,6.4032903
542,BDI,1,2095,359164.78,43911.766,8.065069
543,BDI,1,2100,489310.12,45643.867,10.468611
544,BDI,2,2020,3261.8428,12220.227,0.26692164
545,BDI,2,2025,4408.7803,14052.756,0.31373855
546,BDI,2,2030,5570.251,15945.15,0.34935296
547,BDI,2,2035,7112.226,17867.762,0.39795783
548,BDI,2,2040,9150.989,19915.555,0.45921853
549,BDI,2,2045,11928.016,22044.967,0.5405175
550,BDI,2,2050,14945.407,24237.059,0.61659414
551,BDI,2,2055,18860.566,26493.904,0.7117007
552,BDI,2,2060,23137.799,28672.99,0.80630535
553,BDI,2,2065,28625.334,30805.709,0.9277349
554,BDI,2,2070,34362.59,32895.645,1.04126
555,BDI,2,2075,41045.38,34944.273,1.1712725
556,BDI,2,2080,48769.46,36964.496,1.3171256
557,BDI,2,2085,57574.613,38921.277,1.4790983
558,BDI,2,2090,69729.26,40811.445,1.7112192
559,BDI,2,2095,83588.41,42609.35,1.9729655
560,BDI,2,2100,97095.92,44293.348,2.2031798
561,BEL,0,2020,475450.7,11538.604,41.20522
562,BEL,0,2025,533041.06,11795.028,45.19089
563,BEL,0,2030,615983.44,12026.677,51.21828
564,BEL,0,2035,701389.9,12231.346,57.34394
565,BEL,0,2040,809431.7,12404.426,65.24484
566,BEL,0,2045,933052.9,12529.848,74.44197
567,BEL,0,2050,1074108.8,12603.78,85.18743
568,BEL,0,2055,1218326.6,12639.239,96.34263
569,BEL,0,2060,1368586.9,12647.37,108.139084
570,BEL,0,2065,1540241.8,12645.988,121.660706
571,BEL,0,2070,1721264.4,12644.358,135.94183
572,BEL,0,2075,1930039.4,12631.689,152.6114
573,BEL,0,2080,2141384.8,12598.874,169.83879
574,BEL,0,2085,2388675.2,12546.848,190.23048
575,BEL,0,2090,2623986.0,12476.288,210.00246
576,BEL,0,2095,2965110.5,12400.691,238.78622
577,BEL,0,2100,3309485.2,12312.624,268.48044
578,BEL,1,2020,475450.7,11538.604,41.20522
579,BEL,1,2025,555686.0,11792.39,47.115623
580,BEL,1,2030,659888.0,12015.44,54.886894
581,BEL,1,2035,818576.56,12215.3,66.94738
582,BEL,1,2040,999917.0,12385.458,80.600174
583,BEL,1,2045,1213482.8,12512.325,96.79309
584,BEL,1,2050,1524411.6,12584.377,120.85734
585,BEL,1,2055,1858350.6,12625.723,146.86447
586,BEL,1,2060,2260289.8,12644.727,178.29846
587,BEL,1,2065,2957426.2,12654.012,233.12961
588,BEL,1,2070,3590908.0,12659.367,283.05957
589,BEL,1,2075,4523165.0,12662.293,356.84283
590,BEL,1,2080,5476533.5,12637.726,432.8737
591,BEL,1,2085,6278026.0,12593.74,498.35434
592,BEL,1,2090,7210723.0,12527.229,576.40186
593,BEL,1,2095,8236163.0,12458.477,662.62555
594,BEL,1,2100,8979661.0,12375.156,727.85077
595,BEL,2,2020,475450.7,11538.604,41.20522
596,BEL,2,2025,518921.38,11796.256,43.99052
597,BEL,2,2030,566495.44,12028.687,47.095295
598,BEL,2,2035,599949.06,12236.725,49.029613
599,BEL,2,2040,642532.0,12412.203,51.768585
600,BEL,2,2045,690356.7,12538.562,55.052685
601,BEL,2,2050,732661.4,12612.205,58.08599
602,BEL,2,2055,778546.3,12643.539,61.569324
603,BEL,2,2060,827121.44,12646.82,65.40077
604,BEL,2,2065,879230.0,12641.853,69.54701
605,BEL,2,2070,925490.4,12641.59,73.22093
606,BEL,2,2075,989747.6,12631.048,78.39606
607,BEL,2,2080,1044819.56,12600.285,82.95074
608,BEL,2,2085,1106271.6,12550.517,88.151955
609,BEL,2,2090,1169676.5,12482.729,93.74584
610,BEL,2,2095,1241630.0,12407.515,100.079124
611,BEL,2,2100,1292024.9,12320.014,104.83135
612,BEN,0,2020,14924.648,12643.123,1.1804558
613,BEN,0,2025,20976.916,14362.66,1.4604938
614,BEN,0,2030,28819.885,16201.055,1.7789263
615,BEN,0,2035,37966.56,18136.863,2.0934675
616,BEN,0,2040,50991.37,20153.39,2.5295532
617,BEN,0,2045,66765.29,22223.51,3.0040758
618,BEN,0,2050,87310.42,24321.145,3.590804
619,BEN,0,2055,111491.586,26431.684,4.2180243
620,BEN,0,2060,145036.0,28549.53,5.079768
621,BEN,0,2065,179160.34,30650.98,5.8448305
622,BEN,0,2070,228422.23,32740.03,6.9775486
623,BEN,0,2075,291821.62,34780.645,8.393794
624,BEN,0,2080,336759.75,36770.902,9.164772
625,BEN,0,2085,422588.72,38697.08,10.935537
626,BEN,0,2090,503979.9,40534.383,12.449208
627,BEN,0,2095,591692.94,42249.125,14.001899
628,BEN,0,2100,720304.2,43854.75,16.403105
629,BEN,1,2020,14924.648,12643.123,1.1804558
630,BEN,1,2025,22155.807,14359.4795,1.5428689
631,BEN,1,2030,31000.217,16198.551,1.9131691
632,BEN,1,2035,44752.348,18135.387,2.4668887
633,BEN,1,2040,69537.53,20136.268,3.4523566
634,BEN,1,2045,105354.086,22223.902,4.7415934
635,BEN,1,2050,152569.39,24384.443,6.2675943
636,BEN,1,2055,193633.67,26556.586,7.309113
637,BEN,1,2060,261422.02,28716.025,9.144055
638,BEN,1,2065,353862.03,30850.107,11.520366
639,BEN,1,2070,477709.66,32924.137,14.581183
640,BEN,1,2075,638477.8,34955.43,18.367159
641,BEN,1,2080,630012.4,36926.01,17.064
642,BEN,1,2085,863370.8,38814.664,22.221088
643,BEN,1,2090,1145373.2,40620.62,28.173325
644,BEN,1,2095,1437439.6,42328.07,33.883125
645,BEN,1,2100,1977428.8,43954.63,44.89454
646,BEN,2,2020,14924.647,12643.123,1.1804558
647,BEN,2,2025,19259.523,14366.803,1.3404876
648,BEN,2,2030,24391.957,16206.652,1.5049716
649,BEN,2,2035,29812.018,18144.791,1.6431308
650,BEN,2,2040,37110.09,20165.314,1.8401989
651,BEN,2,2045,45682.594,22242.496,2.0535278
652,BEN,2,2050,54651.285,24346.7,2.2434473
653,BEN,2,2055,66678.62,26464.693,2.5179188
654,BEN,2,2060,79799.63,28582.201,2.7899814
655,BEN,2,2065,96499.29,30684.69,3.1417325
656,BEN,2,2070,112922.875,32773.246,3.4409597
657,BEN,2,2075,132105.78,34791.605,3.79141
658,BEN,2,2080,152161.55,36759.086,4.1308236
659,BEN,2,2085,172318.69,38656.543,4.4471316
660,BEN,2,2090,203180.84,40464.773,5.004741
661,BEN,2,2095,232368.62,42156.734,5.500324
662,BEN,2,2100,261567.45,43736.117,5.9536533
663,BFA,0,2020,15467.111,21522.627,0.7186442
664,BFA,0,2025,21150.344,24637.314,0.858466
665,BFA,0,2030,28962.98,27974.217,1.0353694
666,BFA,0,2035,38401.37,31488.84,1.2195592
667,BFA,0,2040,51138.45,35149.96,1.4545897
668,BFA,0,2045,69362.03,38894.504,1.7827542
669,BFA,0,2050,89501.555,42691.746,2.0955834
670,BFA,0,2055,116463.28,46506.504,2.4998953
671,BFA,0,2060,149704.97,50292.38,2.970692
672,BFA,0,2065,184216.28,54048.168,3.4040155
673,BFA,0,2070,226457.38,57731.484,3.91645
674,BFA,0,2075,281568.44,61314.094,4.58079
675,BFA,0,2080,326201.62,64785.508,5.0132475
676,BFA,0,2085,406435.62,68114.36,5.9351106
677,BFA,0,2090,494114.44,71256.836,6.903671
678,BFA,0,2095,603518.9,74212.58,8.095148
679,BFA,0,2100,734430.5,76963.45,9.500708
680,BFA,1,2020,15467.112,21522.627,0.7186442
681,BFA,1,2025,21947.043,24617.05,0.8915438
682,BFA,1,2030,31170.967,27931.479,1.1156131
683,BFA,1,2035,44524.492,31426.37,1.4153785
684,BFA,1,2040,65014.223,35051.54,1.8518316
685,BFA,1,2045,89595.3,38727.74,2.3076997
686,BFA,1,2050,124316.805,42462.676,2.9162173
687,BFA,1,2055,159803.38,46201.457,3.441831
688,BFA,1,2060,226423.3,49941.97,4.5116963
689,BFA,1,2065,304267.75,53590.062,5.636017
690,BFA,1,2070,440048.34,57120.65,7.622299
691,BFA,1,2075,611463.25,60566.977,9.980777
692,BFA,1,2080,614945.4,63866.465,9.523615
693,BFA,1,2085,833972.1,67013.22,12.241055
694,BFA,1,2090,1088406.0,70022.055,15.296375
695,BFA,1,2095,1373012.5,72848.8,18.507896
696,BFA,1,2100,1820031.6,75372.555,23.75604
697,BFA,2,2020,15467.111,21522.627,0.7186442
698,BFA,2,2025,20277.275,24633.084,0.8231826
699,BFA,2,2030,25477.043,27968.53,0.91085166
700,BFA,2,2035,31216.71,31482.5,0.99150777
701,BFA,2,2040,38605.457,35131.21,1.0989294
702,BFA,2,2045,47642.082,38855.156,1.2261559
703,BFA,2,2050,59041.82,42637.863,1.3844515
704,BFA,2,2055,70522.266,46446.875,1.5175807
705,BFA,2,2060,84314.28,50236.254,1.6772182
706,BFA,2,2065,102107.08,53990.316,1.8908887
707,BFA,2,2070,119652.92,57663.707,2.0748105
708,BFA,2,2075,143469.27,61231.93,2.3414803
709,BFA,2,2080,166388.64,64684.91,2.5710883
710,BFA,2,2085,190403.27,67996.734,2.7969654
711,BFA,2,2090,221795.55,71126.195,3.1145213
712,BFA,2,2095,255625.36,74095.21,3.4374163
713,BFA,2,2100,292589.28,76856.37,3.797031
714,BGD,0,2020,270366.34,167420.95,1.6148895
715,BGD,0,2025,336578.22,175132.53,1.9218907
716,BGD,0,2030,427005.9,181601.36,2.3512156
717,BGD,0,2035,524555.25,186743.69,2.809158
718,BGD,0,2040,637027.4,190681.66,3.3402152
719,BGD,0,2045,792559.44,193331.86,4.0996695
720,BGD,0,2050,959194.1,194730.06,4.9259768
721,BGD,0,2055,1148141.2,194822.4,5.895124
722,BGD,0,2060,1296340.2,193696.47,6.6967554
723,BGD,0,2065,1466823.8,191548.44,7.6677785
724,BGD,0,2070,1689513.6,188488.28,8.977199
725,BGD,0,2075,1946110.6,184652.52,10.551663
726,BGD,0,2080,2082685.0,180236.77,11.564155
727,BGD,0,2085,2390809.5,175365.22,13.622676
728,BGD,0,2090,2654872.0,170016.83,15.590234
729,BGD,0,2095,3032371.2,164468.78,18.411417
730,BGD,0,2100,3345371.8,158803.61,21.020264
731,BGD,1,2020,270366.34,167420.95,1.6148895
732,BGD,1,2025,363466.12,175348.1,2.072797
733,BGD,1,2030,440169.62,181854.81,2.4200017
734,BGD,1,2035,571637.0,187234.9,3.053923
735,BGD,1,2040,747134.0,191131.12,3.913867
736,BGD,1,2045,923792.7,193942.67,4.7726235
737,BGD,1,2050,1145389.1,195508.62,5.879843
738,BGD,1,2055,1426324.8,195736.92,7.3253117
739,BGD,1,2060,1889533.1,194864.77,9.762077
740,BGD,1,2065,2365416.8,192781.3,12.333045
741,BGD,1,2070,3045807.5,189738.67,16.20024
742,BGD,1,2075,3775118.5,185702.7,20.55035
743,BGD,1,2080,3518413.0,181253.39,19.592276
744,BGD,1,2085,4298491.5,176167.55,24.69238
745,BGD,1,2090,5192491.0,170668.56,30.765947
746,BGD,1,2095,6228507.0,164882.89,38.26283
747,BGD,1,2100,7565034.5,158914.56,48.161407
748,BGD,2,2020,270366.34,167420.95,1.6148896
749,BGD,2,2025,319282.7,175140.94,1.8230103
750,BGD,2,2030,356118.7,181647.47,1.9607021
751,BGD,2,2035,388445.7,186802.64,2.079672
752,BGD,2,2040,431519.1,190738.05,2.2627683
753,BGD,2,2045,497120.38,193416.11,2.570927
754,BGD,2,2050,549510.44,194835.84,2.821482
755,BGD,2,2055,598459.5,194923.7,3.071367
756,BGD,2,2060,651666.56,193906.17,3.3610327
757,BGD,2,2065,710152.25,191828.17,3.7021437
758,BGD,2,2070,775364.7,188820.72,4.104589
759,BGD,2,2075,859505.6,185103.56,4.6434226
760,BGD,2,2080,897737.06,180792.88,4.962864
761,BGD,2,2085,947377.56,176011.1,5.377292
762,BGD,2,2090,996759.0,170693.52,5.837346
763,BGD,2,2095,1059712.6,165200.02,6.41262
764,BGD,2,2100,1162223.8,159588.1,7.283206
765,BGR,0,2020,55932.75,6934.015,8.06643
766,BGR,0,2025,60063.12,6644.863,9.039202
767,BGR,0,2030,67279.64,6343.2837,10.607469
768,BGR,0,2035,72193.46,6043.864,11.946515
769,BGR,0,2040,77579.805,5758.2397,13.472187
770,BGR,0,2045,83560.4,5497.1616,15.20111
771,BGR,0,2050,90355.81,5254.666,17.18728
772,BGR,0,2055,101629.45,5024.382,20.218847
773,BGR,0,2060,114467.25,4797.4214,23.863802
774,BGR,0,2065,125502.516,4577.059,27.451704
775,BGR,0,2070,138191.69,4376.323,31.624378
776,BGR,0,2075,150154.05,4197.834,35.803627
777,BGR,0,2080,160586.97,4049.857,39.6805
778,BGR,0,2085,178012.92,3933.46,45.2781
779,BGR,0,2090,191687.69,3833.691,49.99929
780,BGR,0,2095,205582.73,3730.4841,55.05126
781,BGR,0,2100,228249.06,3621.2207,62.932262
782,BGR,1,2020,55932.75,6934.015,8.06643
783,BGR,1,2025,59284.93,6631.399,8.940686
784,BGR,1,2030,64031.46,6324.139,10.1234045
785,BGR,1,2035,77093.875,6019.435,12.802712
786,BGR,1,2040,87734.016,5736.814,15.280214
787,BGR,1,2045,98749.09,5484.3486,17.989126
788,BGR,1,2050,109048.586,5254.4834,20.720875
789,BGR,1,2055,118866.07,5026.6035,23.604616
790,BGR,1,2060,139168.81,4806.9526,28.89185
791,BGR,1,2065,170568.39,4594.1353,37.092556
792,BGR,1,2070,209268.72,4400.561,47.47026
793,BGR,1,2075,264886.6,4226.6733,62.59897
794,BGR,1,2080,362902.06,4079.7522,88.92877
795,BGR,1,2085,439134.12,3962.8628,110.8602
796,BGR,1,2090,528380.56,3868.0466,136.55573
797,BGR,1,2095,625603.44,3767.995,166.15381
798,BGR,1,2100,737561.94,3659.9814,201.42021
799,BGR,2,2020,55932.75,6934.0146,8.06643
800,BGR,2,2025,58930.93,6646.41,8.866187
801,BGR,2,2030,61979.844,6347.4497,9.764672
802,BGR,2,2035,64050.74,6049.372,10.58723
803,BGR,2,2040,63696.418,5766.0986,11.04259
804,BGR,2,2045,65047.37,5507.7183,11.805001
805,BGR,2,2050,67183.69,5269.167,12.742799
806,BGR,2,2055,68249.83,5041.0737,13.525716
807,BGR,2,2060,68401.57,4816.407,14.185763
808,BGR,2,2065,70457.24,4597.7886,15.305723
809,BGR,2,2070,72577.88,4397.7134,16.48476
810,BGR,2,2075,74803.0,4218.591,17.719358
811,BGR,2,2080,77000.086,4069.9927,18.913465
812,BGR,2,2085,76818.28,3953.5557,19.434967
813,BGR,2,2090,80097.14,3853.2495,20.756939
814,BGR,2,2095,83839.414,3749.9624,22.320269
815,BGR,2,2100,88231.914,3640.8584,24.195932
816,BHR,0,2020,33811.34,1477.469,22.884636
817,BHR,0,2025,41886.02,1637.1516,25.587124
818,BHR,0,2030,52784.504,1738.586,30.350258
819,BHR,0,2035,62159.664,1811.6259,34.329338
820,BHR,0,2040,75117.65,1877.5792,40.10655
821,BHR,0,2045,86594.06,1936.317,44.93436
822,BHR,0,2050,98000.25,1974.2184,49.863758
823,BHR,0,2055,115778.016,1988.6188,58.497776
824,BHR,0,2060,130751.46,1978.7169,66.418076
825,BHR,0,2065,150770.98,1954.9531,77.55347
826,BHR,0,2070,158273.19,1909.3282,83.311516
827,BHR,0,2075,171179.81,1856.111,92.70123
828,BHR,0,2080,178725.38,1805.8071,99.17924
829,BHR,0,2085,195607.28,1769.5403,110.80998
830,BHR,0,2090,221875.56,1747.4388,127.17697
831,BHR,0,2095,231983.39,1732.4246,134.16554
832,BHR,0,2100,270540.0,1719.0018,158.19038
833,BHR,1,2020,33811.34,1477.469,22.884636
834,BHR,1,2025,43003.492,1638.5908,26.258827
835,BHR,1,2030,55138.8,1740.9606,31.766798
836,BHR,1,2035,69983.81,1804.7151,38.811974
837,BHR,1,2040,91947.266,1879.6294,49.17944
838,BHR,1,2045,117730.8,1955.0577,60.758812
839,BHR,1,2050,138866.02,1997.7928,70.35866
840,BHR,1,2055,174753.86,2011.465,88.17866
841,BHR,1,2060,230864.86,1994.7424,117.881424
842,BHR,1,2065,284840.9,1965.4843,147.7909
843,BHR,1,2070,316748.2,1927.6039,167.9364
844,BHR,1,2075,370924.03,1874.0488,202.39426
845,BHR,1,2080,429998.53,1834.0475,239.74522
846,BHR,1,2085,503590.03,1802.2405,284.69025
847,BHR,1,2090,590956.7,1779.4396,337.90472
848,BHR,1,2095,612576.25,1762.8329,354.96317
849,BHR,1,2100,682905.75,1749.9713,399.28915
850,BHR,2,2020,33811.34,1477.469,22.884636
851,BHR,2,2025,39247.805,1632.7834,24.03735
852,BHR,2,2030,46788.812,1731.9602,27.03139
853,BHR,2,2035,52014.19,1802.2094,28.851257
854,BHR,2,2040,57773.223,1866.9811,30.945236
855,BHR,2,2045,61753.535,1928.1196,32.02473
856,BHR,2,2050,66563.62,1966.6553,33.86234
857,BHR,2,2055,72462.375,1980.7329,36.56149
858,BHR,2,2060,74756.19,1970.8657,37.955
859,BHR,2,2065,77889.28,1946.1616,40.12757
860,BHR,2,2070,79712.98,1902.8713,42.039318
861,BHR,2,2075,82873.39,1851.0825,44.913853
862,BHR,2,2080,85788.695,1801.4177,47.815556
863,BHR,2,2085,92462.99,1767.13,52.512222
864,BHR,2,2090,99444.305,1746.4779,57.15951
865,BHR,2,2095,102547.234,1736.5232,59.12547
866,BHR,2,2100,109424.82,1721.7778,63.558792
867,BHS,0,2020,9405.402,406.471,23.139172
868,BHS,0,2025,10848.499,423.89114,25.594267
869,BHS,0,2030,12793.239,438.4947,29.179142
870,BHS,0,2035,14752.212,450.6079,32.742584
871,BHS,0,2040,17108.633,459.48087,37.260715
872,BHS,0,2045,19017.615,465.07407,40.944893
873,BHS,0,2050,21628.861,467.4765,46.37198
874,BHS,0,2055,24313.414,469.01218,51.97291
875,BHS,0,2060,27673.658,470.2381,59.02211
876,BHS,0,2065,31331.201,471.00943,66.68819
877,BHS,0,2070,34520.72,471.16013,73.44218
878,BHS,0,2075,39326.887,470.39563,83.837746
879,BHS,0,2080,43766.246,468.15887,93.73435
880,BHS,0,2085,48202.82,464.35492,104.02754
881,BHS,0,2090,52873.74,460.37888,114.84038
882,BHS,0,2095,58740.832,456.18805,128.63792
883,BHS,0,2100,64608.074,451.6479,142.21536
884,BHS,1,2020,9405.402,406.471,23.139172
885,BHS,1,2025,11679.403,424.26984,27.53034
886,BHS,1,2030,14185.508,438.9183,32.355698
887,BHS,1,2035,17585.586,450.3841,39.09868
888,BHS,1,2040,21397.188,458.72922,46.68477
889,BHS,1,2045,25152.195,463.767,54.28177
890,BHS,1,2050,30361.54,463.98212,65.50539
891,BHS,1,2055,35515.12,464.14105,76.64343
892,BHS,1,2060,41528.97,462.6765,89.86196
893,BHS,1,2065,51223.54,461.55887,110.88574
894,BHS,1,2070,63804.207,461.6821,137.6211
895,BHS,1,2075,80420.48,460.07468,174.06584
896,BHS,1,2080,93455.945,457.51505,203.36823
897,BHS,1,2085,108007.266,451.89987,237.63924
898,BHS,1,2090,129809.35,444.0415,289.98898
899,BHS,1,2095,144937.73,438.51364,327.7925
900,BHS,1,2100,173378.55,431.0453,397.42184
901,BHS,2,2020,9405.402,406.47104,23.139172
902,BHS,2,2025,10633.464,424.12387,25.072182
903,BHS,2,2030,11652.256,438.8952,26.548761
904,BHS,2,2035,12533.076,451.65747,27.738811
905,BHS,2,2040,13700.123,461.5033,29.68218
906,BHS,2,2045,14576.774,467.9258,31.136206
907,BHS,2,2050,15552.563,471.34445,32.966286
908,BHS,2,2055,16529.754,473.11923,34.898983
909,BHS,2,2060,17756.748,475.03293,37.361248
910,BHS,2,2065,19152.838,476.73694,40.134983
911,BHS,2,2070,20169.227,477.9844,42.16247
912,BHS,2,2075,21301.996,478.02145,44.479965
913,BHS,2,2080,22451.99,476.21143,47.020733
914,BHS,2,2085,23229.807,472.73245,49.00481
915,BHS,2,2090,24300.244,468.51157,51.7562
916,BHS,2,2095,25775.705,464.0966,55.380672
917,BHS,2,2100,26818.232,459.6314,58.161148
918,BIH,0,2020,18360.84,3318.4067,5.533028
919,BIH,0,2025,21073.498,3201.1729,6.5822916
920,BIH,0,2030,24273.713,3088.355,7.857645
921,BIH,0,2035,28452.795,2970.0222,9.578385
922,BIH,0,2040,31811.508,2852.3955,11.149316
923,BIH,0,2045,36416.383,2729.4065,13.344828
924,BIH,0,2050,42151.645,2607.4668,16.161274
925,BIH,0,2055,46364.785,2489.1807,18.641603
926,BIH,0,2060,49572.523,2377.0098,20.863008
927,BIH,0,2065,55684.492,2270.2246,24.54606
928,BIH,0,2070,60029.047,2169.3613,27.738565
929,BIH,0,2075,67289.0,2071.5227,32.63523
930,BIH,0,2080,65543.5,1982.9989,33.119297
931,BIH,0,2085,69428.38,1898.8811,36.74136
932,BIH,0,2090,77164.24,1819.8429,42.56796
933,BIH,0,2095,83970.22,1745.9043,48.174244
934,BIH,0,2100,88287.484,1682.477,52.463764
935,BIH,1,2020,18360.84,3318.407,5.533028
936,BIH,1,2025,22472.328,3205.7053,7.014284
937,BIH,1,2030,25175.066,3085.0625,8.158112
938,BIH,1,2035,30230.994,2974.6465,10.151755
939,BIH,1,2040,34861.27,2855.9817,12.188213
940,BIH,1,2045,42268.848,2752.3032,15.366848
941,BIH,1,2050,55005.273,2655.7292,20.81471
942,BIH,1,2055,58457.19,2571.866,23.008858
943,BIH,1,2060,70731.555,2498.4822,28.924894
944,BIH,1,2065,98744.83,2407.296,42.03823
945,BIH,1,2070,119835.02,2322.7703,52.878914
946,BIH,1,2075,144233.12,2233.1511,66.32834
947,BIH,1,2080,122566.836,2151.608,58.645016
948,BIH,1,2085,148725.33,2069.193,73.79553
949,BIH,1,2090,188676.64,1988.6101,97.41916
950,BIH,1,2095,233087.42,1925.4615,123.7097
951,BIH,1,2100,274432.28,1867.2389,149.92104
952,BIH,2,2020,18360.84,3318.4072,5.533028
953,BIH,2,2025,19485.676,3202.7178,6.0829062
954,BIH,2,2030,20827.953,3088.7039,6.7472286
955,BIH,2,2035,20744.611,2965.907,6.9924355
956,BIH,2,2040,21013.1,2844.5264,7.3874855
957,BIH,2,2045,21981.936,2725.6853,8.05432
958,BIH,2,2050,21635.99,2607.7466,8.29898
959,BIH,2,2055,22147.783,2496.0918,8.892807
960,BIH,2,2060,22033.043,2388.7224,9.2672615
961,BIH,2,2065,23561.49,2285.8408,10.375284
962,BIH,2,2070,23974.037,2188.3499,11.048111
963,BIH,2,2075,24607.258,2094.0835,11.811107
964,BIH,2,2080,24697.37,2008.0569,12.384427
965,BIH,2,2085,26305.43,1927.7397,13.701998
966,BIH,2,2090,27677.893,1850.8201,15.004087
967,BIH,2,2095,29392.73,1777.9132,16.623444
968,BIH,2,2100,31309.02,1715.4167,18.441319
969,BLR,0,2020,59436.402,9379.952,6.336536
970,BLR,0,2025,70394.68,9338.197,7.538173
971,BLR,0,2030,83048.18,9229.369,8.9987335
972,BLR,0,2035,99496.33,9071.567,10.96936
973,BLR,0,2040,113717.63,8906.336,12.768422
974,BLR,0,2045,133851.86,8753.401,15.282766
975,BLR,0,2050,159445.12,8612.718,18.508219
976,BLR,0,2055,180804.31,8467.205,21.348742
977,BLR,0,2060,198805.27,8314.872,23.892742
978,BLR,0,2065,229381.73,8157.4717,28.110645
979,BLR,0,2070,254065.7,8001.327,31.766766
980,BLR,0,2075,293991.38,7861.92,37.37453
981,BLR,0,2080,293833.6,7747.458,37.92889
982,BLR,0,2085,322589.1,7660.8115,42.076954
983,BLR,0,2090,370817.38,7594.0537,48.749687
984,BLR,0,2095,415798.88,7529.829,55.170116
985,BLR,0,2100,448805.5,7454.8657,60.082565
986,BLR,1,2020,59436.402,9379.952,6.336536
987,BLR,1,2025,74999.35,9337.81,8.032901
988,BLR,1,2030,86297.9,9241.135,9.342834
989,BLR,1,2035,105688.945,9100.917,11.625997
990,BLR,1,2040,124721.04,8946.889,13.958189
991,BLR,1,2045,154859.19,8818.691,17.598425
992,BLR,1,2050,206501.92,8689.388,23.837425
993,BLR,1,2055,224554.75,8557.44,26.350212
994,BLR,1,2060,277579.34,8424.847,33.125374
995,BLR,1,2065,395747.53,8281.882,48.143032
996,BLR,1,2070,488327.16,8140.4067,60.558002
997,BLR,1,2075,600598.8,8008.8667,75.960556
998,BLR,1,2080,524879.9,7904.912,67.16146
999,BLR,1,2085,652633.6,7833.2666,84.51214
1000,BLR,1,2090,853754.4,7782.6104,111.56639
1001,BLR,1,2095,1076360.2,7729.906,141.67487
1002,BLR,1,2100,1292493.4,7659.3677,171.69263
1003,BLR,2,2020,59436.402,9379.952,6.336536
1004,BLR,2,2025,65042.895,9337.3955,6.966267
1005,BLR,2,2030,71298.99,9230.484,7.727062
1006,BLR,2,2035,72645.625,9074.706,8.007879
1007,BLR,2,2040,75367.05,8911.806,8.460299
1008,BLR,2,2045,80777.984,8760.26,9.223971
1009,BLR,2,2050,81886.93,8617.74,9.50416
1010,BLR,2,2055,86270.3,8471.344,10.184222
1011,BLR,2,2060,88258.0,8318.217,10.613056
1012,BLR,2,2065,97044.78,8160.1294,11.881986
1013,BLR,2,2070,101375.016,8002.608,12.652521
1014,BLR,2,2075,106482.97,7860.5913,13.526318
1015,BLR,2,2080,109935.68,7744.1763,14.182898
1016,BLR,2,2085,120298.82,7655.839,15.691805
1017,BLR,2,2090,130615.55,7586.742,17.182983
1018,BLR,2,2095,143490.27,7520.055,19.037504
1019,BLR,2,2100,157531.27,7442.2246,21.11937
1020,BLZ,0,2020,1984.4683,394.921,5.0249753
1021,BLZ,0,2025,2491.7822,427.5552,5.8278494
1022,BLZ,0,2030,3185.9336,457.77304,6.9580913
1023,BLZ,0,2035,3858.3484,485.04294,7.9540095
1024,BLZ,0,2040,4793.4146,509.17535,9.407507
1025,BLZ,0,2045,5931.1206,529.5304,11.203111
1026,BLZ,0,2050,7044.8984,547.77594,12.871459
1027,BLZ,0,2055,8418.191,563.4594,14.93527
1028,BLZ,0,2060,9998.537,576.0754,17.351639
1029,BLZ,0,2065,11572.491,584.8168,19.74623
1030,BLZ,0,2070,13293.726,591.20593,22.432518
1031,BLZ,0,2075,15478.639,594.7233,25.929823
1032,BLZ,0,2080,17011.635,596.70795,28.403492
1033,BLZ,0,2085,19067.45,596.8813,31.80713
1034,BLZ,0,2090,21936.656,595.5138,36.65092
1035,BLZ,0,2095,24549.4,592.0706,41.243237
1036,BLZ,0,2100,28589.938,587.75653,48.40352
1037,BLZ,1,2020,1984.4683,394.921,5.0249753
1038,BLZ,1,2025,2634.2385,429.01245,6.142582
1039,BLZ,1,2030,3592.789,461.6807,7.796783
1040,BLZ,1,2035,4928.604,490.34543,10.092104
1041,BLZ,1,2040,6330.2734,514.9168,12.378868
1042,BLZ,1,2045,8079.772,536.2058,15.206768
1043,BLZ,1,2050,10232.65,556.0863,18.634916
1044,BLZ,1,2055,12521.27,571.1856,22.15277
1045,BLZ,1,2060,16155.609,578.8017,28.105825
1046,BLZ,1,2065,20947.105,584.51825,36.080692
1047,BLZ,1,2070,26189.6,588.25824,44.76531
1048,BLZ,1,2075,33776.61,591.4897,57.66309
1049,BLZ,1,2080,36912.254,592.1825,62.931046
1050,BLZ,1,2085,45301.355,590.3372,77.51452
1051,BLZ,1,2090,57446.9,586.9286,99.267876
1052,BLZ,1,2095,71312.914,583.514,124.48417
1053,BLZ,1,2100,81208.82,578.3427,143.3332
1054,BLZ,2,2020,1984.4683,394.92096,5.0249753
1055,BLZ,2,2025,2322.6033,427.64923,5.430489
1056,BLZ,2,2030,2712.4126,457.72046,5.9253073
1057,BLZ,2,2035,3142.337,484.25693,6.4879484
1058,BLZ,2,2040,3594.5654,507.79388,7.0799394
1059,BLZ,2,2045,4136.5156,527.3543,7.843537
1060,BLZ,2,2050,4658.5635,544.4265,8.55586
1061,BLZ,2,2055,5173.0723,558.92535,9.258178
1062,BLZ,2,2060,5730.2417,570.4933,10.050989
1063,BLZ,2,2065,6441.366,578.7917,11.135847
1064,BLZ,2,2070,7009.0366,584.85004,12.010038
1065,BLZ,2,2075,7557.6865,588.5844,12.859108
1066,BLZ,2,2080,8342.346,589.9929,14.157392
1067,BLZ,2,2085,9289.161,589.5459,15.795451
1068,BLZ,2,2090,9841.43,588.045,16.76419
1069,BLZ,2,2095,10969.395,584.7273,18.819353
1070,BLZ,2,2100,11911.303,579.348,20.604631
1071,BOL,0,2020,35327.203,11936.162,2.9596784
1072,BOL,0,2025,43710.6,12742.929,3.430121
1073,BOL,0,2030,56565.75,13517.327,4.184099
1074,BOL,0,2035,69304.68,14247.522,4.8632593
1075,BOL,0,2040,83672.22,14924.46,5.606234
1076,BOL,0,2045,105368.52,15540.62,6.78205
1077,BOL,0,2050,129223.29,16093.113,8.033564
1078,BOL,0,2055,153865.81,16582.9,9.283027
1079,BOL,0,2060,183967.38,17022.125,10.81613
1080,BOL,0,2065,211101.78,17390.58,12.139689
1081,BOL,0,2070,249644.11,17689.453,14.127488
1082,BOL,0,2075,294998.1,17916.994,16.474752
1083,BOL,0,2080,322223.25,18077.768,17.844048
1084,BOL,0,2085,370591.03,18164.203,20.411854
1085,BOL,0,2090,420328.1,18182.898,23.114109
1086,BOL,0,2095,495410.88,18146.588,27.273067
1087,BOL,0,2100,575285.56,18058.516,31.792738
1088,BOL,1,2020,35327.203,11936.162,2.9596784
1089,BOL,1,2025,46770.52,12727.549,3.6746516
1090,BOL,1,2030,59947.35,13505.01,4.439705
1091,BOL,1,2035,78228.195,14247.444,5.4908915
1092,BOL,1,2040,105904.83,14937.508,7.0927835
1093,BOL,1,2045,135450.2,15578.729,8.695911
1094,BOL,1,2050,185638.89,16161.416,11.48613
1095,BOL,1,2055,234770.73,16676.947,14.091499
1096,BOL,1,2060,292344.25,17131.896,17.059359
1097,BOL,1,2065,358744.38,17528.115,20.471884
1098,BOL,1,2070,465268.12,17854.018,26.073944
1099,BOL,1,2075,613739.44,18091.883,33.976513
1100,BOL,1,2080,652017.2,18278.693,35.782528
1101,BOL,1,2085,842573.94,18388.438,45.943375
1102,BOL,1,2090,988539.56,18445.494,53.67922
1103,BOL,1,2095,1154121.0,18451.326,62.626637
1104,BOL,1,2100,1434428.9,18408.41,78.17397
1105,BOL,2,2020,35327.203,11936.162,2.9596784
1106,BOL,2,2025,42520.902,12739.945,3.3377023
1107,BOL,2,2030,49750.68,13513.536,3.6816766
1108,BOL,2,2035,56969.574,14247.601,3.9985595
1109,BOL,2,2040,66492.016,14922.364,4.455443
1110,BOL,2,2045,77785.18,15537.734,5.0055137
1111,BOL,2,2050,87725.72,16091.541,5.4494004
1112,BOL,2,2055,97468.59,16580.357,5.875923
1113,BOL,2,2060,107457.164,17017.959,6.30938
1114,BOL,2,2065,118884.016,17390.506,6.830614
1115,BOL,2,2070,129009.59,17691.158,7.285852
1116,BOL,2,2075,144717.42,17916.125,8.071973
1117,BOL,2,2080,161952.88,18070.168,8.952167
1118,BOL,2,2085,180390.53,18154.395,9.924778
1119,BOL,2,2090,200302.9,18169.99,11.001183
1120,BOL,2,2095,222144.08,18130.387,12.232474
1121,BOL,2,2100,238954.02,18040.598,13.227548
1122,BRA,0,2020,1783852.6,213196.3,8.367184
1123,BRA,0,2025,2079203.6,219491.47,9.47289
1124,BRA,0,2030,2412132.2,224140.12,10.762261
1125,BRA,0,2035,2796263.5,227208.55,12.308405
1126,BRA,0,2040,3306658.8,228861.9,14.4515505
1127,BRA,0,2045,3836868.2,229248.69,16.741507
1128,BRA,0,2050,4407419.0,228502.84,19.29728
1129,BRA,0,2055,5093908.5,226791.58,22.479445
1130,BRA,0,2060,5799978.0,224097.12,25.907717
1131,BRA,0,2065,6506784.5,220421.06,29.555456
1132,BRA,0,2070,7017075.5,215982.08,32.533627
1133,BRA,0,2075,7932470.5,210878.25,37.663033
1134,BRA,0,2080,8531006.0,205293.44,41.619408
1135,BRA,0,2085,9251397.0,199479.73,46.46347
1136,BRA,0,2090,9884435.0,193571.36,51.10831
1137,BRA,0,2095,10812968.0,187711.06,57.629612
1138,BRA,0,2100,11714500.0,182028.22,64.36634
1139,BRA,1,2020,1783852.6,213196.3,8.367184
1140,BRA,1,2025,2164172.0,219530.14,9.858143
1141,BRA,1,2030,2590478.2,224384.05,11.547146
1142,BRA,1,2035,3207026.2,227613.8,14.098709
1143,BRA,1,2040,3949227.0,229409.64,17.231024
1144,BRA,1,2045,4956227.0,229795.69,21.603088
1145,BRA,1,2050,6093507.5,228937.98,26.673811
1146,BRA,1,2055,7277685.5,227205.7,32.13186
1147,BRA,1,2060,8560974.0,224501.7,38.270435
1148,BRA,1,2065,10458145.0,220851.64,47.675484
1149,BRA,1,2070,12707821.0,216262.36,59.286892
1150,BRA,1,2075,15813567.0,210918.9,75.75629
1151,BRA,1,2080,19113222.0,205176.12,94.18274
1152,BRA,1,2085,21629620.0,199229.78,109.83713
1153,BRA,1,2090,26173304.0,193312.12,137.60472
1154,BRA,1,2095,31084952.0,187644.92,169.17328
1155,BRA,1,2100,34717332.0,182112.08,195.49812
1156,BRA,2,2020,1783852.8,213196.3,8.367184
1157,BRA,2,2025,1968203.5,219484.1,8.96738
1158,BRA,2,2030,2152023.5,224118.25,9.601928
1159,BRA,2,2035,2324439.8,227188.0,10.2304945
1160,BRA,2,2040,2464744.5,228832.19,10.769175
1161,BRA,2,2045,2682879.0,229224.53,11.700661
1162,BRA,2,2050,2845205.0,228463.78,12.448407
1163,BRA,2,2055,3064137.0,226740.28,13.508561
1164,BRA,2,2060,3225052.5,224020.16,14.391602
1165,BRA,2,2065,3434424.0,220365.67,15.5818
1166,BRA,2,2070,3587500.2,215950.27,16.606977
1167,BRA,2,2075,3797661.8,210847.77,17.997694
1168,BRA,2,2080,4002361.5,205275.08,19.474611
1169,BRA,2,2085,4185850.2,199486.98,20.961866
1170,BRA,2,2090,4394391.5,193628.34,22.66649
1171,BRA,2,2095,4586237.0,187796.12,24.389767
1172,BRA,2,2100,4688103.5,182129.84,25.687656
1173,BRB,0,2020,4286.5044,280.693,15.271149
1174,BRB,0,2025,4768.6367,281.55353,16.93595
1175,BRB,0,2030,5423.803,281.3679,19.272799
1176,BRB,0,2035,6037.3584,280.25024,21.537598
1177,BRB,0,2040,6798.677,277.7303,24.474577
1178,BRB,0,2045,7618.0347,273.88742,27.808546
1179,BRB,0,2050,8672.905,268.9813,32.243393
1180,BRB,0,2055,9652.092,263.79907,36.60391
1181,BRB,0,2060,10774.6875,258.5716,41.726883
1182,BRB,0,2065,11967.93,253.3648,47.299007
1183,BRB,0,2070,13515.509,248.11572,54.55762
1184,BRB,0,2075,15151.065,242.90228,62.37439
1185,BRB,0,2080,16535.092,237.81317,69.54908
1186,BRB,0,2085,18608.637,232.88974,79.91304
1187,BRB,0,2090,20171.428,228.09552,88.57976
1188,BRB,0,2095,22623.0,223.58446,101.65095
1189,BRB,0,2100,24472.258,219.18433,112.344345
1190,BRB,1,2020,4286.5044,280.693,15.271148
1191,BRB,1,2025,5047.829,281.81995,17.908228
1192,BRB,1,2030,6056.7915,282.3478,21.4285
1193,BRB,1,2035,7289.234,281.89807,25.800474
1194,BRB,1,2040,8924.6455,280.0344,31.808056
1195,BRB,1,2045,10698.721,276.69348,38.619057
1196,BRB,1,2050,13331.029,271.8642,48.94693
1197,BRB,1,2055,15897.27,266.01944,59.48534
1198,BRB,1,2060,18862.13,260.23184,72.1926
1199,BRB,1,2065,22537.264,255.19238,87.763
1200,BRB,1,2070,27860.82,249.80809,110.789894
1201,BRB,1,2075,35106.52,244.58582,141.69551
1202,BRB,1,2080,38214.125,239.25691,157.63779
1203,BRB,1,2085,43545.504,233.95554,183.9248
1204,BRB,1,2090,51807.484,228.8819,223.76012
1205,BRB,1,2095,59145.65,224.20401,260.7572
1206,BRB,1,2100,65195.402,219.44148,294.32898
1207,BRB,2,2020,4286.5044,280.693,15.27115
1208,BRB,2,2025,4632.39,281.52533,16.454409
1209,BRB,2,2030,4964.4585,281.30078,17.646532
1210,BRB,2,2035,5111.6704,280.29178,18.233515
1211,BRB,2,2040,5349.833,277.9329,19.233255
1212,BRB,2,2045,5726.972,274.1856,20.881832
1213,BRB,2,2050,5930.1377,269.18112,22.03713
1214,BRB,2,2055,6130.6445,263.99432,23.227493
1215,BRB,2,2060,6516.734,258.61844,25.186743
1216,BRB,2,2065,6925.9697,253.36409,27.304502
1217,BRB,2,2070,7220.4604,248.27705,29.051361
1218,BRB,2,2075,7694.027,243.28015,31.602625
1219,BRB,2,2080,7788.7437,238.5614,32.61963
1220,BRB,2,2085,8314.899,233.85193,35.52002
1221,BRB,2,2090,8705.652,229.28508,37.89246
1222,BRB,2,2095,9051.592,224.98099,40.27081
1223,BRB,2,2100,9357.087,220.67917,42.36437
1224,BRN,0,2020,13610.818,441.725,30.812878
1225,BRN,0,2025,15859.386,460.34354,34.451626
1226,BRN,0,2030,19412.908,475.06546,40.864918
1227,BRN,0,2035,22475.887,486.4013,46.222527
1228,BRN,0,2040,26652.494,493.82523,54.001217
1229,BRN,0,2045,30087.908,497.9202,60.5016
1230,BRN,0,2050,33423.0,498.68878,67.13875
1231,BRN,0,2055,38973.69,496.0616,78.76397
1232,BRN,0,2060,43770.523,490.83325,89.428215
1233,BRN,0,2065,50355.324,483.00955,104.42139
1234,BRN,0,2070,53115.945,473.76544,112.17427
1235,BRN,0,2075,57861.57,464.00357,124.817
1236,BRN,0,2080,60784.207,453.99875,133.53928
1237,BRN,0,2085,66650.95,444.14835,149.19942
1238,BRN,0,2090,74820.8,434.5266,171.23665
1239,BRN,0,2095,77039.71,424.73254,180.64638
1240,BRN,0,2100,89139.805,415.229,212.99448
1241,BRN,1,2020,13610.818,441.725,30.812878
1242,BRN,1,2025,16298.416,460.95654,35.356037
1243,BRN,1,2030,20374.188,476.32294,42.77221
1244,BRN,1,2035,25460.658,487.50555,52.25814
1245,BRN,1,2040,32696.738,495.08704,66.21736
1246,BRN,1,2045,40836.535,500.19257,81.80833
1247,BRN,1,2050,47486.164,502.3119,94.733986
1248,BRN,1,2055,59252.055,501.1677,118.727615
1249,BRN,1,2060,78379.695,497.44705,158.72072
1250,BRN,1,2065,96585.734,490.68134,198.99214
1251,BRN,1,2070,107856.99,482.46646,226.11696
1252,BRN,1,2075,126764.01,473.28214,272.5125
1253,BRN,1,2080,146975.17,464.7028,322.80347
1254,BRN,1,2085,170913.95,456.26324,383.3194
1255,BRN,1,2090,198583.31,447.97025,454.96973
1256,BRN,1,2095,204945.95,439.48126,477.938
1257,BRN,1,2100,227803.45,430.94406,537.6204
1258,BRN,2,2020,13610.818,441.725,30.812878
1259,BRN,2,2025,14893.886,460.12003,32.364944
1260,BRN,2,2030,17279.049,474.76102,36.396248
1261,BRN,2,2035,18879.006,485.95444,38.8466
1262,BRN,2,2040,20555.945,493.2491,41.666023
1263,BRN,2,2045,21447.432,497.40128,43.119507
1264,BRN,2,2050,22739.814,498.28314,45.593735
1265,BRN,2,2055,24436.096,495.43405,49.227997
1266,BRN,2,2060,25069.19,489.95667,51.10428
1267,BRN,2,2065,26024.496,481.91238,54.029522
1268,BRN,2,2070,26774.99,472.5834,56.60358
1269,BRN,2,2075,27997.42,462.70737,60.473984
1270,BRN,2,2080,29199.67,452.78232,64.38096
1271,BRN,2,2085,31346.557,443.01404,70.704765
1272,BRN,2,2090,33466.33,433.47958,76.962074
1273,BRN,2,2095,33843.41,423.5902,79.60913
1274,BRN,2,2100,35342.246,413.86255,85.57835
1275,BTN,0,2020,2258.192,772.506,2.9232032
1276,BTN,0,2025,2752.843,811.51105,3.392429
1277,BTN,0,2030,3431.5571,846.9787,4.0527825
1278,BTN,0,2035,4325.3984,875.5303,4.94058
1279,BTN,0,2040,5190.859,896.6684,5.787716
1280,BTN,0,2045,6218.064,911.79376,6.81216
1281,BTN,0,2050,7101.733,925.4395,7.654696
1282,BTN,0,2055,8512.527,935.6702,9.076389
1283,BTN,0,2060,9778.732,940.22156,10.380079
1284,BTN,0,2065,11325.215,940.8973,12.023628
1285,BTN,0,2070,12825.341,937.10065,13.673448
1286,BTN,0,2075,14924.27,930.864,15.994718
1287,BTN,0,2080,16615.84,919.6763,17.973925
1288,BTN,0,2085,18916.854,905.5435,20.74195
1289,BTN,0,2090,21187.947,891.05835,23.514353
1290,BTN,0,2095,24861.516,876.0713,28.014515
1291,BTN,0,2100,28223.45,860.45734,32.366203
1292,BTN,1,2020,2258.192,772.506,2.9232032
1293,BTN,1,2025,2950.9807,818.51385,3.6058707
1294,BTN,1,2030,3814.5964,849.93915,4.488748
1295,BTN,1,2035,5004.6665,879.4037,5.69714
1296,BTN,1,2040,6201.6533,902.3844,6.888191
1297,BTN,1,2045,7922.2275,921.8704,8.616987
1298,BTN,1,2050,9597.107,938.9698,10.277001
1299,BTN,1,2055,11347.577,950.9908,12.009375
1300,BTN,1,2060,14256.946,957.1047,14.961005
1301,BTN,1,2065,18408.926,958.7823,19.330593
1302,BTN,1,2070,23141.137,955.088,24.39885
1303,BTN,1,2075,28816.246,948.3608,30.632334
1304,BTN,1,2080,32210.295,933.583,34.70314
1305,BTN,1,2085,40285.457,923.2309,43.963474
1306,BTN,1,2090,48972.695,912.4799,54.105938
1307,BTN,1,2095,59536.312,901.3388,66.74738
1308,BTN,1,2100,74185.93,887.43536,84.62054
1309,BTN,2,2020,2258.192,772.506,2.9232032
1310,BTN,2,2025,2646.8433,811.01447,3.2637858
1311,BTN,2,2030,3020.5422,844.7371,3.5754845
1312,BTN,2,2035,3422.547,872.3242,3.923049
1313,BTN,2,2040,3873.0764,893.1136,4.335035
1314,BTN,2,2045,4360.2476,909.2446,4.792039
1315,BTN,2,2050,4877.9194,922.8547,5.281712
1316,BTN,2,2055,5416.7593,932.3155,5.8051763
1317,BTN,2,2060,5831.987,936.81445,6.219871
1318,BTN,2,2065,6277.0454,935.86395,6.7041388
1319,BTN,2,2070,6589.926,930.1443,7.08649
1320,BTN,2,2075,7302.292,921.5807,7.9179883
1321,BTN,2,2080,7635.4854,908.3648,8.410031
1322,BTN,2,2085,8322.068,892.50604,9.336676
1323,BTN,2,2090,9128.887,877.5721,10.410769
1324,BTN,2,2095,10028.219,861.56964,11.6377945
1325,BTN,2,2100,10529.989,845.66095,12.424287
1326,BWA,0,2020,14996.938,2546.402,5.889462
1327,BWA,0,2025,18456.367,2765.2214,6.674999
1328,BWA,0,2030,23254.512,2969.7036,7.831805
1329,BWA,0,2035,28309.785,3163.365,8.951829
1330,BWA,0,2040,35209.797,3348.9788,10.520452
1331,BWA,0,2045,42555.234,3521.6062,12.087609
1332,BWA,0,2050,51127.457,3675.3389,13.916819
1333,BWA,0,2055,61670.703,3803.226,16.230911
1334,BWA,0,2060,74194.1,3912.4622,18.960218
1335,BWA,0,2065,86557.01,4000.691,21.63262
1336,BWA,0,2070,99250.65,4066.6592,24.410357
1337,BWA,0,2075,116096.586,4118.652,28.191814
1338,BWA,0,2080,131227.45,4157.4736,31.602833
1339,BWA,0,2085,149212.4,4181.631,35.7156
1340,BWA,0,2090,166960.12,4199.2866,39.796833
1341,BWA,0,2095,187887.11,4199.2217,44.773373
1342,BWA,0,2100,209331.05,4185.6577,50.183975
1343,BWA,1,2020,14996.9375,2546.402,5.889462
1344,BWA,1,2025,21009.926,2770.4375,7.5864377
1345,BWA,1,2030,27427.887,2980.8113,9.196231
1346,BWA,1,2035,38587.855,3172.6235,12.146836
1347,BWA,1,2040,50595.695,3362.2964,15.005404
1348,BWA,1,2045,65690.86,3543.4055,18.443388
1349,BWA,1,2050,89978.56,3699.5427,24.234978
1350,BWA,1,2055,109596.12,3814.1882,28.664158
1351,BWA,1,2060,145260.5,3921.1482,36.95132
1352,BWA,1,2065,184064.8,4011.8518,45.75459
1353,BWA,1,2070,231850.47,4076.8335,56.72027
1354,BWA,1,2075,290590.1,4125.7354,70.03792
1355,BWA,1,2080,308233.1,4163.279,73.55532
1356,BWA,1,2085,398022.22,4185.2656,94.482346
1357,BWA,1,2090,495430.8,4210.492,116.84973
1358,BWA,1,2095,607733.5,4219.7285,143.01627
1359,BWA,1,2100,742927.1,4214.187,174.93153
1360,BWA,2,2020,14996.939,2546.402,5.889462
1361,BWA,2,2025,18213.736,2765.1248,6.5866985
1362,BWA,2,2030,21112.748,2970.0369,7.1093135
1363,BWA,2,2035,24129.566,3164.1704,7.626484
1364,BWA,2,2040,27766.78,3351.0554,8.287857
1365,BWA,2,2045,32244.873,3526.3682,9.145267
1366,BWA,2,2050,35901.906,3680.5576,9.761032
1367,BWA,2,2055,39927.344,3806.7778,10.495598
1368,BWA,2,2060,44941.484,3911.6282,11.497154
1369,BWA,2,2065,51161.645,3996.2798,12.82991
1370,BWA,2,2070,54993.992,4058.7678,13.590138
1371,BWA,2,2075,60199.465,4110.0674,14.712149
1372,BWA,2,2080,67150.51,4151.0977,16.234241
1373,BWA,2,2085,72748.93,4173.842,17.494226
1374,BWA,2,2090,78744.65,4192.0195,18.861082
1375,BWA,2,2095,85981.945,4194.137,20.571808
1376,BWA,2,2100,90486.695,4184.6763,21.64072
1377,CAF,0,2020,2031.8962,5343.02,0.38028985
1378,CAF,0,2025,2822.5342,5837.4707,0.48354733
1379,CAF,0,2030,4116.536,6366.519,0.6467643
1380,CAF,0,2035,5600.955,6896.19,0.8130586
1381,CAF,0,2040,7791.994,7405.5356,1.0543879
1382,CAF,0,2045,10473.745,7884.9785,1.3312292
1383,CAF,0,2050,13438.948,8317.067,1.6186435
1384,CAF,0,2055,16545.576,8705.779,1.9044894
1385,CAF,0,2060,21024.322,9045.471,2.3255074
1386,CAF,0,2065,26536.947,9331.005,2.841382
1387,CAF,0,2070,33343.707,9565.92,3.4816408
1388,CAF,0,2075,40710.57,9736.598,4.1710763
1389,CAF,0,2080,43534.38,9853.118,4.4133153
1390,CAF,0,2085,52945.832,9904.191,5.3366423
1391,CAF,0,2090,61603.742,9923.043,6.19229
1392,CAF,0,2095,74023.52,9898.625,7.4433994
1393,CAF,0,2100,86244.38,9826.562,8.729855
1394,CAF,1,2020,2031.8964,5343.02,0.38028985
1395,CAF,1,2025,2878.9985,5820.686,0.49450552
1396,CAF,1,2030,4418.659,6362.5815,0.6943514
1397,CAF,1,2035,6308.3706,6874.3984,0.9176717
1398,CAF,1,2040,8587.448,7371.301,1.1661328
1399,CAF,1,2045,12614.747,7824.577,1.6110653
1400,CAF,1,2050,16990.186,8259.428,2.0579584
1401,CAF,1,2055,20836.945,8653.442,2.4040504
1402,CAF,1,2060,27904.416,9020.774,3.088373
1403,CAF,1,2065,37761.695,9302.415,4.0593843
1404,CAF,1,2070,51194.234,9540.691,5.3844557
1405,CAF,1,2075,68108.56,9722.699,7.054421
1406,CAF,1,2080,60139.74,9800.749,6.1527934
1407,CAF,1,2085,76890.164,9808.24,7.839424
1408,CAF,1,2090,95546.234,9800.712,9.7311535
1409,CAF,1,2095,121917.84,9750.458,12.4682045
1410,CAF,1,2100,140587.67,9655.779,14.517353
1411,CAF,2,2020,2031.8961,5343.02,0.38028985
1412,CAF,2,2025,2696.1152,5835.3105,0.462034
1413,CAF,2,2030,3480.247,6352.7246,0.5475997
1414,CAF,2,2035,4275.504,6875.104,0.6217905
1415,CAF,2,2040,5199.5684,7361.289,0.70643544
1416,CAF,2,2045,6517.6777,7821.0317,0.83379304
1417,CAF,2,2050,7762.8335,8234.422,0.94311905
1418,CAF,2,2055,9578.179,8622.561,1.1115328
1419,CAF,2,2060,11255.07,8955.849,1.2567171
1420,CAF,2,2065,13173.863,9234.071,1.4268649
1421,CAF,2,2070,15199.607,9458.206,1.6085223
1422,CAF,2,2075,17906.006,9629.627,1.8648535
1423,CAF,2,2080,20348.705,9744.01,2.0931451
1424,CAF,2,2085,22423.205,9804.899,2.2906814
1425,CAF,2,2090,25764.736,9832.6045,2.6265874
1426,CAF,2,2095,29748.598,9810.695,3.0432482
1427,CAF,2,2100,33006.14,9745.434,3.3857644
1428,CAN,0,2020,1632000.4,38007.164,42.93928
1429,CAN,0,2025,1897528.0,39463.7,48.085716
1430,CAN,0,2030,2233355.8,40676.598,54.912144
1431,CAN,0,2035,2550881.5,41607.945,61.325024
1432,CAN,0,2040,2951292.5,42239.207,69.90027
1433,CAN,0,2045,3309486.8,42606.9,77.68918
1434,CAN,0,2050,3738159.0,42793.01,87.35738
1435,CAN,0,2055,4285903.5,42833.516,100.04385
1436,CAN,0,2060,4948995.5,42834.887,115.57072
1437,CAN,0,2065,5689618.0,42818.098,133.0013
1438,CAN,0,2070,6333122.0,42751.406,148.28276
1439,CAN,0,2075,7229674.0,42618.42,169.77686
1440,CAN,0,2080,7901493.0,42388.168,186.5197
1441,CAN,0,2085,8646998.0,42107.285,205.51945
1442,CAN,0,2090,9493053.0,41803.64,227.04482
1443,CAN,0,2095,10300928.0,41517.54,248.03123
1444,CAN,0,2100,11303497.0,41266.117,273.87897
1445,CAN,1,2020,1632000.4,38007.164,42.93928
1446,CAN,1,2025,2000292.6,39506.273,50.6366
1447,CAN,1,2030,2497251.2,40786.395,61.229942
1448,CAN,1,2035,3030279.8,41804.41,72.529816
1449,CAN,1,2040,3852823.2,42569.715,90.64483
1450,CAN,1,2045,4674962.5,43099.387,108.79665
1451,CAN,1,2050,5521495.5,43497.79,127.549194
1452,CAN,1,2055,6374151.5,43732.19,146.68874
1453,CAN,1,2060,7403553.0,43958.84,169.76178
1454,CAN,1,2065,9401992.0,44169.008,215.25722
1455,CAN,1,2070,11042350.0,44375.54,252.357
1456,CAN,1,2075,14200943.0,44533.67,324.93335
1457,CAN,1,2080,16438507.0,44558.223,376.20245
1458,CAN,1,2085,18763182.0,44542.816,431.38043
1459,CAN,1,2090,22010836.0,44518.785,507.30743
1460,CAN,1,2095,25339680.0,44575.668,587.2145
1461,CAN,1,2100,29967332.0,44600.715,694.9501
1462,CAN,2,2020,1632000.4,38007.164,42.93928
1463,CAN,2,2025,1816423.5,39460.355,46.03403
1464,CAN,2,2030,1989167.8,40673.98,48.912758
1465,CAN,2,2035,2147905.5,41612.035,51.624
1466,CAN,2,2040,2339848.5,42249.48,55.38773
1467,CAN,2,2045,2529977.5,42643.07,59.336147
1468,CAN,2,2050,2678778.2,42856.79,62.50296
1469,CAN,2,2055,2859384.2,42919.336,66.60338
1470,CAN,2,2060,3061808.8,42945.965,71.25362
1471,CAN,2,2065,3323181.2,42958.6,77.27843
1472,CAN,2,2070,3500679.5,42913.56,81.47848
1473,CAN,2,2075,3764949.8,42809.418,87.806175
1474,CAN,2,2080,4023814.5,42607.81,94.320854
1475,CAN,2,2085,4241109.5,42330.855,100.06241
1476,CAN,2,2090,4450123.5,42026.746,105.867615
1477,CAN,2,2095,4732840.0,41736.812,113.29999
1478,CAN,2,2100,4919995.0,41485.297,118.5008
1479,CHE,0,2020,740993.25,8638.167,85.7813
1480,CHE,0,2025,860153.1,8908.009,96.558556
1481,CHE,0,2030,997895.5,9113.53,109.488174
1482,CHE,0,2035,1130711.1,9257.289,122.11814
1483,CHE,0,2040,1296269.9,9365.11,138.35167
1484,CHE,0,2045,1476770.5,9432.709,156.53807
1485,CHE,0,2050,1680910.1,9459.322,177.68178
1486,CHE,0,2055,1895029.5,9453.449,200.35707
1487,CHE,0,2060,2115442.2,9411.271,224.60347
1488,CHE,0,2065,2359743.0,9356.609,251.9303
1489,CHE,0,2070,2614581.8,9304.197,280.4835
1490,CHE,0,2075,2958123.0,9241.034,319.1614
1491,CHE,0,2080,3302987.8,9171.129,358.48514
1492,CHE,0,2085,3685441.5,9097.547,402.7697
1493,CHE,0,2090,4004473.8,9035.919,439.74454
1494,CHE,0,2095,4461764.5,8990.192,490.41293
1495,CHE,0,2100,5017021.5,8944.251,553.24817
1496,CHE,1,2020,740993.25,8638.167,85.7813
1497,CHE,1,2025,873739.9,8927.156,97.879875
1498,CHE,1,2030,1064059.8,9164.298,116.16594
1499,CHE,1,2035,1270720.2,9348.638,136.10353
1500,CHE,1,2040,1520592.5,9513.859,160.37721
1501,CHE,1,2045,1909981.5,9642.673,199.17311
1502,CHE,1,2050,2447570.5,9755.7705,253.18436
1503,CHE,1,2055,2891031.8,9803.734,298.4451
1504,CHE,1,2060,3561182.8,9855.909,367.4388
1505,CHE,1,2065,4414786.5,9866.774,457.48093
1506,CHE,1,2070,5484055.5,9858.773,572.02374
1507,CHE,1,2075,6433781.0,9879.385,676.3
1508,CHE,1,2080,7240081.0,9909.657,764.69763
1509,CHE,1,2085,8553905.0,9909.745,908.37683
1510,CHE,1,2090,10228109.0,9913.543,1094.0303
1511,CHE,1,2095,11494508.0,9899.835,1234.9438
1512,CHE,1,2100,12958814.0,9903.007,1398.3706
1513,CHE,2,2020,740993.25,8638.167,85.7813
1514,CHE,2,2025,821449.3,8910.535,92.18396
1515,CHE,2,2030,891952.7,9125.43,97.73418
1516,CHE,2,2035,943652.9,9281.073,101.6758
1517,CHE,2,2040,994142.94,9389.974,105.8698
1518,CHE,2,2045,1066258.9,9462.314,112.73012
1519,CHE,2,2050,1132411.9,9498.018,119.316635
1520,CHE,2,2055,1214546.2,9494.603,128.12901
1521,CHE,2,2060,1262060.0,9457.927,133.69257
1522,CHE,2,2065,1337129.1,9411.86,142.37347
1523,CHE,2,2070,1399561.2,9362.599,149.87836
1524,CHE,2,2075,1494908.9,9302.346,161.11105
1525,CHE,2,2080,1582072.6,9232.888,171.9549
1526,CHE,2,2085,1651773.0,9157.913,181.02931
1527,CHE,2,2090,1724732.9,9100.306,190.29404
1528,CHE,2,2095,1783564.0,9056.32,197.64703
1529,CHE,2,2100,1869604.0,9008.03,208.70247
1530,CHL,0,2020,249185.44,19300.314,12.910953
1531,CHL,0,2025,294450.16,20331.635,14.482365
1532,CHL,0,2030,364437.06,21278.428,17.126305
1533,CHL,0,2035,427470.94,22097.855,19.343567
1534,CHL,0,2040,507153.3,22772.56,22.273111
1535,CHL,0,2045,603886.6,23303.164,25.921894
1536,CHL,0,2050,725246.25,23706.908,30.608198
1537,CHL,0,2055,837994.0,23978.584,34.970146
1538,CHL,0,2060,981159.4,24136.223,40.682827
1539,CHL,0,2065,1110296.9,24188.762,45.924706
1540,CHL,0,2070,1263628.0,24137.65,52.332695
1541,CHL,0,2075,1419951.6,23983.47,59.108974
1542,CHL,0,2080,1536048.8,23741.482,64.62882
1543,CHL,0,2085,1692658.8,23414.322,72.18507
1544,CHL,0,2090,1850067.5,23043.709,80.189896
1545,CHL,0,2095,2098311.8,22650.455,92.5193
1546,CHL,0,2100,2304779.2,22250.582,103.41094
1547,CHL,1,2020,249185.45,19300.314,12.910953
1548,CHL,1,2025,310604.1,20331.006,15.277089
1549,CHL,1,2030,380905.44,21287.494,17.89387
1550,CHL,1,2035,491196.25,22105.418,22.23665
1551,CHL,1,2040,640665.4,22765.49,28.18126
1552,CHL,1,2045,756272.7,23302.021,32.509132
1553,CHL,1,2050,936934.25,23713.896,39.584347
1554,CHL,1,2055,1178271.1,23990.893,49.284058
1555,CHL,1,2060,1441082.4,24129.453,60.03291
1556,CHL,1,2065,1774366.6,24152.908,73.863205
1557,CHL,1,2070,2164086.0,24085.832,90.53611
1558,CHL,1,2075,2793680.2,23930.578,117.74152
1559,CHL,1,2080,3246058.5,23691.426,138.41438
1560,CHL,1,2085,3839062.8,23383.346,166.16435
1561,CHL,1,2090,4247812.0,23033.44,187.405
1562,CHL,1,2095,4734022.5,22673.965,213.16083
1563,CHL,1,2100,5200477.0,22281.008,239.18803
1564,CHL,2,2020,249185.42,19300.314,12.910953
1565,CHL,2,2025,286188.84,20328.434,14.078111
1566,CHL,2,2030,314984.25,21263.838,14.813211
1567,CHL,2,2035,346152.2,22071.334,15.684859
1568,CHL,2,2040,379221.12,22728.705,16.685957
1569,CHL,2,2045,419468.22,23242.793,18.049551
1570,CHL,2,2050,454164.72,23636.56,19.217072
1571,CHL,2,2055,492347.47,23892.996,20.604115
1572,CHL,2,2060,536982.94,24033.299,22.33127
1573,CHL,2,2065,585987.5,24066.13,24.328062
1574,CHL,2,2070,608186.7,23994.445,25.325232
1575,CHL,2,2075,650349.3,23816.193,27.305115
1576,CHL,2,2080,708638.8,23550.83,30.099737
1577,CHL,2,2085,751989.4,23199.105,32.442562
1578,CHL,2,2090,807735.56,22798.457,35.464184
1579,CHL,2,2095,851511.44,22386.248,38.13886
1580,CHL,2,2100,881222.7,21969.393,40.22723
1581,CHN,0,2020,14814028.0,1411100.0,10.498213
1582,CHN,0,2025,16908066.0,1432092.5,11.806708
1583,CHN,0,2030,19763368.0,1444040.5,13.68719
1584,CHN,0,2035,22364304.0,1443073.8,15.499025
1585,CHN,0,2040,25152798.0,1433303.8,17.548801
1586,CHN,0,2045,28650148.0,1416999.0,20.219667
1587,CHN,0,2050,33661036.0,1395190.0,24.130657
1588,CHN,0,2055,37010724.0,1368079.0,27.071072
1589,CHN,0,2060,41631044.0,1337206.8,31.15681
1590,CHN,0,2065,45838600.0,1304826.5,35.154842
1591,CHN,0,2070,50032320.0,1272932.1,39.33754
1592,CHN,0,2075,54951404.0,1241986.5,44.2828
1593,CHN,0,2080,59179264.0,1211962.4,48.87049
1594,CHN,0,2085,65542250.0,1184146.4,55.44114
1595,CHN,0,2090,73455336.0,1159111.9,63.537636
1596,CHN,0,2095,85629820.0,1136563.1,75.56788
1597,CHN,0,2100,93867800.0,1114533.2,84.48755
1598,CHN,1,2020,14814028.0,1411100.0,10.498213
1599,CHN,1,2025,17803622.0,1431649.6,12.434262
1600,CHN,1,2030,20241470.0,1442816.9,14.026424
1601,CHN,1,2035,24810446.0,1441274.8,17.21151
1602,CHN,1,2040,31294262.0,1430629.8,21.871046
1603,CHN,1,2045,34925544.0,1412346.4,24.713642
1604,CHN,1,2050,43335340.0,1388712.4,31.166698
1605,CHN,1,2055,53268820.0,1359539.6,39.088676
1606,CHN,1,2060,65185050.0,1327386.1,48.95369
1607,CHN,1,2065,83490216.0,1295141.9,64.279526
1608,CHN,1,2070,98996420.0,1262880.0,78.02181
1609,CHN,1,2075,123720280.0,1232163.2,99.951256
1610,CHN,1,2080,139354130.0,1202173.1,115.44579
1611,CHN,1,2085,162322050.0,1174038.5,137.63979
1612,CHN,1,2090,193070780.0,1148998.6,167.13365
1613,CHN,1,2095,217994820.0,1126499.0,192.22693
1614,CHN,1,2100,242506770.0,1104057.1,217.87662
1615,CHN,2,2020,14814028.0,1411100.0,10.498213
1616,CHN,2,2025,16657422.0,1431857.0,11.633642
1617,CHN,2,2030,17688292.0,1443569.2,12.25441
1618,CHN,2,2035,18323048.0,1442282.8,12.705242
1619,CHN,2,2040,19170492.0,1432109.5,13.386221
1620,CHN,2,2045,20438528.0,1415448.9,14.439812
1621,CHN,2,2050,21331456.0,1393299.8,15.310244
1622,CHN,2,2055,21860106.0,1366062.1,16.001684
1623,CHN,2,2060,23797048.0,1334953.0,17.826555
1624,CHN,2,2065,24965298.0,1302466.1,19.167002
1625,CHN,2,2070,25308674.0,1270328.6,19.916155
1626,CHN,2,2075,26263500.0,1239223.5,21.19404
1627,CHN,2,2080,26691580.0,1209205.1,22.076714
1628,CHN,2,2085,28818970.0,1181388.4,24.397877
1629,CHN,2,2090,30527040.0,1156294.9,26.398876
1630,CHN,2,2095,31623820.0,1133581.4,27.889662
1631,CHN,2,2100,33039194.0,1111373.0,29.726383
1632,CIV,0,2020,60732.066,26811.79,2.2651255
1633,CIV,0,2025,81159.71,30258.436,2.6820495
1634,CIV,0,2030,116405.39,33924.535,3.4311433
1635,CIV,0,2035,149652.47,37791.72,3.9584675
1636,CIV,0,2040,197877.05,41807.363,4.7310834
1637,CIV,0,2045,257918.9,45926.473,5.619855
1638,CIV,0,2050,338461.75,50109.496,6.7623453
1639,CIV,0,2055,434137.34,54304.234,7.994223
1640,CIV,0,2060,568604.56,58384.113,9.743313
1641,CIV,0,2065,712091.56,62381.69,11.434962
1642,CIV,0,2070,903094.9,66254.81,13.659709
1643,CIV,0,2075,1133434.4,69975.734,16.220943
1644,CIV,0,2080,1326681.8,73526.79,18.030695
1645,CIV,0,2085,1643599.8,76905.586,21.346756
1646,CIV,0,2090,1977733.8,80034.54,24.625849
1647,CIV,0,2095,2414499.5,82949.75,29.003904
1648,CIV,0,2100,2872954.0,85510.77,33.43094
1649,CIV,1,2020,60732.062,26811.79,2.2651255
1650,CIV,1,2025,89147.53,30148.164,2.9567537
1651,CIV,1,2030,127614.164,33645.668,3.7912025
1652,CIV,1,2035,195173.77,37447.55,5.2086816
1653,CIV,1,2040,290153.47,41407.875,7.003888
1654,CIV,1,2045,422900.94,45393.273,9.304715
1655,CIV,1,2050,617172.4,49428.664,12.456674
1656,CIV,1,2055,768657.9,53512.363,14.276131
1657,CIV,1,2060,1015361.94,57477.047,17.518656
1658,CIV,1,2065,1428628.8,61401.97,23.05414
1659,CIV,1,2070,1903628.4,65220.945,28.899769
1660,CIV,1,2075,2728867.8,69127.625,39.139915
1661,CIV,1,2080,2577883.8,72926.984,34.929016
1662,CIV,1,2085,3452748.5,76470.31,44.530975
1663,CIV,1,2090,4478720.0,79886.95,55.337254
1664,CIV,1,2095,5731983.5,83083.61,68.22792
1665,CIV,1,2100,6841338.5,85774.03,79.403984
1666,CIV,2,2020,60732.066,26811.79,2.2651255
1667,CIV,2,2025,78803.62,30253.375,2.6048293
1668,CIV,2,2030,99877.35,33912.734,2.9452007
1669,CIV,2,2035,123759.81,37780.33,3.2770607
1670,CIV,2,2040,152404.69,41804.43,3.647198
1671,CIV,2,2045,191300.97,45938.86,4.1665497
1672,CIV,2,2050,227271.58,50173.684,4.5337496
1673,CIV,2,2055,274391.0,54439.98,5.044842
1674,CIV,2,2060,328040.03,58640.785,5.598833
1675,CIV,2,2065,396935.75,62755.887,6.3313465
1676,CIV,2,2070,460501.9,66696.35,6.9066663
1677,CIV,2,2075,542130.25,70437.89,7.7096577
1678,CIV,2,2080,631494.7,73979.89,8.550395
1679,CIV,2,2085,730758.3,77352.06,9.464267
1680,CIV,2,2090,851425.7,80478.35,10.600055
1681,CIV,2,2095,979402.56,83361.82,11.789195
1682,CIV,2,2100,1071925.8,85961.71,12.517277
1683,CMR,0,2020,38107.895,26491.088,1.4385176
1684,CMR,0,2025,53130.8,29897.828,1.777056
1685,CMR,0,2030,76512.02,33463.445,2.286171
1686,CMR,0,2035,104585.2,37190.402,2.8121295
1687,CMR,0,2040,137178.77,41040.09,3.3435204
1688,CMR,0,2045,183336.52,44941.59,4.0819407
1689,CMR,0,2050,233991.22,48867.707,4.790936
1690,CMR,0,2055,304570.75,52741.547,5.783401
1691,CMR,0,2060,394118.53,56557.6,6.9819703
1692,CMR,0,2065,490544.72,60278.04,8.152357
1693,CMR,0,2070,604394.44,63879.062,9.476513
1694,CMR,0,2075,759036.8,67355.5,11.293092
1695,CMR,0,2080,838946.3,70640.92,11.899115
1696,CMR,0,2085,1058866.8,73720.914,14.396914
1697,CMR,0,2090,1271809.5,76597.25,16.618568
1698,CMR,0,2095,1498937.0,79258.47,18.896757
1699,CMR,0,2100,1838384.4,81769.76,22.415697
1700,CMR,1,2020,38107.895,26491.088,1.4385176
1701,CMR,1,2025,53795.152,29884.934,1.8003571
1702,CMR,1,2030,74975.84,33450.01,2.2420452
1703,CMR,1,2035,106772.52,37158.723,2.8743694
1704,CMR,1,2040,149833.19,41032.207,3.655578
1705,CMR,1,2045,199963.7,44945.484,4.4525003
1706,CMR,1,2050,271181.4,48892.32,5.5507355
1707,CMR,1,2055,352654.34,52769.83,6.6894217
1708,CMR,1,2060,440750.22,56570.047,7.785864
1709,CMR,1,2065,653768.3,60287.547,10.8372345
1710,CMR,1,2070,819277.44,63884.418,12.820557
1711,CMR,1,2075,1080856.5,67361.53,16.016674
1712,CMR,1,2080,1259903.8,70590.81,17.89142
1713,CMR,1,2085,1493884.2,73649.3,20.229307
1714,CMR,1,2090,2033905.9,76581.14,26.510242
1715,CMR,1,2095,2469835.5,79331.18,30.96225
1716,CMR,1,2100,3000629.0,81963.04,36.45307
1717,CMR,2,2020,38107.895,26491.088,1.4385176
1718,CMR,2,2025,49258.176,29883.139,1.6483771
1719,CMR,2,2030,62447.61,33429.176,1.8681443
1720,CMR,2,2035,76857.58,37127.332,2.0703826
1721,CMR,2,2040,94139.3,40948.28,2.2990441
1722,CMR,2,2045,118401.08,44819.25,2.641256
1723,CMR,2,2050,142260.94,48701.3,2.920515
1724,CMR,2,2055,168780.75,52529.56,3.2123766
1725,CMR,2,2060,198749.48,56282.62,3.529279
1726,CMR,2,2065,234364.77,59936.8,3.9069204
1727,CMR,2,2070,260081.72,63473.754,4.0957236
1728,CMR,2,2075,312072.2,66874.64,4.664009
1729,CMR,2,2080,366513.34,70097.44,5.221879
1730,CMR,2,2085,412157.47,73121.98,5.631459
1731,CMR,2,2090,478470.2,75955.41,6.300969
1732,CMR,2,2095,567370.06,78571.04,7.224874
1733,CMR,2,2100,636797.4,81045.41,7.860904
1734,COD,0,2020,45871.62,92853.164,0.49402323
1735,COD,0,2025,69857.79,107981.7,0.64692205
1736,COD,0,2030,110602.1,124589.664,0.88777155
1737,COD,0,2035,161226.9,142647.56,1.1309898
1738,COD,0,2040,229862.05,162013.7,1.4196186
1739,COD,0,2045,314550.7,182304.28,1.7255743
1740,COD,0,2050,432597.16,203381.58,2.1257977
1741,COD,0,2055,597447.0,224995.55,2.6529675
1742,COD,0,2060,812453.9,247048.11,3.2834516
1743,COD,0,2065,1089892.6,269352.84,4.0396824
1744,COD,0,2070,1417864.4,291901.06,4.8442006
1745,COD,0,2075,1900788.8,314406.1,6.03267
1746,COD,0,2080,2032195.1,336812.44,6.035987
1747,COD,0,2085,2698253.0,358803.84,7.5227203
1748,COD,0,2090,3470521.0,380157.4,9.132317
1749,COD,0,2095,4465227.0,400837.06,11.151708
1750,COD,0,2100,5386463.0,420312.06,12.852364
1751,COD,1,2020,45871.62,92853.164,0.4940232
1752,COD,1,2025,74718.0,108324.69,0.68987113
1753,COD,1,2030,143437.17,125315.26,1.1452225
1754,COD,1,2035,254829.36,143786.75,1.7739463
1755,COD,1,2040,337808.62,163953.4,2.0644493
1756,COD,1,2045,461331.5,184161.6,2.507356
1757,COD,1,2050,654607.6,205363.84,3.190191
1758,COD,1,2055,814659.06,227114.95,3.5925546
1759,COD,1,2060,1117063.5,249855.75,4.4806705
1760,COD,1,2065,1564890.5,272525.44,5.766384
1761,COD,1,2070,2142748.0,295425.7,7.2857676
1762,COD,1,2075,2982279.8,317866.8,9.429769
1763,COD,1,2080,2754033.2,340546.4,8.12021
1764,COD,1,2085,3636988.8,363158.44,10.077965
1765,COD,1,2090,5004816.5,385440.47,13.077564
1766,COD,1,2095,6822231.5,407625.84,16.896526
1767,COD,1,2100,8425962.0,429235.28,19.939995
1768,COD,2,2020,45871.62,92853.164,0.49402323
1769,COD,2,2025,66748.44,107994.99,0.6180692
1770,COD,2,2030,88379.12,124592.21,0.70936733
1771,COD,2,2035,118384.69,142583.03,0.8300386
1772,COD,2,2040,158230.69,161847.78,0.9772652
1773,COD,2,2045,214435.42,182014.23,1.1766622
1774,COD,2,2050,277539.9,202939.17,1.3661838
1775,COD,2,2055,354972.75,224422.61,1.579595
1776,COD,2,2060,445095.03,246146.88,1.8063804
1777,COD,2,2065,571439.6,268080.34,2.1280913
1778,COD,2,2070,682788.44,290155.7,2.3451815
1779,COD,2,2075,833814.44,312018.1,2.6646738
1780,COD,2,2080,998682.75,333805.0,2.9970694
1781,COD,2,2085,1221977.2,355076.16,3.4425998
1782,COD,2,2090,1528872.6,375694.97,4.080298
1783,COD,2,2095,1879211.1,395187.78,4.766805
1784,COD,2,2100,2170058.0,413518.88,5.274822
1785,COG,0,2020,10060.735,5702.174,1.7643684
1786,COG,0,2025,13351.736,6439.97,2.0731297
1787,COG,0,2030,18266.215,7240.0645,2.5222113
1788,COG,0,2035,24124.422,8101.551,2.9767013
1789,COG,0,2040,30729.08,9014.897,3.4063861
1790,COG,0,2045,39120.203,9960.74,3.9227674
1791,COG,0,2050,51791.188,10927.144,4.7311525
1792,COG,0,2055,66324.39,11916.27,5.550817
1793,COG,0,2060,86814.76,12927.833,6.6920457
1794,COG,0,2065,107999.86,13958.014,7.704108
1795,COG,0,2070,139954.92,15008.049,9.2781105
1796,COG,0,2075,177479.66,16058.679,10.984927
1797,COG,0,2080,201724.94,17105.758,11.738605
1798,COG,0,2085,253760.62,18133.244,13.907133
1799,COG,0,2090,305899.25,19154.324,15.867654
1800,COG,0,2095,374563.4,20145.277,18.463411
1801,COG,0,2100,451170.03,21115.129,21.225616
1802,COG,1,2020,10060.735,5702.174,1.7643684
1803,COG,1,2025,13929.765,6433.2676,2.165145
1804,COG,1,2030,19003.197,7230.701,2.6280217
1805,COG,1,2035,26408.031,8102.22,3.2604287
1806,COG,1,2040,36198.043,9047.76,4.007146
1807,COG,1,2045,48424.734,10016.809,4.846508
1808,COG,1,2050,67371.65,11017.728,6.1388545
1809,COG,1,2055,89461.69,12038.366,7.4717975
1810,COG,1,2060,117796.04,13071.597,9.068265
1811,COG,1,2065,161000.5,14142.523,11.491685
1812,COG,1,2070,221771.39,15206.746,14.705571
1813,COG,1,2075,297654.72,16300.5205,18.443598
1814,COG,1,2080,388303.16,17378.604,22.55646
1815,COG,1,2085,504037.34,18439.422,27.637209
1816,COG,1,2090,638137.75,19491.023,33.15024
1817,COG,1,2095,817013.8,20505.078,40.235085
1818,COG,1,2100,985360.5,21484.145,46.391693
1819,COG,2,2020,10060.735,5702.174,1.7643684
1820,COG,2,2025,12564.456,6438.762,1.9514318
1821,COG,2,2030,15586.026,7235.6685,2.1542075
1822,COG,2,2035,19031.129,8095.644,2.3508775
1823,COG,2,2040,23040.504,9007.7,2.5579998
1824,COG,2,2045,28777.203,9951.519,2.8924096
1825,COG,2,2050,34435.15,10916.324,3.1555426
1826,COG,2,2055,41684.492,11902.722,3.5021222
1827,COG,2,2060,49838.44,12914.732,3.858063
1828,COG,2,2065,59189.297,13946.216,4.239044
1829,COG,2,2070,69607.83,14996.049,4.635884
1830,COG,2,2075,81498.03,16052.927,5.064443
1831,COG,2,2080,92656.39,17106.053,5.404334
1832,COG,2,2085,106658.82,18142.127,5.8613276
1833,COG,2,2090,122420.79,19170.412,6.3660917
1834,COG,2,2095,140394.64,20173.07,6.9337244
1835,COG,2,2100,155063.45,21158.03,7.3009214
1836,COL,0,2020,302126.56,50930.66,5.9321156
1837,COL,0,2025,365461.62,53862.484,6.7851367
1838,COL,0,2030,447058.03,56409.285,7.925983
1839,COL,0,2035,533087.7,58550.348,9.106834
1840,COL,0,2040,639351.7,60244.195,10.61498
1841,COL,0,2045,761213.1,61528.113,12.375788
1842,COL,0,2050,889089.5,62459.91,14.242796
1843,COL,0,2055,1072035.4,63083.938,17.012224
1844,COL,0,2060,1261807.4,63386.445,19.929026
1845,COL,0,2065,1430317.0,63404.957,22.594398
1846,COL,0,2070,1624706.5,63121.246,25.793978
1847,COL,0,2075,1849570.0,62560.023,29.651915
1848,COL,0,2080,2032131.9,61720.723,33.03011
1849,COL,0,2085,2294015.2,60658.41,37.926613
1850,COL,0,2090,2502103.0,59389.992,42.29774
1851,COL,0,2095,2750128.2,58055.355,47.541794
1852,COL,0,2100,3052939.2,56693.816,54.079765
1853,COL,1,2020,302126.56,50930.66,5.9321156
1854,COL,1,2025,377735.56,53796.47,7.021827
1855,COL,1,2030,458312.78,56338.855,8.137625
1856,COL,1,2035,599317.75,58500.84,10.250585
1857,COL,1,2040,743513.44,60224.035,12.364164
1858,COL,1,2045,904041.06,61581.72,14.722715
1859,COL,1,2050,1188051.1,62593.65,19.071058
1860,COL,1,2055,1439373.9,63346.688,22.877308
1861,COL,1,2060,1719215.1,63768.66,27.19896
1862,COL,1,2065,2099030.5,63895.617,33.24953
1863,COL,1,2070,2670370.2,63684.25,42.680775
1864,COL,1,2075,3483608.8,63198.926,56.275566
1865,COL,1,2080,4174979.8,62458.89,68.52439
1866,COL,1,2085,4894356.0,61493.586,81.87349
1867,COL,1,2090,5969572.0,60389.277,102.25588
1868,COL,1,2095,6491556.0,59169.27,113.802216
1869,COL,1,2100,7138584.0,58002.58,128.0347
1870,COL,2,2020,302126.56,50930.664,5.9321156
1871,COL,2,2025,347574.16,53854.23,6.4541693
1872,COL,2,2030,393917.03,56391.418,6.985698
1873,COL,2,2035,440791.6,58515.895,7.5344734
1874,COL,2,2040,488304.16,60200.676,8.11341
1875,COL,2,2045,543560.7,61477.48,8.84565
1876,COL,2,2050,588059.1,62394.43,9.426761
1877,COL,2,2055,624997.6,62988.684,9.922872
1878,COL,2,2060,673516.06,63264.652,10.651799
1879,COL,2,2065,734278.75,63262.703,11.616357
1880,COL,2,2070,773157.2,62988.945,12.288585
1881,COL,2,2075,818462.25,62420.887,13.129839
1882,COL,2,2080,865245.7,61567.6,14.073535
1883,COL,2,2085,929016.9,60487.668,15.364289
1884,COL,2,2090,969619.5,59210.465,16.366096
1885,COL,2,2095,1011536.0,57856.184,17.47059
1886,COL,2,2100,1069052.2,56476.65,18.912024
1887,COM,0,2020,1105.453,806.166,1.3712474
1888,COM,0,2025,1502.6732,893.1286,1.682396
1889,COM,0,2030,2042.2202,980.3452,2.0830865
1890,COM,0,2035,2552.936,1068.8265,2.388493
1891,COM,0,2040,3374.3726,1157.506,2.9140472
1892,COM,0,2045,4413.0186,1245.239,3.5412662
1893,COM,0,2050,5743.597,1331.8142,4.305761
1894,COM,0,2055,7353.4956,1413.7341,5.193875
1895,COM,0,2060,9254.27,1488.5099,6.2038107
1896,COM,0,2065,11335.92,1559.3826,7.245308
1897,COM,0,2070,13753.386,1626.1521,8.423844
1898,COM,0,2075,17159.457,1686.3464,10.136904
1899,COM,0,2080,19171.016,1742.7323,10.934964
1900,COM,0,2085,23059.943,1789.7966,12.802544
1901,COM,0,2090,27109.096,1831.4077,14.692224
1902,COM,0,2095,32364.115,1868.114,17.184298
1903,COM,0,2100,37247.19,1896.485,19.481838
1904,COM,1,2020,1105.453,806.166,1.3712474
1905,COM,1,2025,1640.0088,895.119,1.8328526
1906,COM,1,2030,2350.5928,985.7256,2.3872194
1907,COM,1,2035,3237.121,1078.8035,3.009959
1908,COM,1,2040,4399.6865,1174.3922,3.7635942
1909,COM,1,2045,6067.7974,1267.2842,4.820784
1910,COM,1,2050,8455.902,1356.935,6.293435
1911,COM,1,2055,11152.455,1439.3502,7.830431
1912,COM,1,2060,14457.455,1518.1505,9.629371
1913,COM,1,2065,19034.914,1592.1718,12.136321
1914,COM,1,2070,24371.236,1657.0642,14.960693
1915,COM,1,2075,32694.756,1718.1317,19.39772
1916,COM,1,2080,32241.627,1777.2096,18.433477
1917,COM,1,2085,42997.203,1827.5562,23.964542
1918,COM,1,2090,53636.664,1868.445,29.249407
1919,COM,1,2095,67893.49,1912.8557,36.192562
1920,COM,1,2100,87607.22,1944.9021,46.37769
1921,COM,2,2020,1105.453,806.1661,1.3712474
1922,COM,2,2025,1374.9865,893.2484,1.5393835
1923,COM,2,2030,1712.0845,980.8867,1.7450272
1924,COM,2,2035,2037.7405,1069.6438,1.904709
1925,COM,2,2040,2459.7585,1158.5038,2.1223576
1926,COM,2,2045,2967.8635,1246.1868,2.38133
1927,COM,2,2050,3486.4553,1332.0531,2.6164498
1928,COM,2,2055,4148.734,1414.2634,2.9339778
1929,COM,2,2060,4816.653,1490.3107,3.2310452
1930,COM,2,2065,5741.3594,1562.4769,3.6754434
1931,COM,2,2070,6447.665,1630.7017,3.9549966
1932,COM,2,2075,7440.92,1692.6332,4.394165
1933,COM,2,2080,8664.155,1751.3323,4.9431295
1934,COM,2,2085,9719.759,1801.4413,5.3846498
1935,COM,2,2090,11152.65,1844.7563,6.0426154
1936,COM,2,2095,12293.548,1884.3535,6.5167494
1937,COM,2,2100,13176.954,1915.2339,6.8800817
1938,CPV,0,2020,1698.4185,582.64,2.915039
1939,CPV,0,2025,2035.5381,612.64954,3.3214183
1940,CPV,0,2030,2581.2642,640.91315,4.025039
1941,CPV,0,2035,3076.0159,666.16956,4.6120887
1942,CPV,0,2040,3665.2612,690.3706,5.3035793
1943,CPV,0,2045,4359.6816,710.3627,6.1342144
1944,CPV,0,2050,5240.0444,725.92706,7.2171826
1945,CPV,0,2055,6344.284,737.1745,8.6068125
1946,CPV,0,2060,7170.515,744.3991,9.6322775
1947,CPV,0,2065,7914.7847,747.6128,10.574648
1948,CPV,0,2070,8999.447,747.8084,12.0233135
1949,CPV,0,2075,10726.325,745.3234,14.361632
1950,CPV,0,2080,11858.796,742.30945,15.982395
1951,CPV,0,2085,13519.166,737.1093,18.325499
1952,CPV,0,2090,15097.15,731.829,20.60291
1953,CPV,0,2095,16971.143,727.5136,23.30774
1954,CPV,0,2100,19361.893,718.76654,26.95434
1955,CPV,1,2020,1698.4185,582.64,2.915039
1956,CPV,1,2025,2220.3174,610.94543,3.6354904
1957,CPV,1,2030,2777.0337,642.3648,4.3247538
1958,CPV,1,2035,3746.8535,673.472,5.5699086
1959,CPV,1,2040,4929.317,699.34924,7.0579176
1960,CPV,1,2045,5942.1636,718.4458,8.261932
1961,CPV,1,2050,7741.8916,732.2953,10.516151
1962,CPV,1,2055,10118.084,745.83215,13.547605
1963,CPV,1,2060,12573.358,757.2295,16.65299
1964,CPV,1,2065,17753.998,765.80536,23.437803
1965,CPV,1,2070,21482.191,772.4615,28.268206
1966,CPV,1,2075,29540.57,780.0622,38.843227
1967,CPV,1,2080,27252.045,778.2177,35.778793
1968,CPV,1,2085,34175.523,774.947,45.129955
1969,CPV,1,2090,42800.152,773.6682,57.00465
1970,CPV,1,2095,52652.195,767.5024,70.91535
1971,CPV,1,2100,61788.434,756.99005,84.63235
1972,CPV,2,2020,1698.4185,582.64,2.915039
1973,CPV,2,2025,1991.1976,612.5853,3.2508624
1974,CPV,2,2030,2258.0007,640.0061,3.5298026
1975,CPV,2,2035,2511.7817,664.78326,3.7808926
1976,CPV,2,2040,2821.755,687.14044,4.1076393
1977,CPV,2,2045,3212.0476,705.65814,4.5526347
1978,CPV,2,2050,3612.1033,720.5871,5.0138135
1979,CPV,2,2055,3920.6604,731.9138,5.35632
1980,CPV,2,2060,4299.475,739.0182,5.819158
1981,CPV,2,2065,4638.8345,742.5523,6.243736
1982,CPV,2,2070,4935.7256,742.72833,6.642294
1983,CPV,2,2075,5258.8843,740.6041,7.103224
1984,CPV,2,2080,5720.811,737.80475,7.756509
1985,CPV,2,2085,6107.9854,732.58136,8.333133
1986,CPV,2,2090,6673.83,726.86554,9.189966
1987,CPV,2,2095,6915.9473,721.61755,9.607178
1988,CPV,2,2100,7751.501,712.361,10.892922
1989,CRI,0,2020,62464.453,5123.105,12.192695
1990,CRI,0,2025,73634.234,5333.578,13.805853
1991,CRI,0,2030,87601.04,5511.119,15.896416
1992,CRI,0,2035,103081.766,5656.251,18.226677
1993,CRI,0,2040,121778.836,5768.7437,21.115425
1994,CRI,0,2045,141900.2,5850.7246,24.257421
1995,CRI,0,2050,163106.92,5904.7295,27.62359
1996,CRI,0,2055,190604.52,5927.862,32.153637
1997,CRI,0,2060,220756.47,5921.784,37.271458
1998,CRI,0,2065,250040.25,5893.9834,42.42879
1999,CRI,0,2070,282496.34,5846.3853,48.29989
2000,CRI,0,2075,321547.97,5778.497,55.60649
2001,CRI,0,2080,356387.4,5690.897,62.637215
2002,CRI,0,2085,392796.2,5592.4263,70.33891
2003,CRI,0,2090,429105.56,5487.4243,78.31311
2004,CRI,0,2095,482317.7,5384.264,89.74353
2005,CRI,0,2100,533463.5,5280.405,101.1974
2006,CRI,1,2020,62464.453,5123.105,12.192695
2007,CRI,1,2025,75347.77,5336.853,14.118914
2008,CRI,1,2030,92921.81,5518.238,16.840677
2009,CRI,1,2035,116672.01,5674.2915,20.572382
2010,CRI,1,2040,142212.28,5796.9233,24.551641
2011,CRI,1,2045,168636.66,5896.5815,28.632345
2012,CRI,1,2050,208141.6,5965.551,34.971035
2013,CRI,1,2055,257989.97,6006.054,43.08668
2014,CRI,1,2060,313695.84,6015.5728,52.331142
2015,CRI,1,2065,402166.4,6004.879,67.24712
2016,CRI,1,2070,502747.9,5977.719,84.55663
2017,CRI,1,2075,628034.2,5927.689,106.81658
2018,CRI,1,2080,741486.75,5853.8647,128.01791
2019,CRI,1,2085,898430.75,5775.762,157.83377
2020,CRI,1,2090,1104470.5,5688.8706,197.45491
2021,CRI,1,2095,1302519.1,5604.782,236.85147
2022,CRI,1,2100,1445595.0,5519.598,267.45914
2023,CRI,2,2020,62464.453,5123.105,12.192695
2024,CRI,2,2025,70214.55,5335.102,13.161035
2025,CRI,2,2030,78190.06,5513.8564,14.1816845
2026,CRI,2,2035,85263.81,5660.073,15.065674
2027,CRI,2,2040,92767.18,5774.6704,16.067421
2028,CRI,2,2045,102373.43,5859.1963,17.47807
2029,CRI,2,2050,109726.06,5916.039,18.554625
2030,CRI,2,2055,118294.1,5941.8413,19.918657
2031,CRI,2,2060,130014.36,5939.299,21.901798
2032,CRI,2,2065,139872.06,5914.753,23.669954
2033,CRI,2,2070,147045.23,5869.5317,25.083406
2034,CRI,2,2075,158131.22,5805.02,27.27124
2035,CRI,2,2080,167660.42,5721.0166,29.338408
2036,CRI,2,2085,177356.56,5626.5767,31.553303
2037,CRI,2,2090,189623.94,5524.6753,34.36463
2038,CRI,2,2095,198710.4,5424.5273,36.703106
2039,CRI,2,2100,210467.75,5323.6045,39.60627
2040,CUB,0,2020,82150.31,11300.698,7.2694902
2041,CUB,0,2025,92397.8,11182.557,8.262186
2042,CUB,0,2030,106650.98,10983.014,9.709507
2043,CUB,0,2035,116561.42,10714.89,10.877303
2044,CUB,0,2040,129693.05,10403.367,12.465995
2045,CUB,0,2045,143411.56,10051.369,14.268852
2046,CUB,0,2050,157814.47,9658.77,16.338856
2047,CUB,0,2055,169752.33,9232.005,18.38459
2048,CUB,0,2060,188190.78,8787.866,21.416986
2049,CUB,0,2065,202427.78,8354.689,24.223494
2050,CUB,0,2070,218172.0,7948.553,27.438963
2051,CUB,0,2075,238852.55,7572.858,31.531876
2052,CUB,0,2080,254952.53,7221.7446,35.295956
2053,CUB,0,2085,273350.4,6885.9097,39.687447
2054,CUB,0,2090,295010.47,6566.7964,44.89707
2055,CUB,0,2095,312688.8,6267.721,49.845222
2056,CUB,0,2100,334307.1,5987.1,55.7211
2057,CUB,1,2020,82150.31,11300.698,7.2694902
2058,CUB,1,2025,100047.086,11207.637,8.9290285
2059,CUB,1,2030,114139.23,11035.923,10.348223
2060,CUB,1,2035,137291.9,10797.289,12.72817
2061,CUB,1,2040,165612.33,10508.013,15.788223
2062,CUB,1,2045,194083.39,10189.215,19.116194
2063,CUB,1,2050,235256.3,9832.08,24.042793
2064,CUB,1,2055,277682.7,9440.657,29.638485
2065,CUB,1,2060,332429.22,9031.241,37.23679
2066,CUB,1,2065,399317.62,8619.9,47.029217
2067,CUB,1,2070,468760.44,8241.429,57.887825
2068,CUB,1,2075,557683.0,7874.223,72.29278
2069,CUB,1,2080,578252.94,7525.325,78.48938
2070,CUB,1,2085,664360.2,7192.5195,94.43958
2071,CUB,1,2090,733584.7,6873.1904,109.38041
2072,CUB,1,2095,799397.94,6579.0684,124.68081
2073,CUB,1,2100,892611.9,6302.61,145.59973
2074,CUB,2,2020,82150.31,11300.698,7.26949
2075,CUB,2,2025,87126.5,11182.156,7.7916656
2076,CUB,2,2030,92402.516,10982.8125,8.414265
2077,CUB,2,2035,95525.91,10713.65,8.918143
2078,CUB,2,2040,100503.195,10399.999,9.666127
2079,CUB,2,2045,104940.055,10044.89,10.45027
2080,CUB,2,2050,108236.695,9653.604,11.213809
2081,CUB,2,2055,109635.35,9228.051,11.886239
2082,CUB,2,2060,111597.36,8785.346,12.709086
2083,CUB,2,2065,114493.24,8354.248,13.708483
2084,CUB,2,2070,118404.06,7951.1094,14.8935995
2085,CUB,2,2075,121485.15,7579.2075,16.03488
2086,CUB,2,2080,126646.695,7229.336,17.5127
2087,CUB,2,2085,128048.36,6895.3477,18.546677
2088,CUB,2,2090,132681.33,6577.212,20.125257
2089,CUB,2,2095,139731.7,6281.613,22.181162
2090,CUB,2,2100,145804.88,6002.3345,24.207956
2091,CYP,0,2020,24491.04,1237.537,19.790148
2092,CYP,0,2025,27889.033,1266.573,22.020563
2093,CYP,0,2030,32404.547,1286.7921,25.187256
2094,CYP,0,2035,37232.367,1301.514,28.614738
2095,CYP,0,2040,43250.86,1312.0234,32.957783
2096,CYP,0,2045,48545.27,1316.255,36.871994
2097,CYP,0,2050,55167.277,1314.8043,41.947887
2098,CYP,0,2055,62416.973,1310.1229,47.62312
2099,CYP,0,2060,70560.445,1300.2975,54.287376
2100,CYP,0,2065,79229.21,1285.321,61.640316
2101,CYP,0,2070,86471.8,1264.3422,68.39904
2102,CYP,0,2075,93774.695,1237.0063,75.863754
2103,CYP,0,2080,101346.48,1205.8724,84.294136
2104,CYP,0,2085,110880.39,1174.5986,94.7566
2105,CYP,0,2090,120492.76,1143.9106,105.81496
2106,CYP,0,2095,131166.23,1118.6345,117.65683
2107,CYP,0,2100,141547.67,1095.8833,129.3928
2108,CYP,1,2020,24491.04,1237.537,19.790148
2109,CYP,1,2025,28929.049,1271.4066,22.760426
2110,CYP,1,2030,35020.11,1286.416,27.21503
2111,CYP,1,2035,41808.305,1297.4738,32.221718
2112,CYP,1,2040,50347.33,1304.3296,38.666267
2113,CYP,1,2045,60770.49,1308.3444,46.581097
2114,CYP,1,2050,75988.35,1315.9862,58.179234
2115,CYP,1,2055,96923.3,1314.0344,74.59752
2116,CYP,1,2060,118571.055,1307.6488,92.18156
2117,CYP,1,2065,144694.6,1299.2472,113.77662
2118,CYP,1,2070,181869.27,1284.6412,145.49048
2119,CYP,1,2075,215011.56,1263.1007,175.66359
2120,CYP,1,2080,237455.9,1237.2673,197.60275
2121,CYP,1,2085,269565.38,1218.1305,229.50822
2122,CYP,1,2090,314608.0,1198.5294,272.4926
2123,CYP,1,2095,356013.9,1181.0823,313.88898
2124,CYP,1,2100,401739.56,1167.1118,359.06976
2125,CYP,2,2020,24491.04,1237.537,19.790148
2126,CYP,2,2025,27113.053,1266.7137,21.405294
2127,CYP,2,2030,29166.395,1287.1267,22.66557
2128,CYP,2,2035,31085.088,1301.4574,23.893564
2129,CYP,2,2040,33136.613,1311.9366,25.270287
2130,CYP,2,2045,34883.223,1317.1046,26.510538
2131,CYP,2,2050,36518.5,1318.4174,27.750046
2132,CYP,2,2055,38102.96,1315.277,29.032202
2133,CYP,2,2060,40630.598,1306.7194,31.171364
2134,CYP,2,2065,42996.676,1291.3596,33.3541
2135,CYP,2,2070,44022.91,1270.5684,34.727768
2136,CYP,2,2075,46624.57,1243.4572,37.605404
2137,CYP,2,2080,49374.703,1213.3167,40.74491
2138,CYP,2,2085,51527.297,1183.6143,43.535862
2139,CYP,2,2090,53194.117,1154.2716,46.043762
2140,CYP,2,2095,55256.684,1130.335,48.829773
2141,CYP,2,2100,57514.836,1108.8348,51.73773
2142,CZE,0,2020,206528.73,10697.858,19.305616
2143,CZE,0,2025,232085.83,10682.178,21.726254
2144,CZE,0,2030,260179.22,10582.529,24.586834
2145,CZE,0,2035,285245.34,10431.628,27.344995
2146,CZE,0,2040,323486.03,10272.475,31.493504
2147,CZE,0,2045,361923.25,10125.095,35.750877
2148,CZE,0,2050,409583.72,9983.431,41.022934
2149,CZE,0,2055,468890.1,9828.951,47.690796
2150,CZE,0,2060,522401.56,9633.824,54.189198
2151,CZE,0,2065,583626.7,9406.957,61.995724
2152,CZE,0,2070,631441.0,9175.839,68.8005
2153,CZE,0,2075,706368.94,8969.981,78.67652
2154,CZE,0,2080,788338.0,8814.108,89.35408
2155,CZE,0,2085,888646.1,8693.588,102.09995
2156,CZE,0,2090,982537.75,8599.501,114.21704
2157,CZE,0,2095,1096418.8,8519.894,128.62117
2158,CZE,0,2100,1214463.8,8432.424,143.89099
2159,CZE,1,2020,206528.75,10697.858,19.305616
2160,CZE,1,2025,242914.12,10681.026,22.744944
2161,CZE,1,2030,284662.94,10577.473,26.917664
2162,CZE,1,2035,327042.06,10422.938,31.37832
2163,CZE,1,2040,395237.88,10271.765,38.51079
2164,CZE,1,2045,444785.97,10136.079,43.970833
2165,CZE,1,2050,552197.3,10022.766,55.302437
2166,CZE,1,2055,676110.9,9883.67,68.82306
2167,CZE,1,2060,790625.94,9698.972,82.14642
2168,CZE,1,2065,966205.6,9479.888,102.825836
2169,CZE,1,2070,1167387.1,9259.08,127.30735
2170,CZE,1,2075,1419738.8,9070.326,158.28702
2171,CZE,1,2080,1608338.0,8942.951,182.09586
2172,CZE,1,2085,1911216.4,8838.183,219.06862
2173,CZE,1,2090,2346684.5,8757.159,272.09726
2174,CZE,1,2095,2628225.8,8689.596,307.63925
2175,CZE,1,2100,2921440.5,8619.905,345.4721
2176,CZE,2,2020,206528.77,10697.858,19.305616
2177,CZE,2,2025,223243.03,10679.881,20.90279
2178,CZE,2,2030,233120.86,10576.215,22.038914
2179,CZE,2,2035,240416.08,10417.539,23.073936
2180,CZE,2,2040,248190.45,10248.495,24.212301
2181,CZE,2,2045,259646.45,10089.331,25.730425
2182,CZE,2,2050,274936.4,9939.636,27.649963
2183,CZE,2,2055,286184.16,9776.017,29.262331
2184,CZE,2,2060,301371.56,9574.854,31.468405
2185,CZE,2,2065,316934.2,9342.306,33.90114
2186,CZE,2,2070,326461.06,9104.432,35.829853
2187,CZE,2,2075,348427.62,8891.603,39.144913
2188,CZE,2,2080,362237.88,8729.005,41.456192
2189,CZE,2,2085,383679.47,8603.486,44.533257
2190,CZE,2,2090,401236.7,8506.615,47.12361
2191,CZE,2,2095,425852.1,8425.176,50.50367
2192,CZE,2,2100,450432.47,8337.142,53.984184
2193,DEU,0,2020,3506430.8,83160.87,42.164433
2194,DEU,0,2025,3959707.0,83961.85,47.16304
2195,DEU,0,2030,4572576.5,84381.19,54.19882
2196,DEU,0,2035,5203601.0,84507.99,61.587948
2197,DEU,0,2040,5901125.0,84376.88,69.98034
2198,DEU,0,2045,6664061.5,83954.836,79.417244
2199,DEU,0,2050,7344130.0,83211.81,88.310074
2200,DEU,0,2055,8444430.0,82269.84,102.69937
2201,DEU,0,2060,9363133.0,81296.29,115.17402
2202,DEU,0,2065,10158897.0,80418.25,126.42589
2203,DEU,0,2070,11158761.0,79731.49,140.11557
2204,DEU,0,2075,11948193.0,79072.15,151.27284
2205,DEU,0,2080,13359253.0,78345.414,170.7354
2206,DEU,0,2085,14977803.0,77595.18,193.40962
2207,DEU,0,2090,16204249.0,76944.57,210.94502
2208,DEU,0,2095,17971730.0,76316.336,235.93633
2209,DEU,0,2100,19542490.0,75720.67,258.8937
2210,DEU,1,2020,3506430.8,83160.87,42.164433
2211,DEU,1,2025,4142076.8,84146.82,49.233067
2212,DEU,1,2030,4782503.0,84780.54,56.43001
2213,DEU,1,2035,5625351.5,85196.516,66.03921
2214,DEU,1,2040,7162679.0,85347.93,84.002396
2215,DEU,1,2045,8506584.0,85242.625,100.00901
2216,DEU,1,2050,10419725.0,84750.99,123.38563
2217,DEU,1,2055,12752541.0,84184.016,152.3638
2218,DEU,1,2060,15190541.0,83542.99,183.26443
2219,DEU,1,2065,19132044.0,83021.15,233.07013
2220,DEU,1,2070,24890546.0,82751.08,306.0653
2221,DEU,1,2075,34740390.0,82290.086,431.96198
2222,DEU,1,2080,34353572.0,81839.805,429.71884
2223,DEU,1,2085,41099670.0,81304.95,518.63635
2224,DEU,1,2090,48229772.0,80862.77,614.1512
2225,DEU,1,2095,54901584.0,80364.17,704.10077
2226,DEU,1,2100,63253000.0,79908.66,817.9874
2227,DEU,2,2020,3506430.8,83160.87,42.164433
2228,DEU,2,2025,3759164.5,83950.164,44.77826
2229,DEU,2,2030,4032532.5,84373.805,47.79114
2230,DEU,2,2035,4205756.0,84531.82,49.752525
2231,DEU,2,2040,4468568.0,84453.15,52.91128
2232,DEU,2,2045,4658884.5,84045.15,55.440987
2233,DEU,2,2050,4796835.5,83326.44,57.58961
2234,DEU,2,2055,5007516.5,82441.44,60.763077
2235,DEU,2,2060,5168814.0,81505.16,63.427094
2236,DEU,2,2065,5435010.5,80647.25,67.41989
2237,DEU,2,2070,5718417.5,79966.57,71.5164
2238,DEU,2,2075,6164701.0,79325.73,77.75686
2239,DEU,2,2080,6358731.0,78614.38,80.97198
2240,DEU,2,2085,6844008.0,77865.69,87.99464
2241,DEU,2,2090,7318405.0,77227.12,94.96229
2242,DEU,2,2095,7671203.0,76607.46,100.48315
2243,DEU,2,2100,8094425.5,76040.4,106.82612
2244,DJI,0,2020,3110.0872,1090.156,2.8528826
2245,DJI,0,2025,3856.4478,1201.4368,3.2097373
2246,DJI,0,2030,4795.7812,1310.4182,3.6615057
2247,DJI,0,2035,5983.863,1414.9716,4.235011
2248,DJI,0,2040,7417.4995,1519.544,4.8907247
2249,DJI,0,2045,9214.5625,1622.9944,5.6906652
2250,DJI,0,2050,11321.0205,1719.8688,6.5993233
2251,DJI,0,2055,14312.471,1815.0452,7.8933806
2252,DJI,0,2060,17562.223,1912.7773,9.190882
2253,DJI,0,2065,21130.492,2002.1239,10.552228
2254,DJI,0,2070,24102.318,2073.0059,11.628996
2255,DJI,0,2075,29360.555,2151.5674,13.647721
2256,DJI,0,2080,34831.906,2224.3503,15.657347
2257,DJI,0,2085,40332.7,2306.8523,17.512125
2258,DJI,0,2090,45907.867,2390.978,19.254446
2259,DJI,0,2095,52943.965,2473.2065,21.380157
2260,DJI,0,2100,61983.258,2558.4846,24.16228
2261,DJI,1,2020,3110.0872,1090.156,2.8528826
2262,DJI,1,2025,4069.608,1192.1759,3.4091516
2263,DJI,1,2030,5444.4155,1299.1768,4.176847
2264,DJI,1,2035,7375.515,1396.5559,5.2459908
2265,DJI,1,2040,9668.261,1497.8536,6.427162
2266,DJI,1,2045,12494.169,1600.7092,7.7813487
2267,DJI,1,2050,16876.31,1711.4823,9.860489
2268,DJI,1,2055,21250.748,1798.445,11.81198
2269,DJI,1,2060,26026.205,1890.0062,13.786951
2270,DJI,1,2065,33536.08,1977.3053,16.94496
2271,DJI,1,2070,43297.65,2043.4913,21.091738
2272,DJI,1,2075,56562.96,2133.4429,26.427444
2273,DJI,1,2080,71180.04,2215.4275,31.825943
2274,DJI,1,2085,88742.086,2292.5027,38.26977
2275,DJI,1,2090,117133.27,2394.9514,48.326153
2276,DJI,1,2095,148606.7,2497.2554,58.723133
2277,DJI,1,2100,179508.38,2629.8657,68.02781
2278,DJI,2,2020,3110.0872,1090.156,2.8528826
2279,DJI,2,2025,3719.0408,1204.8473,3.0875936
2280,DJI,2,2030,4422.1006,1314.7759,3.364387
2281,DJI,2,2035,5164.0156,1420.7017,3.6372952
2282,DJI,2,2040,6056.8135,1527.9951,3.964346
2283,DJI,2,2045,7061.951,1635.0131,4.321223
2284,DJI,2,2050,8134.647,1740.5602,4.6797748
2285,DJI,2,2055,9291.747,1838.0884,5.0682535
2286,DJI,2,2060,10414.536,1941.8878,5.3758845
2287,DJI,2,2065,11806.548,2029.5217,5.8295918
2288,DJI,2,2070,12950.367,2105.4775,6.173094
2289,DJI,2,2075,14240.866,2184.6282,6.537773
2290,DJI,2,2080,16044.556,2264.523,7.1051083
2291,DJI,2,2085,18194.717,2342.2024,7.791773
2292,DJI,2,2090,20307.207,2430.9165,8.389277
2293,DJI,2,2095,22714.227,2517.335,9.056467
2294,DJI,2,2100,24783.232,2605.8777,9.555008
2295,DNK,0,2020,328926.3,5831.404,56.406025
2296,DNK,0,2025,369401.38,5930.006,62.29363
2297,DNK,0,2030,427986.75,6014.5146,71.15893
2298,DNK,0,2035,482522.66,6073.8623,79.443634
2299,DNK,0,2040,554712.5,6105.014,90.87158
2300,DNK,0,2045,635905.94,6115.2383,104.02586
2301,DNK,0,2050,718998.8,6116.4937,117.603065
2302,DNK,0,2055,820324.2,6112.7163,134.28778
2303,DNK,0,2060,922070.4,6108.0684,151.10497
2304,DNK,0,2065,1037146.94,6104.552,170.11116
2305,DNK,0,2070,1163550.8,6099.556,191.0364
2306,DNK,0,2075,1319562.6,6091.005,217.069
2307,DNK,0,2080,1451303.6,6071.442,239.57932
2308,DNK,0,2085,1622708.5,6038.808,269.3254
2309,DNK,0,2090,1767237.4,5997.2227,295.43637
2310,DNK,0,2095,1969815.6,5954.5864,331.73233
2311,DNK,0,2100,2170011.8,5911.4976,368.22162
2312,DNK,1,2020,328926.3,5831.404,56.406025
2313,DNK,1,2025,379489.22,5934.514,63.949158
2314,DNK,1,2030,460718.22,6024.382,76.492874
2315,DNK,1,2035,563149.5,6090.836,92.5237
2316,DNK,1,2040,682683.2,6130.7725,111.49082
2317,DNK,1,2045,830393.7,6151.672,135.30478
2318,DNK,1,2050,1060589.4,6160.7725,172.81604
2319,DNK,1,2055,1268711.5,6161.7246,206.9584
2320,DNK,1,2060,1513944.9,6163.475,247.04099
2321,DNK,1,2065,1839575.2,6168.3994,300.76602
2322,DNK,1,2070,2253274.2,6174.1284,368.8651
2323,DNK,1,2075,2711603.8,6173.5435,445.05673
2324,DNK,1,2080,3259895.2,6159.783,537.2172
2325,DNK,1,2085,3819818.2,6135.446,633.58887
2326,DNK,1,2090,4569047.0,6093.959,764.50934
2327,DNK,1,2095,5115368.5,6054.2866,863.5998
2328,DNK,1,2100,5832656.5,6013.352,994.0606
2329,DNK,2,2020,328926.3,5831.404,56.406025
2330,DNK,2,2025,357564.88,5928.883,60.30887
2331,DNK,2,2030,384072.3,6011.7656,63.882153
2332,DNK,2,2035,399768.78,6070.681,65.844864
2333,DNK,2,2040,418708.44,6100.6685,68.616135
2334,DNK,2,2045,441136.5,6110.145,72.17242
2335,DNK,2,2050,467656.7,6110.067,76.50096
2336,DNK,2,2055,491664.44,6103.9263,80.49795
2337,DNK,2,2060,516468.97,6098.3545,84.631004
2338,DNK,2,2065,554552.4,6094.865,90.9209
2339,DNK,2,2070,584044.1,6089.8975,95.82778
2340,DNK,2,2075,624843.0,6082.0576,102.64479
2341,DNK,2,2080,663739.3,6062.9736,109.38219
2342,DNK,2,2085,696006.44,6031.1636,115.2504
2343,DNK,2,2090,737394.8,5989.6167,122.93331
2344,DNK,2,2095,762454.2,5947.407,128.03171
2345,DNK,2,2100,790047.9,5904.6606,133.72148
2346,DOM,0,2020,84413.11,10999.664,7.6741533
2347,DOM,0,2025,101238.914,11504.506,8.799676
2348,DOM,0,2030,122553.016,11928.631,10.273578
2349,DOM,0,2035,142327.9,12275.455,11.594499
2350,DOM,0,2040,165686.98,12552.712,13.197226
2351,DOM,0,2045,192342.12,12766.49,15.064871
2352,DOM,0,2050,223205.56,12916.92,17.277687
2353,DOM,0,2055,259487.5,13014.426,19.928558
2354,DOM,0,2060,301577.34,13052.585,23.0896
2355,DOM,0,2065,338108.7,13037.852,25.914753
2356,DOM,0,2070,377005.4,12978.175,29.031628
2357,DOM,0,2075,437920.16,12880.556,33.9705
2358,DOM,0,2080,477928.25,12748.218,37.44328
2359,DOM,0,2085,530725.5,12583.666,42.14729
2360,DOM,0,2090,571617.5,12389.131,46.065228
2361,DOM,0,2095,640343.2,12171.281,52.486183
2362,DOM,0,2100,698382.56,11929.71,58.298107
2363,DOM,1,2020,84413.11,10999.664,7.6741533
2364,DOM,1,2025,101853.71,11501.627,8.855553
2365,DOM,1,2030,129560.82,11923.918,10.864203
2366,DOM,1,2035,163675.05,12266.307,13.341921
2367,DOM,1,2040,196551.61,12533.936,15.678294
2368,DOM,1,2045,239173.14,12737.701,18.772087
2369,DOM,1,2050,297884.38,12878.74,23.12713
2370,DOM,1,2055,372826.16,12956.51,28.753374
2371,DOM,1,2060,460545.16,12984.015,35.438713
2372,DOM,1,2065,583349.94,12961.809,44.965523
2373,DOM,1,2070,723812.44,12900.267,56.095673
2374,DOM,1,2075,897840.75,12794.608,70.42485
2375,DOM,1,2080,1060668.5,12655.212,84.097824
2376,DOM,1,2085,1306949.1,12474.95,105.277084
2377,DOM,1,2090,1568858.8,12268.339,128.57628
2378,DOM,1,2095,1831265.4,12038.877,152.93748
2379,DOM,1,2100,2098340.8,11791.188,179.53868
2380,DOM,2,2020,84413.11,10999.664,7.6741533
2381,DOM,2,2025,96642.39,11503.888,8.40075
2382,DOM,2,2030,106860.88,11922.986,8.962866
2383,DOM,2,2035,115202.28,12262.457,9.395706
2384,DOM,2,2040,125209.984,12528.633,9.995305
2385,DOM,2,2045,138422.16,12733.315,10.872464
2386,DOM,2,2050,149598.44,12877.319,11.618496
2387,DOM,2,2055,159890.42,12963.786,12.336988
2388,DOM,2,2060,174788.83,12993.669,13.453063
2389,DOM,2,2065,188123.0,12970.205,14.501697
2390,DOM,2,2070,197079.33,12903.293,15.275163
2391,DOM,2,2075,209990.97,12799.79,16.412823
2392,DOM,2,2080,224969.47,12664.088,17.764008
2393,DOM,2,2085,243081.89,12495.646,19.456732
2394,DOM,2,2090,259766.78,12299.502,21.098955
2395,DOM,2,2095,274782.66,12080.136,22.737501
2396,DOM,2,2100,290247.6,11837.991,24.496601
2397,DZA,0,2020,170585.95,43451.664,3.9258785
2398,DZA,0,2025,211971.42,46819.04,4.527298
2399,DZA,0,2030,261408.67,49590.25,5.271133
2400,DZA,0,2035,317520.6,52018.42,6.1040764
2401,DZA,0,2040,387527.5,54375.7,7.127891
2402,DZA,0,2045,472983.56,56783.473,8.329187
2403,DZA,0,2050,561698.4,59130.203,9.498593
2404,DZA,0,2055,664356.5,61200.363,10.854542
2405,DZA,0,2060,786655.5,62835.31,12.523849
2406,DZA,0,2065,905499.06,64043.79,14.148157
2407,DZA,0,2070,1058146.1,64969.78,16.290234
2408,DZA,0,2075,1215684.0,65751.82,18.48884
2409,DZA,0,2080,1353916.9,66469.17,20.373901
2410,DZA,0,2085,1501081.2,67127.57,22.383102
2411,DZA,0,2090,1664604.8,67668.805,24.642187
2412,DZA,0,2095,1883836.0,68032.23,27.753674
2413,DZA,0,2100,2103568.0,68192.42,30.885675
2414,DZA,1,2020,170585.95,43451.664,3.9258783
2415,DZA,1,2025,211481.44,46779.086,4.520929
2416,DZA,1,2030,272047.94,49527.47,5.493445
2417,DZA,1,2035,343520.9,51895.21,6.6200795
2418,DZA,1,2040,457206.2,54217.293,8.4348545
2419,DZA,1,2045,586307.7,56653.69,10.352704
2420,DZA,1,2050,741728.3,58971.918,12.580379
2421,DZA,1,2055,877160.94,60978.543,14.3869295
2422,DZA,1,2060,1106272.9,62515.637,17.707232
2423,DZA,1,2065,1445052.5,63580.84,22.73756
2424,DZA,1,2070,1807738.2,64346.254,28.044058
2425,DZA,1,2075,2345831.5,64898.906,36.064976
2426,DZA,1,2080,2676147.8,65438.1,40.74727
2427,DZA,1,2085,3188751.5,65957.74,48.062366
2428,DZA,1,2090,4117778.8,66428.13,61.61621
2429,DZA,1,2095,4554118.5,66681.88,67.74359
2430,DZA,1,2100,5122124.0,66764.45,76.05641
2431,DZA,2,2020,170585.95,43451.664,3.9258785
2432,DZA,2,2025,201618.11,46797.0,4.308372
2433,DZA,2,2030,226952.72,49537.32,4.5816274
2434,DZA,2,2035,255132.05,51929.766,4.91397
2435,DZA,2,2040,285560.9,54259.883,5.2634263
2436,DZA,2,2045,330831.16,56646.875,5.842056
2437,DZA,2,2050,375407.7,58968.703,6.369634
2438,DZA,2,2055,412843.7,61008.617,6.774883
2439,DZA,2,2060,453111.0,62601.023,7.2490106
2440,DZA,2,2065,502341.62,63773.023,7.8887286
2441,DZA,2,2070,556158.6,64685.918,8.611836
2442,DZA,2,2075,610240.5,65459.65,9.343017
2443,DZA,2,2080,679519.06,66164.79,10.296006
2444,DZA,2,2085,738548.3,66818.734,11.080471
2445,DZA,2,2090,808182.1,67363.914,12.027525
2446,DZA,2,2095,873268.2,67727.79,12.929721
2447,DZA,2,2100,926633.06,67884.77,13.687896
2448,ECU,0,2020,95049.914,17588.596,5.404065
2449,ECU,0,2025,116762.05,18916.973,6.172214
2450,ECU,0,2030,142697.86,20139.111,7.0856442
2451,ECU,0,2035,174054.66,21258.033,8.188986
2452,ECU,0,2040,213380.66,22276.178,9.580668
2453,ECU,0,2045,261407.67,23187.205,11.280087
2454,ECU,0,2050,313708.8,23996.89,13.078771
2455,ECU,0,2055,380698.16,24697.617,15.427032
2456,ECU,0,2060,451087.34,25283.623,17.858418
2457,ECU,0,2065,514006.03,25748.05,19.980602
2458,ECU,0,2070,583098.7,26088.55,22.380589
2459,ECU,0,2075,676592.1,26311.049,25.75306
2460,ECU,0,2080,744881.75,26428.34,28.236305
2461,ECU,0,2085,847280.7,26434.94,32.119183
2462,ECU,0,2090,947021.3,26350.81,36.020954
2463,ECU,0,2095,1095624.1,26192.7,41.976116
2464,ECU,0,2100,1216597.6,25968.543,47.010574
2465,ECU,1,2020,95049.914,17588.596,5.404065
2466,ECU,1,2025,118292.805,18915.18,6.2543344
2467,ECU,1,2030,154427.22,20143.262,7.6683435
2468,ECU,1,2035,210142.28,21255.262,9.8907385
2469,ECU,1,2040,278337.56,22254.27,12.513626
2470,ECU,1,2045,332454.84,23127.127,14.377562
2471,ECU,1,2050,440859.66,23896.754,18.427036
2472,ECU,1,2055,539888.7,24561.055,21.947842
2473,ECU,1,2060,645251.75,25116.584,25.622458
2474,ECU,1,2065,815258.5,25521.246,31.84369
2475,ECU,1,2070,1051036.8,25780.496,40.641846
2476,ECU,1,2075,1373366.6,25928.74,52.77123
2477,ECU,1,2080,1531238.4,25999.977,58.77574
2478,ECU,1,2085,1879859.5,25961.373,72.130104
2479,ECU,1,2090,2285573.8,25830.494,88.12861
2480,ECU,1,2095,2796673.2,25608.744,108.7183
2481,ECU,1,2100,3320654.0,25320.703,130.60242
2482,ECU,2,2020,95049.914,17588.596,5.404065
2483,ECU,2,2025,111743.27,18916.762,5.907096
2484,ECU,2,2030,127229.77,20142.967,6.3162737
2485,ECU,2,2035,143680.77,21265.521,6.756132
2486,ECU,2,2040,160363.16,22281.08,7.19566
2487,ECU,2,2045,181703.66,23189.393,7.8347244
2488,ECU,2,2050,198877.34,23993.021,8.290085
2489,ECU,2,2055,219394.33,24683.97,8.887279
2490,ECU,2,2060,242960.45,25258.512,9.61915
2491,ECU,2,2065,270443.28,25712.758,10.518781
2492,ECU,2,2070,292895.66,26044.99,11.244545
2493,ECU,2,2075,321928.12,26254.71,12.261498
2494,ECU,2,2080,354294.4,26361.55,13.440668
2495,ECU,2,2085,383859.94,26360.588,14.547537
2496,ECU,2,2090,410825.4,26268.059,15.618138
2497,ECU,2,2095,443982.3,26092.686,16.995344
2498,ECU,2,2100,473369.72,25850.748,18.285522
2499,EGY,0,2020,417786.2,107465.13,3.887644
2500,EGY,0,2025,520652.22,117201.11,4.4424877
2501,EGY,0,2030,666290.06,126464.99,5.269376
2502,EGY,0,2035,828055.25,135982.86,6.091489
2503,EGY,0,2040,1013917.6,145899.27,6.9515023
2504,EGY,0,2045,1221048.9,155820.08,7.838404
2505,EGY,0,2050,1510897.0,165422.11,9.135532
2506,EGY,0,2055,1893689.2,174480.0,10.854924
2507,EGY,0,2060,2276878.2,183026.4,12.450176
2508,EGY,0,2065,2733692.0,191171.75,14.309854
2509,EGY,0,2070,3181046.0,198913.22,16.004
2510,EGY,0,2075,3659614.5,206273.5,17.757032
2511,EGY,0,2080,4336440.0,213171.61,20.386332
2512,EGY,0,2085,5089782.0,219411.34,23.272453
2513,EGY,0,2090,5795506.5,224951.97,25.857807
2514,EGY,0,2095,6531641.5,229667.17,28.559841
2515,EGY,0,2100,7737904.0,233725.64,33.271786
2516,EGY,1,2020,417786.2,107465.13,3.887644
2517,EGY,1,2025,546180.9,117188.88,4.6599903
2518,EGY,1,2030,757899.1,126498.88,5.9880567
2519,EGY,1,2035,1079393.6,136149.4,7.9291167
2520,EGY,1,2040,1475399.4,146205.88,10.098493
2521,EGY,1,2045,1849421.6,156377.45,11.832692
2522,EGY,1,2050,2565207.5,166251.66,15.436358
2523,EGY,1,2055,3230928.2,175426.5,18.419348
2524,EGY,1,2060,4115384.5,184111.4,22.35327
2525,EGY,1,2065,5359016.0,192326.52,27.87892
2526,EGY,1,2070,7262297.0,199995.81,36.36217
2527,EGY,1,2075,9659887.0,207334.66,46.786476
2528,EGY,1,2080,10015710.0,214363.94,46.810196
2529,EGY,1,2085,12321442.0,220786.44,55.858135
2530,EGY,1,2090,14563925.0,226525.23,64.361404
2531,EGY,1,2095,18324948.0,231629.98,79.13277
2532,EGY,1,2100,22578990.0,235985.55,95.83338
2533,EGY,2,2020,417786.2,107465.13,3.887644
2534,EGY,2,2025,504971.28,117173.66,4.3094845
2535,EGY,2,2030,583140.06,126452.01,4.611632
2536,EGY,2,2035,666176.4,135951.39,4.899728
2537,EGY,2,2040,770847.1,145849.86,5.2844806
2538,EGY,2,2045,892935.8,155771.69,5.731617
2539,EGY,2,2050,1027585.06,165351.39,6.210809
2540,EGY,2,2055,1118492.9,174404.2,6.406754
2541,EGY,2,2060,1263071.2,182942.9,6.895676
2542,EGY,2,2065,1445616.9,191122.16,7.547498
2543,EGY,2,2070,1575921.5,198893.89,7.9086623
2544,EGY,2,2075,1766771.1,206238.94,8.553303
2545,EGY,2,2080,1971190.2,213128.8,9.236993
2546,EGY,2,2085,2181621.0,219357.22,9.931824
2547,EGY,2,2090,2493992.5,224901.75,11.065575
2548,EGY,2,2095,2749289.8,229654.56,11.94343
2549,EGY,2,2100,3031781.2,233776.12,12.929716
2550,ERI,0,2020,0.0,3555.868,0.0
2551,ERI,0,2025,0.0,3896.4883,0.0
2552,ERI,0,2030,0.0,4277.3354,0.0
2553,ERI,0,2035,0.0,4717.689,0.0
2554,ERI,0,2040,0.0,5165.0596,0.0
2555,ERI,0,2045,0.0,5615.141,0.0
2556,ERI,0,2050,0.0,6057.8623,0.0
2557,ERI,0,2055,0.0,6498.2812,0.0
2558,ERI,0,2060,0.0,6928.916,0.0
2559,ERI,0,2065,0.0,7353.5137,0.0
2560,ERI,0,2070,0.0,7771.3,0.0
2561,ERI,0,2075,0.0,8160.6177,0.0
2562,ERI,0,2080,0.0,8525.284,0.0
2563,ERI,0,2085,0.0,8865.886,0.0
2564,ERI,0,2090,0.0,9183.32,0.0
2565,ERI,0,2095,0.0,9443.7705,0.0
2566,ERI,0,2100,0.0,9703.073,0.0
2567,ERI,1,2020,0.0,3555.868,0.0
2568,ERI,1,2025,0.0,3878.3699,0.0
2569,ERI,1,2030,0.0,4233.7056,0.0
2570,ERI,1,2035,0.0,4647.006,0.0
2571,ERI,1,2040,0.0,5114.669,0.0
2572,ERI,1,2045,0.0,5615.2295,0.0
2573,ERI,1,2050,0.0,6102.4966,0.0
2574,ERI,1,2055,0.0,6561.423,0.0
2575,ERI,1,2060,0.0,6992.581,0.0
2576,ERI,1,2065,0.0,7384.9946,0.0
2577,ERI,1,2070,0.0,7775.983,0.0
2578,ERI,1,2075,0.0,8127.179,0.0
2579,ERI,1,2080,0.0,8500.829,0.0
2580,ERI,1,2085,0.0,8938.156,0.0
2581,ERI,1,2090,0.0,9238.077,0.0
2582,ERI,1,2095,0.0,9527.554,0.0
2583,ERI,1,2100,0.0,9768.122,0.0
2584,ERI,2,2020,0.0,3555.8677,0.0
2585,ERI,2,2025,0.0,3895.4146,0.0
2586,ERI,2,2030,0.0,4272.618,0.0
2587,ERI,2,2035,0.0,4697.9517,0.0
2588,ERI,2,2040,0.0,5135.598,0.0
2589,ERI,2,2045,0.0,5576.8027,0.0
2590,ERI,2,2050,0.0,6003.3867,0.0
2591,ERI,2,2055,0.0,6430.595,0.0
2592,ERI,2,2060,0.0,6855.131,0.0
2593,ERI,2,2065,0.0,7274.6694,0.0
2594,ERI,2,2070,0.0,7694.5527,0.0
2595,ERI,2,2075,0.0,8085.746,0.0
2596,ERI,2,2080,0.0,8444.561,0.0
2597,ERI,2,2085,0.0,8786.473,0.0
2598,ERI,2,2090,0.0,9096.688,0.0
2599,ERI,2,2095,0.0,9346.594,0.0
2600,ERI,2,2100,0.0,9590.355,0.0
2601,ESP,0,2020,1191973.1,47365.656,25.165346
2602,ESP,0,2025,1321770.5,47202.11,28.001564
2603,ESP,0,2030,1500410.2,46845.14,32.028362
2604,ESP,0,2035,1690301.2,46446.3,36.38678
2605,ESP,0,2040,1926144.5,45946.51,41.90944
2606,ESP,0,2045,2127450.5,45348.137,46.886787
2607,ESP,0,2050,2376158.5,44508.35,53.341343
2608,ESP,0,2055,2634334.0,43453.938,60.558025
2609,ESP,0,2060,2909144.0,42105.566,69.032364
2610,ESP,0,2065,3192450.2,40667.203,78.38243
2611,ESP,0,2070,3414220.0,39178.684,86.97689
2612,ESP,0,2075,3659725.5,37848.63,96.469086
2613,ESP,0,2080,3946802.5,36772.367,107.18924
2614,ESP,0,2085,4344659.0,35976.7,120.493416
2615,ESP,0,2090,4754107.0,35281.23,134.55533
2616,ESP,0,2095,5198148.0,34682.42,149.61357
2617,ESP,0,2100,5604886.5,34025.152,164.53716
2618,ESP,1,2020,1191973.1,47365.656,25.165346
2619,ESP,1,2025,1367651.0,47244.523,28.94238
2620,ESP,1,2030,1626371.4,46986.332,34.606903
2621,ESP,1,2035,1911079.4,46652.72,40.973454
2622,ESP,1,2040,2273039.8,46238.04,49.168407
2623,ESP,1,2045,2713123.5,45830.17,59.23298
2624,ESP,1,2050,3339628.2,45113.08,73.98128
2625,ESP,1,2055,4181695.0,44040.516,94.85893
2626,ESP,1,2060,5020612.5,42721.668,117.21897
2627,ESP,1,2065,5969242.5,41255.44,144.67946
2628,ESP,1,2070,7357760.5,39764.9,185.00713
2629,ESP,1,2075,8566219.0,38418.176,223.37553
2630,ESP,1,2080,9381613.0,37411.41,251.27359
2631,ESP,1,2085,10692575.0,36758.297,291.8449
2632,ESP,1,2090,12498739.0,36189.258,346.50427
2633,ESP,1,2095,14236729.0,35664.754,399.14432
2634,ESP,1,2100,16013096.0,35037.98,456.59662
2635,ESP,2,2020,1191973.1,47365.656,25.165346
2636,ESP,2,2025,1283902.6,47168.01,27.219183
2637,ESP,2,2030,1349044.0,46803.082,28.821758
2638,ESP,2,2035,1410874.0,46426.055,30.383291
2639,ESP,2,2040,1478029.1,45983.53,32.133945
2640,ESP,2,2045,1532236.6,45419.42,33.71106
2641,ESP,2,2050,1575471.5,44586.332,35.28723
2642,ESP,2,2055,1610178.0,43540.703,36.917633
2643,ESP,2,2060,1678652.9,42232.367,39.637814
2644,ESP,2,2065,1736365.5,40787.293,42.4134
2645,ESP,2,2070,1742857.4,39322.87,44.160175
2646,ESP,2,2075,1825808.8,38008.84,47.819405
2647,ESP,2,2080,1925751.2,36981.77,51.811623
2648,ESP,2,2085,2015213.9,36217.418,55.36063
2649,ESP,2,2090,2091924.8,35553.26,58.549694
2650,ESP,2,2095,2180255.5,34965.047,62.092422
2651,ESP,2,2100,2267289.8,34314.402,65.7902
2652,EST,0,2020,27109.09,1329.522,20.390102
2653,EST,0,2025,30382.084,1323.9122,22.946716
2654,EST,0,2030,34020.168,1309.7822,25.967989
2655,EST,0,2035,37369.996,1293.5616,28.88109
2656,EST,0,2040,42514.96,1277.6832,33.262638
2657,EST,0,2045,47679.137,1262.722,37.759167
2658,EST,0,2050,54064.727,1247.4357,43.32738
2659,EST,0,2055,61983.656,1229.4336,50.36981
2660,EST,0,2060,69179.16,1208.4491,57.23325
2661,EST,0,2065,77697.734,1185.2529,65.47831
2662,EST,0,2070,84628.93,1162.8284,72.665344
2663,EST,0,2075,94941.34,1140.2413,83.09614
2664,EST,0,2080,105766.88,1118.042,94.37351
2665,EST,0,2085,118769.4,1097.2075,107.83537
2666,EST,0,2090,130993.57,1079.5802,120.633125
2667,EST,0,2095,145461.97,1063.4215,135.8464
2668,EST,0,2100,160836.61,1048.1445,151.974
2669,EST,1,2020,27109.09,1329.522,20.390102
2670,EST,1,2025,31691.996,1318.9286,24.02263
2671,EST,1,2030,37055.816,1302.828,28.42975
2672,EST,1,2035,42591.168,1284.0624,33.140987
2673,EST,1,2040,51760.574,1271.0337,40.674118
2674,EST,1,2045,58366.008,1256.3219,46.440876
2675,EST,1,2050,72548.91,1243.1681,58.409027
2676,EST,1,2055,88926.31,1223.4675,72.68916
2677,EST,1,2060,104167.7,1198.085,86.76097
2678,EST,1,2065,127941.85,1173.1226,108.602036
2679,EST,1,2070,155419.6,1150.0198,134.45879
2680,EST,1,2075,189686.83,1123.6708,167.17873
2681,EST,1,2080,214596.11,1100.562,192.32501
2682,EST,1,2085,253278.38,1080.0746,231.37471
2683,EST,1,2090,310014.3,1066.3109,287.3822
2684,EST,1,2095,346010.6,1053.6068,324.92078
2685,EST,1,2100,383491.28,1041.4896,364.87885
2686,EST,2,2020,27109.09,1329.522,20.390102
2687,EST,2,2025,29243.486,1324.5785,22.076994
2688,EST,2,2030,30503.777,1310.1871,23.276941
2689,EST,2,2035,31529.174,1293.2552,24.370104
2690,EST,2,2040,32689.84,1277.4198,25.572416
2691,EST,2,2045,34326.66,1262.0654,27.17582
2692,EST,2,2050,36456.99,1247.0712,29.203188
2693,EST,2,2055,38018.43,1229.352,30.906132
2694,EST,2,2060,40145.844,1208.0626,33.23613
2695,EST,2,2065,42349.316,1183.4269,35.80552
2696,EST,2,2070,43827.42,1159.1943,37.84258
2697,EST,2,2075,46837.77,1134.2661,41.343864
2698,EST,2,2080,48622.11,1111.4402,43.784977
2699,EST,2,2085,51188.492,1089.9253,47.034893
2700,EST,2,2090,53187.33,1071.0247,49.770763
2701,EST,2,2095,56105.07,1054.7152,53.34069
2702,EST,2,2100,59034.703,1038.6647,57.016724
2703,ETH,0,2020,96357.15,117190.914,0.8222237
2704,ETH,0,2025,135580.69,132200.58,1.0256274
2705,ETH,0,2030,184713.42,147440.47,1.2528871
2706,ETH,0,2035,252877.0,162770.4,1.553336
2707,ETH,0,2040,337168.12,178216.53,1.8912818
2708,ETH,0,2045,458202.28,193617.33,2.3660736
2709,ETH,0,2050,607577.3,209004.64,2.9062757
2710,ETH,0,2055,789272.06,223600.34,3.5276852
2711,ETH,0,2060,947515.4,237728.36,3.9840612
2712,ETH,0,2065,1146731.0,250681.03,4.5706854
2713,ETH,0,2070,1387092.9,262681.22,5.2806106
2714,ETH,0,2075,1740707.0,273516.88,6.3653407
2715,ETH,0,2080,1994140.0,283475.8,7.0371504
2716,ETH,0,2085,2457476.0,292301.2,8.409507
2717,ETH,0,2090,2858856.5,299674.5,9.540042
2718,ETH,0,2095,3423358.5,306116.06,11.180947
2719,ETH,0,2100,4026700.2,311100.56,12.951306
2720,ETH,1,2020,96357.15,117190.914,0.8222237
2721,ETH,1,2025,140872.42,132686.45,1.0622779
2722,ETH,1,2030,197930.4,148494.69,1.3352793
2723,ETH,1,2035,302924.94,164150.27,1.8504318
2724,ETH,1,2040,435970.84,180235.08,2.4304044
2725,ETH,1,2045,617582.8,196159.02,3.163859
2726,ETH,1,2050,933164.6,211831.8,4.4398713
2727,ETH,1,2055,1194715.1,227537.11,5.286553
2728,ETH,1,2060,1682400.0,242327.61,6.9744234
2729,ETH,1,2065,2155161.5,256302.1,8.45693
2730,ETH,1,2070,2993010.8,269468.44,11.239023
2731,ETH,1,2075,3877863.0,282233.28,13.98297
2732,ETH,1,2080,3677353.5,292873.1,12.835482
2733,ETH,1,2085,4718964.0,302323.97,16.002861
2734,ETH,1,2090,5837767.5,311638.62,19.280567
2735,ETH,1,2095,7559087.5,319237.66,24.444136
2736,ETH,1,2100,9777437.0,325944.75,31.138905
2737,ETH,2,2020,96357.15,117190.92,0.8222237
2738,ETH,2,2025,125303.56,132263.58,0.9473705
2739,ETH,2,2030,157519.33,147489.16,1.068062
2740,ETH,2,2035,192143.67,162938.7,1.1789373
2741,ETH,2,2040,229938.47,178389.42,1.2890086
2742,ETH,2,2045,287948.88,193896.3,1.4840801
2743,ETH,2,2050,348810.4,209182.5,1.665711
2744,ETH,2,2055,413284.44,223845.98,1.8444668
2745,ETH,2,2060,495255.1,237916.58,2.080472
2746,ETH,2,2065,591989.9,250793.36,2.3580022
2747,ETH,2,2070,678734.0,262628.22,2.580411
2748,ETH,2,2075,807984.9,273433.56,2.9513485
2749,ETH,2,2080,918043.94,283354.6,3.2371705
2750,ETH,2,2085,1037556.0,292118.97,3.551276
2751,ETH,2,2090,1177852.9,299561.38,3.941393
2752,ETH,2,2095,1327719.1,306082.28,4.352026
2753,ETH,2,2100,1481445.8,311187.25,4.771511
2754,FIN,0,2020,252108.06,5529.543,45.59293
2755,FIN,0,2025,282856.3,5556.4595,50.906807
2756,FIN,0,2030,323312.03,5556.3857,58.18776
2757,FIN,0,2035,362133.3,5527.3306,65.517746
2758,FIN,0,2040,403706.1,5473.0093,73.75969
2759,FIN,0,2045,449516.94,5399.8384,83.24143
2760,FIN,0,2050,496738.34,5318.858,93.37501
2761,FIN,0,2055,547776.9,5236.2666,104.600746
2762,FIN,0,2060,602491.2,5156.8203,116.82412
2763,FIN,0,2065,667781.44,5079.8257,131.45844
2764,FIN,0,2070,728329.3,5006.033,145.51932
2765,FIN,0,2075,801676.25,4924.5063,162.69028
2766,FIN,0,2080,884509.9,4836.716,182.80962
2767,FIN,0,2085,985961.3,4743.434,207.53954
2768,FIN,0,2090,1074319.2,4648.661,230.56749
2769,FIN,0,2095,1179268.6,4559.383,257.92587
2770,FIN,0,2100,1268134.5,4473.483,282.75006
2771,FIN,1,2020,252108.05,5529.543,45.59293
2772,FIN,1,2025,300342.94,5557.4946,54.045307
2773,FIN,1,2030,346851.1,5561.603,62.386227
2774,FIN,1,2035,414514.9,5543.339,74.866585
2775,FIN,1,2040,483085.06,5493.894,88.0384
2776,FIN,1,2045,575092.4,5427.5557,106.172844
2777,FIN,1,2050,697378.1,5354.3716,130.67538
2778,FIN,1,2055,823221.9,5275.363,156.72888
2779,FIN,1,2060,974427.4,5208.0913,188.02689
2780,FIN,1,2065,1191735.2,5151.6,233.02423
2781,FIN,1,2070,1444745.0,5102.04,286.1476
2782,FIN,1,2075,1735923.1,5042.082,349.40433
2783,FIN,1,2080,2010717.2,4973.302,411.0735
2784,FIN,1,2085,2394082.2,4902.5625,498.87427
2785,FIN,1,2090,2892375.5,4821.154,614.707
2786,FIN,1,2095,3305807.0,4745.1626,715.38367
2787,FIN,1,2100,3573350.0,4671.336,787.1578
2788,FIN,2,2020,252108.05,5529.543,45.59293
2789,FIN,2,2025,271914.47,5557.2285,48.92983
2790,FIN,2,2030,285059.56,5556.378,51.301357
2791,FIN,2,2035,297828.06,5526.0693,53.89372
2792,FIN,2,2040,306696.4,5469.76,56.079197
2793,FIN,2,2045,321119.47,5395.4155,59.534664
2794,FIN,2,2050,333941.28,5313.4077,62.84857
2795,FIN,2,2055,352003.5,5229.743,67.31888
2796,FIN,2,2060,366978.5,5149.2183,71.317696
2797,FIN,2,2065,386795.78,5073.3296,76.308754
2798,FIN,2,2070,404382.84,4999.284,80.97705
2799,FIN,2,2075,434606.16,4918.016,88.49346
2800,FIN,2,2080,456932.28,4830.875,94.72934
2801,FIN,2,2085,484879.12,4737.0703,102.557556
2802,FIN,2,2090,514560.8,4642.0254,111.12694
2803,FIN,2,2095,542302.8,4551.0205,119.50477
2804,FIN,2,2100,550325.94,4463.6133,123.731964
2805,FJI,0,2020,4385.713,920.422,4.7648935
2806,FJI,0,2025,5080.084,947.7564,5.360025
2807,FJI,0,2030,6017.9624,968.73364,6.2142015
2808,FJI,0,2035,7165.3916,985.03357,7.274603
2809,FJI,0,2040,8673.886,995.31,8.710658
2810,FJI,0,2045,10099.895,1001.8138,10.078106
2811,FJI,0,2050,12021.173,1005.792,11.956127
2812,FJI,0,2055,14236.542,1006.9725,14.138415
2813,FJI,0,2060,16478.902,1006.2727,16.401167
2814,FJI,0,2065,19076.438,1001.68054,19.106306
2815,FJI,0,2070,21112.955,993.70306,21.316433
2816,FJI,0,2075,23781.648,984.2941,24.234499
2817,FJI,0,2080,26045.066,973.6958,26.863855
2818,FJI,0,2085,29074.2,961.6349,30.337906
2819,FJI,0,2090,32416.24,947.31525,34.30795
2820,FJI,0,2095,37073.746,930.9793,39.987984
2821,FJI,0,2100,41881.55,912.3546,46.08476
2822,FJI,1,2020,4385.713,920.422,4.7648935
2823,FJI,1,2025,5522.61,945.6406,5.8366323
2824,FJI,1,2030,6812.67,965.52185,7.046043
2825,FJI,1,2035,8663.723,980.9628,8.80932
2826,FJI,1,2040,10975.921,990.2706,11.045612
2827,FJI,1,2045,12069.103,997.5392,12.059173
2828,FJI,1,2050,14155.714,1000.7894,14.073123
2829,FJI,1,2055,18311.049,999.1227,18.163393
2830,FJI,1,2060,23279.248,995.10315,23.164742
2831,FJI,1,2065,30535.523,990.2432,30.422499
2832,FJI,1,2070,41485.035,982.3952,41.559513
2833,FJI,1,2075,60572.254,969.26807,61.134483
2834,FJI,1,2080,55920.44,956.2671,57.094017
2835,FJI,1,2085,69139.92,944.96326,71.67082
2836,FJI,1,2090,84749.72,932.1116,88.77903
2837,FJI,1,2095,96779.35,919.76965,102.99337
2838,FJI,1,2100,106559.336,904.6466,115.556564
2839,FJI,2,2020,4385.713,920.422,4.7648935
2840,FJI,2,2025,4998.6885,947.7171,5.2744694
2841,FJI,2,2030,5501.269,968.7361,5.678752
2842,FJI,2,2035,5808.58,985.1472,5.8965282
2843,FJI,2,2040,6348.758,995.872,6.378552
2844,FJI,2,2045,6848.0425,1002.8516,6.8303423
2845,FJI,2,2050,7265.178,1006.2957,7.2167926
2846,FJI,2,2055,7681.94,1007.58704,7.622716
2847,FJI,2,2060,8289.234,1005.96924,8.243
2848,FJI,2,2065,9001.847,1000.10394,8.993702
2849,FJI,2,2070,9318.761,991.3778,9.402694
2850,FJI,2,2075,9823.248,981.4113,10.00903
2851,FJI,2,2080,10297.116,970.4222,10.62061
2852,FJI,2,2085,11120.391,957.8145,11.637627
2853,FJI,2,2090,12075.103,942.8675,12.868153
2854,FJI,2,2095,12791.553,926.43463,13.868756
2855,FJI,2,2100,13534.137,907.98303,15.014891
2856,FRA,0,2020,2452204.2,67571.11,36.29072
2857,FRA,0,2025,2754550.0,68379.34,40.283783
2858,FRA,0,2030,3168328.0,69093.38,45.85698
2859,FRA,0,2035,3568660.0,69726.86,51.178185
2860,FRA,0,2040,4069790.8,70196.664,57.9718
2861,FRA,0,2045,4676191.5,70447.03,66.372665
2862,FRA,0,2050,5435438.5,70487.93,77.12433
2863,FRA,0,2055,6195461.5,70394.914,88.03762
2864,FRA,0,2060,7060456.0,70256.84,100.501686
2865,FRA,0,2065,7988923.0,70146.836,113.89513
2866,FRA,0,2070,8869141.0,70114.37,126.531494
2867,FRA,0,2075,9961300.0,70153.91,142.049
2868,FRA,0,2080,11193940.0,70240.25,159.4937
2869,FRA,0,2085,12467152.0,70317.81,177.66133
2870,FRA,0,2090,13587981.0,70331.82,193.65736
2871,FRA,0,2095,15387694.0,70345.08,219.31302
2872,FRA,0,2100,17173638.0,70256.36,245.041
2873,FRA,1,2020,2452204.2,67571.11,36.29072
2874,FRA,1,2025,2793410.5,68340.59,40.874054
2875,FRA,1,2030,3278896.8,69049.3,47.471153
2876,FRA,1,2035,4009425.5,69603.81,57.588135
2877,FRA,1,2040,4905425.5,70081.48,69.971275
2878,FRA,1,2045,5877033.0,70415.12,83.48488
2879,FRA,1,2050,7345871.0,70477.19,104.35378
2880,FRA,1,2055,9135049.0,70407.66,129.97646
2881,FRA,1,2060,10930880.0,70322.57,156.03276
2882,FRA,1,2065,14141531.0,70213.984,202.26866
2883,FRA,1,2070,17283624.0,70171.59,247.68681
2884,FRA,1,2075,21693004.0,70262.875,310.95306
2885,FRA,1,2080,26427192.0,70499.86,378.1478
2886,FRA,1,2085,30482682.0,70679.62,435.44357
2887,FRA,1,2090,34726976.0,70841.86,495.22256
2888,FRA,1,2095,39207990.0,71022.56,558.3428
2889,FRA,1,2100,42012932.0,71067.52,596.9556
2890,FRA,2,2020,2452204.2,67571.11,36.29072
2891,FRA,2,2025,2657912.5,68343.12,38.891552
2892,FRA,2,2030,2841197.2,69028.48,41.15998
2893,FRA,2,2035,2979988.2,69610.35,42.81064
2894,FRA,2,2040,3142437.2,70038.45,44.868515
2895,FRA,2,2045,3381764.2,70241.37,48.146492
2896,FRA,2,2050,3542218.2,70234.58,50.434326
2897,FRA,2,2055,3734805.8,70090.375,53.288185
2898,FRA,2,2060,3963886.0,69898.984,56.724773
2899,FRA,2,2065,4210526.5,69736.81,60.401455
2900,FRA,2,2070,4421127.0,69656.414,63.516724
2901,FRA,2,2075,4776574.5,69665.33,68.58686
2902,FRA,2,2080,5036877.0,69700.586,72.250885
2903,FRA,2,2085,5358569.0,69715.336,76.84083
2904,FRA,2,2090,5775639.5,69686.92,82.87926
2905,FRA,2,2095,6132834.0,69625.71,88.05477
2906,FRA,2,2100,6478888.5,69488.04,93.15534
2907,GAB,0,2020,15381.301,2292.573,6.709187
2908,GAB,0,2025,19574.857,2574.4253,7.604059
2909,GAB,0,2030,25463.295,2854.9546,8.921875
2910,GAB,0,2035,32032.68,3143.4805,10.197789
2911,GAB,0,2040,41217.79,3442.0386,11.984741
2912,GAB,0,2045,51614.734,3750.7473,13.770023
2913,GAB,0,2050,64318.98,4061.2744,15.853831
2914,GAB,0,2055,80751.086,4370.9263,18.49001
2915,GAB,0,2060,100741.484,4666.4424,21.599197
2916,GAB,0,2065,121890.016,4947.523,24.643557
2917,GAB,0,2070,145243.08,5225.514,27.807913
2918,GAB,0,2075,176479.27,5495.52,32.115692
2919,GAB,0,2080,207508.86,5766.117,36.001476
2920,GAB,0,2085,244897.64,6025.731,40.68668
2921,GAB,0,2090,283897.16,6267.4785,45.33596
2922,GAB,0,2095,330884.97,6489.6787,51.005157
2923,GAB,0,2100,382380.72,6693.4546,57.168835
2924,GAB,1,2020,15381.3,2292.573,6.709187
2925,GAB,1,2025,22277.426,2577.837,8.642356
2926,GAB,1,2030,29957.033,2861.865,10.476209
2927,GAB,1,2035,43627.164,3160.2395,13.837494
2928,GAB,1,2040,59190.53,3474.8289,17.093933
2929,GAB,1,2045,79539.49,3801.584,21.010431
2930,GAB,1,2050,113286.68,4137.7817,27.608126
2931,GAB,1,2055,144181.36,4468.2114,32.653778
2932,GAB,1,2060,199194.75,4800.3857,42.09439
2933,GAB,1,2065,261801.86,5124.172,52.122944
2934,GAB,1,2070,343020.1,5452.9565,64.61488
2935,GAB,1,2075,446449.94,5773.9683,79.78615
2936,GAB,1,2080,492553.94,6098.1553,83.79312
2937,GAB,1,2085,659481.4,6430.084,107.63288
2938,GAB,1,2090,849501.2,6758.3447,133.11346
2939,GAB,1,2095,1078413.1,7064.51,162.92198
2940,GAB,1,2100,1349047.6,7372.951,199.27939
2941,GAB,2,2020,15381.3,2292.573,6.709187
2942,GAB,2,2025,19324.232,2575.478,7.503468
2943,GAB,2,2030,23127.873,2856.139,8.098823
2944,GAB,2,2035,27316.2,3144.737,8.687977
2945,GAB,2,2040,32521.307,3445.2344,9.441403
2946,GAB,2,2045,39121.11,3755.5378,10.418152
2947,GAB,2,2050,45252.09,4069.143,11.119622
2948,GAB,2,2055,52363.34,4380.9326,11.956428
2949,GAB,2,2060,61241.438,4678.6777,13.097386
2950,GAB,2,2065,72570.05,4966.9214,14.615643
2951,GAB,2,2070,81278.055,5249.691,15.481682
2952,GAB,2,2075,92524.95,5523.125,16.759861
2953,GAB,2,2080,107178.74,5797.6978,18.493805
2954,GAB,2,2085,120874.01,6062.269,19.929161
2955,GAB,2,2090,135581.27,6307.507,21.486261
2956,GAB,2,2095,153399.42,6538.442,23.435095
2957,GAB,2,2100,166719.4,6750.0815,24.652784
2958,GBR,0,2020,2868551.2,67081.234,42.762352
2959,GBR,0,2025,3311115.0,68792.45,48.131187
2960,GBR,0,2030,3894035.5,70231.36,55.437496
2961,GBR,0,2035,4493593.5,71369.66,62.94109
2962,GBR,0,2040,5201663.5,72299.96,71.92868
2963,GBR,0,2045,5898043.5,73095.86,80.66096
2964,GBR,0,2050,6812306.0,73712.24,92.365585
2965,GBR,0,2055,7710814.5,74111.56,103.96103
2966,GBR,0,2060,8750557.0,74321.79,117.70804
2967,GBR,0,2065,9950785.0,74391.92,133.77217
2968,GBR,0,2070,11154080.0,74432.33,149.8493
2969,GBR,0,2075,12628821.0,74351.33,169.85408
2970,GBR,0,2080,14067886.0,74165.47,189.50119
2971,GBR,0,2085,15730227.0,73881.79,212.69513
2972,GBR,0,2090,17526822.0,73553.94,238.03232
2973,GBR,0,2095,19273098.0,73214.47,262.81555
2974,GBR,0,2100,21468218.0,72793.52,294.24466
2975,GBR,1,2020,2868551.2,67081.234,42.762352
2976,GBR,1,2025,3367017.2,68840.23,48.915344
2977,GBR,1,2030,4022402.5,70278.39,57.23887
2978,GBR,1,2035,5046889.5,71406.195,70.70093
2979,GBR,1,2040,6061854.5,72317.83,83.88208
2980,GBR,1,2045,7432998.0,73253.61,101.603874
2981,GBR,1,2050,8988476.0,73833.3,121.87978
2982,GBR,1,2055,10819630.0,74128.01,146.07977
2983,GBR,1,2060,12901949.0,74205.95,174.03769
2984,GBR,1,2065,15734951.0,74160.34,212.62679
2985,GBR,1,2070,19796650.0,74103.15,267.96384
2986,GBR,1,2075,25292274.0,73872.15,343.8614
2987,GBR,1,2080,29636136.0,73601.164,404.64536
2988,GBR,1,2085,34798536.0,73227.28,478.15857
2989,GBR,1,2090,41151710.0,72836.65,570.0487
2990,GBR,1,2095,48343184.0,72438.68,674.84546
2991,GBR,1,2100,57037104.0,71875.57,803.2875
2992,GBR,2,2020,2868551.2,67081.234,42.762352
2993,GBR,2,2025,3191463.2,68787.0,46.39761
2994,GBR,2,2030,3460235.2,70232.94,49.270336
2995,GBR,2,2035,3714268.2,71381.055,52.033787
2996,GBR,2,2040,3959025.5,72316.23,54.740192
2997,GBR,2,2045,4278983.5,73108.38,58.520287
2998,GBR,2,2050,4566598.5,73708.0,61.93344
2999,GBR,2,2055,4855845.0,74078.32,65.51844
3000,GBR,2,2060,5145096.5,74262.65,69.25028
3001,GBR,2,2065,5517381.0,74320.34,74.229744
3002,GBR,2,2070,5826759.5,74324.36,78.36789
3003,GBR,2,2075,6260913.5,74226.27,84.32241
3004,GBR,2,2080,6647121.0,74029.27,89.75278
3005,GBR,2,2085,6993785.5,73729.61,94.796524
3006,GBR,2,2090,7392721.0,73361.2,100.76823
3007,GBR,2,2095,7946524.0,72985.13,108.927795
3008,GBR,2,2100,8233900.5,72536.91,113.645874
3009,GEO,0,2020,16780.938,3722.716,4.5077133
3010,GEO,0,2025,20263.83,3692.472,5.48805
3011,GEO,0,2030,23766.635,3649.4075,6.514762
3012,GEO,0,2035,28243.283,3612.4219,7.8210807
3013,GEO,0,2040,34663.113,3584.109,9.663691
3014,GEO,0,2045,42042.965,3556.3071,11.794606
3015,GEO,0,2050,49899.06,3528.8845,14.131948
3016,GEO,0,2055,58535.93,3499.3262,16.778118
3017,GEO,0,2060,68744.414,3470.0417,19.854498
3018,GEO,0,2065,77260.805,3431.1108,22.546858
3019,GEO,0,2070,86580.83,3400.5132,25.471115
3020,GEO,0,2075,96248.445,3372.969,28.524601
3021,GEO,0,2080,102736.78,3357.5452,30.57373
3022,GEO,0,2085,117130.85,3349.4604,34.94155
3023,GEO,0,2090,132520.48,3327.28,39.800163
3024,GEO,0,2095,160826.83,3304.646,48.455833
3025,GEO,0,2100,189801.89,3286.1355,57.161102
3026,GEO,1,2020,16780.938,3722.716,4.5077133
3027,GEO,1,2025,23229.947,3719.32,6.2485676
3028,GEO,1,2030,29743.816,3701.7156,8.051125
3029,GEO,1,2035,38999.402,3682.246,10.613242
3030,GEO,1,2040,50046.47,3650.6187,13.770096
3031,GEO,1,2045,61880.92,3642.7192,17.08769
3032,GEO,1,2050,70031.33,3637.5295,19.399878
3033,GEO,1,2055,89550.78,3620.4841,24.940075
3034,GEO,1,2060,92600.12,3602.7344,25.953451
3035,GEO,1,2065,112005.914,3562.5322,31.702633
3036,GEO,1,2070,144082.58,3535.306,41.198242
3037,GEO,1,2075,210933.97,3488.5896,61.30767
3038,GEO,1,2080,198587.11,3454.0388,58.153217
3039,GEO,1,2085,245127.6,3432.8328,72.305725
3040,GEO,1,2090,306974.06,3398.8906,91.20353
3041,GEO,1,2095,383056.88,3364.7007,114.40129
3042,GEO,1,2100,478871.12,3324.9946,143.85791
3043,GEO,2,2020,16780.938,3722.7163,4.5077133
3044,GEO,2,2025,18669.338,3691.2698,5.057555
3045,GEO,2,2030,21373.256,3649.4373,5.85605
3046,GEO,2,2035,23530.748,3616.0933,6.5092673
3047,GEO,2,2040,25480.264,3589.1096,7.095248
3048,GEO,2,2045,29151.016,3564.1416,8.165023
3049,GEO,2,2050,31763.135,3537.1233,8.964809
3050,GEO,2,2055,34956.02,3505.1667,9.948674
3051,GEO,2,2060,36941.85,3475.9438,10.614542
3052,GEO,2,2065,40839.0,3437.6516,11.864062
3053,GEO,2,2070,43699.45,3404.2615,12.838609
3054,GEO,2,2075,48393.863,3376.178,14.348926
3055,GEO,2,2080,53571.78,3360.9587,15.952557
3056,GEO,2,2085,55501.504,3352.017,16.498018
3057,GEO,2,2090,64264.125,3334.2847,19.229097
3058,GEO,2,2095,71153.945,3314.2612,21.472986
3059,GEO,2,2100,71255.89,3292.2031,21.622595
3060,GHA,0,2020,63634.902,32180.4,1.9774429
3061,GHA,0,2025,82115.44,35513.324,2.3121135
3062,GHA,0,2030,108597.59,38843.727,2.795468
3063,GHA,0,2035,138831.9,42170.355,3.2924864
3064,GHA,0,2040,179022.12,45441.375,3.94075
3065,GHA,0,2045,228194.89,48687.305,4.688985
3066,GHA,0,2050,295165.53,51857.91,5.6978397
3067,GHA,0,2055,368122.56,54912.625,6.710043
3068,GHA,0,2060,454090.75,57866.18,7.849331
3069,GHA,0,2065,528775.3,60630.0,8.718914
3070,GHA,0,2070,638035.56,63254.17,10.103847
3071,GHA,0,2075,766878.94,65696.62,11.696327
3072,GHA,0,2080,854806.44,67933.62,12.611027
3073,GHA,0,2085,1032018.25,69991.04,14.786868
3074,GHA,0,2090,1199372.5,71896.16,16.721735
3075,GHA,0,2095,1464491.2,73633.87,19.95026
3076,GHA,0,2100,1719064.1,75083.3,22.97671
3077,GHA,1,2020,63634.906,32180.402,1.9774427
3078,GHA,1,2025,90579.16,35467.24,2.5528185
3079,GHA,1,2030,121586.95,38718.727,3.1361883
3080,GHA,1,2035,172505.23,41998.074,4.0960712
3081,GHA,1,2040,238589.7,45293.383,5.2473617
3082,GHA,1,2045,306047.6,48554.023,6.2727213
3083,GHA,1,2050,427098.5,51806.977,8.191746
3084,GHA,1,2055,558047.7,54795.19,10.10727
3085,GHA,1,2060,815311.9,57717.14,13.992853
3086,GHA,1,2065,1058661.1,60492.297,17.342554
3087,GHA,1,2070,1396503.4,63142.49,21.882784
3088,GHA,1,2075,1746903.4,65680.65,26.330349
3089,GHA,1,2080,1814951.0,67914.875,26.474894
3090,GHA,1,2085,2455229.0,70160.75,34.63139
3091,GHA,1,2090,3164565.8,72197.586,43.36005
3092,GHA,1,2095,4095178.8,74175.32,54.778427
3093,GHA,1,2100,5168629.5,75851.25,68.050514
3094,GHA,2,2020,63634.902,32180.4,1.977443
3095,GHA,2,2025,78794.02,35517.688,2.2185514
3096,GHA,2,2030,94679.28,38858.254,2.4369004
3097,GHA,2,2035,110922.99,42180.688,2.630322
3098,GHA,2,2040,128664.76,45465.938,2.8307579
3099,GHA,2,2045,155397.73,48700.754,3.191085
3100,GHA,2,2050,180195.2,51883.305,3.4747937
3101,GHA,2,2055,204584.2,54969.645,3.7227333
3102,GHA,2,2060,237055.69,57937.496,4.0954766
3103,GHA,2,2065,269239.62,60769.754,4.4387307
3104,GHA,2,2070,307422.62,63458.71,4.853813
3105,GHA,2,2075,349733.56,65931.305,5.324758
3106,GHA,2,2080,397118.4,68249.445,5.842052
3107,GHA,2,2085,444875.75,70367.42,6.3441606
3108,GHA,2,2090,502407.3,72301.664,6.9770226
3109,GHA,2,2095,573143.94,74074.48,7.778394
3110,GHA,2,2100,627547.4,75517.73,8.3504095
3111,GIN,0,2020,12840.737,13205.153,0.97240347
3112,GIN,0,2025,17370.014,14996.493,1.1583107
3113,GIN,0,2030,24461.604,16884.9,1.4489799
3114,GIN,0,2035,32168.98,18834.832,1.7083783
3115,GIN,0,2040,43471.062,20823.71,2.0881443
3116,GIN,0,2045,57782.395,22819.027,2.5335362
3117,GIN,0,2050,74662.09,24805.047,3.0126555
3118,GIN,0,2055,94981.69,26795.115,3.548511
3119,GIN,0,2060,124791.78,28771.9,4.3429117
3120,GIN,0,2065,152512.25,30686.164,4.978772
3121,GIN,0,2070,188148.39,32544.225,5.7914987
3122,GIN,0,2075,236028.88,34303.27,6.892223
3123,GIN,0,2080,274403.2,35988.496,7.6480594
3124,GIN,0,2085,338295.2,37595.996,9.035005
3125,GIN,0,2090,409014.84,39107.27,10.519268
3126,GIN,0,2095,495552.28,40515.684,12.309798
3127,GIN,0,2100,591562.6,41825.99,14.234216
3128,GIN,1,2020,12840.737,13205.153,0.9724034
3129,GIN,1,2025,18613.268,15008.085,1.2402432
3130,GIN,1,2030,26961.656,16911.871,1.5948931
3131,GIN,1,2035,39738.805,18863.338,2.109423
3132,GIN,1,2040,52960.055,20871.457,2.546202
3133,GIN,1,2045,73436.68,22883.713,3.2314441
3134,GIN,1,2050,100359.734,24919.05,4.0747437
3135,GIN,1,2055,130142.164,26924.227,4.891567
3136,GIN,1,2060,177067.64,28948.912,6.194212
3137,GIN,1,2065,246518.73,30875.068,8.139623
3138,GIN,1,2070,333448.7,32720.959,10.41408
3139,GIN,1,2075,443939.44,34398.586,13.195513
3140,GIN,1,2080,436161.62,35971.496,12.287913
3141,GIN,1,2085,605390.0,37497.566,16.423815
3142,GIN,1,2090,765760.44,38892.855,20.056017
3143,GIN,1,2095,963035.4,40129.883,24.520607
3144,GIN,1,2100,1297103.6,41234.605,32.170254
3145,GIN,2,2020,12840.737,13205.153,0.97240347
3146,GIN,2,2025,16671.232,14996.871,1.1115501
3147,GIN,2,2030,20576.426,16875.229,1.2192041
3148,GIN,2,2035,25128.309,18812.07,1.3359758
3149,GIN,2,2040,30665.459,20784.36,1.4752853
3150,GIN,2,2045,38040.23,22762.646,1.6708373
3151,GIN,2,2050,45690.066,24742.822,1.8456808
3152,GIN,2,2055,55767.137,26717.11,2.084704
3153,GIN,2,2060,66987.49,28673.893,2.3320122
3154,GIN,2,2065,77857.664,30563.209,2.5439703
3155,GIN,2,2070,89844.125,32392.104,2.770274
3156,GIN,2,2075,105485.75,34103.9,3.090243
3157,GIN,2,2080,120992.5,35737.08,3.3844507
3158,GIN,2,2085,135473.1,37294.574,3.6339993
3159,GIN,2,2090,159834.75,38772.23,4.1161666
3160,GIN,2,2095,182774.72,40143.59,4.542949
3161,GIN,2,2100,207684.69,41428.695,4.9933934
3162,GMB,0,2020,1710.264,2573.995,0.6644395
3163,GMB,0,2025,2394.306,2971.2913,0.80580556
3164,GMB,0,2030,3412.3228,3398.0798,1.0041045
3165,GMB,0,2035,4507.998,3836.4731,1.1756111
3166,GMB,0,2040,6315.0234,4293.2246,1.4716413
3167,GMB,0,2045,8402.019,4751.6626,1.769809
3168,GMB,0,2050,10972.207,5212.0146,2.1076913
3169,GMB,0,2055,14621.943,5670.405,2.5817885
3170,GMB,0,2060,18688.525,6120.706,3.0589569
3171,GMB,0,2065,22936.467,6549.1646,3.5139577
3172,GMB,0,2070,28748.893,6952.1597,4.147576
3173,GMB,0,2075,35283.41,7336.0503,4.8166585
3174,GMB,0,2080,41294.473,7697.4414,5.3684807
3175,GMB,0,2085,51176.016,8047.771,6.385968
3176,GMB,0,2090,61443.137,8366.929,7.369875
3177,GMB,0,2095,73720.39,8664.303,8.557884
3178,GMB,0,2100,87847.37,8937.96,9.83131
3179,GMB,1,2020,1710.264,2573.995,0.6644395
3180,GMB,1,2025,2494.844,2968.5815,0.8404607
3181,GMB,1,2030,3612.7122,3405.77,1.0604613
3182,GMB,1,2035,5076.7935,3852.1772,1.3158535
3183,GMB,1,2040,7082.416,4309.19,1.6387022
3184,GMB,1,2045,10566.104,4760.7954,2.2107038
3185,GMB,1,2050,15013.028,5235.254,2.8605232
3186,GMB,1,2055,19227.318,5675.6006,3.3674712
3187,GMB,1,2060,27297.71,6115.1274,4.431784
3188,GMB,1,2065,40858.965,6549.319,6.190026
3189,GMB,1,2070,53499.77,6937.402,7.6182575
3190,GMB,1,2075,66685.87,7316.4214,9.007997
3191,GMB,1,2080,67946.62,7655.371,8.771185
3192,GMB,1,2085,92723.6,7967.135,11.473168
3193,GMB,1,2090,117303.78,8259.839,13.93476
3194,GMB,1,2095,152085.0,8532.595,17.375309
3195,GMB,1,2100,198284.7,8772.795,21.920195
3196,GMB,2,2020,1710.2642,2573.995,0.6644395
3197,GMB,2,2025,2274.6829,2968.6794,0.76611453
3198,GMB,2,2030,2890.4287,3393.9275,0.85164076
3199,GMB,2,2035,3584.666,3830.805,0.9354163
3200,GMB,2,2040,4378.6562,4283.961,1.0219842
3201,GMB,2,2045,5513.919,4735.432,1.1644839
3202,GMB,2,2050,6848.201,5194.1216,1.3177117
3203,GMB,2,2055,8333.745,5650.951,1.4744265
3204,GMB,2,2060,9955.996,6103.043,1.6308135
3205,GMB,2,2065,12149.603,6534.513,1.8588953
3206,GMB,2,2070,14009.213,6950.373,2.0172305
3207,GMB,2,2075,16437.873,7342.095,2.2408483
3208,GMB,2,2080,19311.238,7699.9175,2.5046232
3209,GMB,2,2085,22140.035,8055.2334,2.746699
3210,GMB,2,2090,26083.178,8378.424,3.1054397
3211,GMB,2,2095,30761.81,8678.404,3.5279734
3212,GMB,2,2100,36343.633,8948.071,4.0640516
3213,GNB,0,2020,1235.2374,2015.828,0.61276925
3214,GNB,0,2025,1668.6611,2245.3513,0.74314195
3215,GNB,0,2030,2295.0842,2478.04,0.92602015
3216,GNB,0,2035,2935.2144,2706.3567,1.0841895
3217,GNB,0,2040,3990.1506,2940.877,1.3571988
3218,GNB,0,2045,5176.3364,3171.9602,1.6321796
3219,GNB,0,2050,6604.747,3397.8447,1.9437864
3220,GNB,0,2055,8616.764,3620.7202,2.3810155
3221,GNB,0,2060,10796.003,3837.2373,2.8210769
3222,GNB,0,2065,13048.839,4039.7605,3.240694
3223,GNB,0,2070,16125.085,4234.0596,3.825039
3224,GNB,0,2075,19507.158,4415.243,4.4420905
3225,GNB,0,2080,22576.45,4582.942,4.951
3226,GNB,0,2085,27756.844,4744.711,5.889363
3227,GNB,0,2090,32994.914,4885.0166,6.7967553
3228,GNB,0,2095,39304.062,5015.0054,7.8923793
3229,GNB,0,2100,46266.6,5125.9565,9.066777
3230,GNB,1,2020,1235.2374,2015.8279,0.61276925
3231,GNB,1,2025,1743.3552,2249.5679,0.7751022
3232,GNB,1,2030,2429.264,2484.1958,0.9779944
3233,GNB,1,2035,3284.9102,2708.741,1.2135259
3234,GNB,1,2040,4449.391,2946.6963,1.5112681
3235,GNB,1,2045,6486.1455,3186.1162,2.038788
3236,GNB,1,2050,9009.241,3423.9832,2.6380744
3237,GNB,1,2055,11326.238,3670.09,3.1055994
3238,GNB,1,2060,15787.007,3903.5933,4.0871463
3239,GNB,1,2065,23158.064,4116.889,5.7086577
3240,GNB,1,2070,29835.982,4322.7173,7.025823
3241,GNB,1,2075,36869.125,4520.978,8.3074875
3242,GNB,1,2080,37416.406,4705.7856,8.089092
3243,GNB,1,2085,50674.035,4879.2437,10.5809555
3244,GNB,1,2090,63365.293,5005.649,12.851122
3245,GNB,1,2095,80907.17,5116.293,16.024117
3246,GNB,1,2100,104658.484,5214.994,20.215567
3247,GNB,2,2020,1235.2374,2015.828,0.61276925
3248,GNB,2,2025,1585.4021,2243.8088,0.70653754
3249,GNB,2,2030,1942.5332,2473.3025,0.7854128
3250,GNB,2,2035,2327.242,2697.5354,0.86267346
3251,GNB,2,2040,2759.4343,2926.9219,0.94250953
3252,GNB,2,2045,3387.1401,3151.5906,1.0739276
3253,GNB,2,2050,4099.912,3370.5286,1.2152396
3254,GNB,2,2055,4883.8853,3585.9778,1.3597676
3255,GNB,2,2060,5716.5527,3795.124,1.503993
3256,GNB,2,2065,6854.808,3992.0913,1.7143381
3257,GNB,2,2070,7787.313,4178.8135,1.8603601
3258,GNB,2,2075,9028.145,4352.8784,2.0665886
3259,GNB,2,2080,10488.536,4519.5625,2.3098507
3260,GNB,2,2085,11910.136,4680.4077,2.5331016
3261,GNB,2,2090,13886.374,4818.238,2.863945
3262,GNB,2,2095,16259.489,4947.073,3.2536204
3263,GNB,2,2100,19135.225,5055.4106,3.74801
3264,GNQ,0,2020,9699.143,1596.049,6.0769706
3265,GNQ,0,2025,12768.852,1838.2649,6.944274
3266,GNQ,0,2030,17213.646,2087.781,8.236824
3267,GNQ,0,2035,22396.8,2347.206,9.521911
3268,GNQ,0,2040,28550.484,2622.2686,10.8662405
3269,GNQ,0,2045,35581.973,2896.68,12.252602
3270,GNQ,0,2050,45235.09,3159.0708,14.280207
3271,GNQ,0,2055,58256.332,3426.136,16.967875
3272,GNQ,0,2060,71708.58,3677.7646,19.46149
3273,GNQ,0,2065,87747.12,3920.3374,22.368446
3274,GNQ,0,2070,103961.24,4153.6855,25.016651
3275,GNQ,0,2075,122066.72,4406.8726,27.756903
3276,GNQ,0,2080,147568.72,4649.5015,31.866892
3277,GNQ,0,2085,178053.75,4905.467,36.37833
3278,GNQ,0,2090,207462.22,5150.464,40.419632
3279,GNQ,0,2095,240748.1,5391.213,44.64331
3280,GNQ,0,2100,293225.47,5631.7764,52.008785
3281,GNQ,1,2020,9699.143,1596.049,6.0769706
3282,GNQ,1,2025,13362.577,1831.886,7.284263
3283,GNQ,1,2030,19231.469,2044.9059,9.36023
3284,GNQ,1,2035,28639.607,2301.3276,12.3944
3285,GNQ,1,2040,41015.957,2591.0479,15.785458
3286,GNQ,1,2045,52956.875,2854.9792,18.496273
3287,GNQ,1,2050,75596.67,3140.9521,24.129343
3288,GNQ,1,2055,97910.78,3402.9983,28.792202
3289,GNQ,1,2060,125964.69,3598.196,34.94151
3290,GNQ,1,2065,165455.83,3782.2642,43.578934
3291,GNQ,1,2070,230234.69,3990.3125,56.839527
3292,GNQ,1,2075,313243.7,4220.9844,73.13427
3293,GNQ,1,2080,327661.03,4416.2246,73.17136
3294,GNQ,1,2085,409602.28,4642.675,87.314644
3295,GNQ,1,2090,495874.78,4882.3013,100.60653
3296,GNQ,1,2095,631173.3,5070.3555,123.69638
3297,GNQ,1,2100,792918.2,5269.046,149.80194
3298,GNQ,2,2020,9699.143,1596.0491,6.0769706
3299,GNQ,2,2025,12396.476,1839.9996,6.736371
3300,GNQ,2,2030,15053.624,2088.9631,7.2086716
3301,GNQ,2,2035,17947.092,2344.8945,7.659009
3302,GNQ,2,2040,21560.113,2611.54,8.260435
3303,GNQ,2,2045,25769.305,2877.9172,8.959377
3304,GNQ,2,2050,30455.97,3142.1697,9.708426
3305,GNQ,2,2055,34017.65,3406.9268,10.014717
3306,GNQ,2,2060,39242.695,3650.8525,10.7789755
3307,GNQ,2,2065,45734.793,3892.1968,11.797872
3308,GNQ,2,2070,50793.223,4119.11,12.362425
3309,GNQ,2,2075,58371.062,4374.712,13.370095
3310,GNQ,2,2080,66429.82,4601.437,14.438805
3311,GNQ,2,2085,75243.49,4844.7627,15.524931
3312,GNQ,2,2090,88042.4,5085.8364,17.297153
3313,GNQ,2,2095,99415.95,5317.3296,18.669373
3314,GNQ,2,2100,111966.27,5542.487,20.211084
3315,GRC,0,2020,187406.44,10698.599,17.516914
3316,GRC,0,2025,216128.14,10412.53,20.758404
3317,GRC,0,2030,246270.34,10116.724,24.339308
3318,GRC,0,2035,282902.34,9827.3545,28.789042
3319,GRC,0,2040,326738.6,9553.5205,34.216396
3320,GRC,0,2045,370479.75,9259.527,40.06732
3321,GRC,0,2050,408585.56,8943.9795,45.751606
3322,GRC,0,2055,449892.1,8589.507,52.47667
3323,GRC,0,2060,481630.75,8216.912,58.69242
3324,GRC,0,2065,536428.1,7835.132,68.528786
3325,GRC,0,2070,613621.6,7463.142,82.20213
3326,GRC,0,2075,669910.6,7131.802,94.04174
3327,GRC,0,2080,710035.6,6846.0933,103.58583
3328,GRC,0,2085,784129.1,6603.307,118.61742
3329,GRC,0,2090,814611.75,6380.0366,127.429886
3330,GRC,0,2095,882344.3,6170.807,142.586
3331,GRC,0,2100,982212.6,5967.3457,163.83751
3332,GRC,1,2020,187406.44,10698.599,17.516914
3333,GRC,1,2025,222545.11,10427.599,21.341755
3334,GRC,1,2030,239485.67,10124.275,23.658743
3335,GRC,1,2035,291237.78,9851.55,29.566975
3336,GRC,1,2040,338418.56,9588.278,35.357227
3337,GRC,1,2045,409991.22,9328.28,44.15276
3338,GRC,1,2050,507115.2,9068.791,56.39174
3339,GRC,1,2055,607353.7,8754.207,70.00855
3340,GRC,1,2060,688214.2,8417.626,82.669815
3341,GRC,1,2065,746664.0,8075.459,93.73776
3342,GRC,1,2070,886705.9,7760.373,117.19501
3343,GRC,1,2075,1057290.8,7469.27,146.64021
3344,GRC,1,2080,1237634.6,7233.14,178.74922
3345,GRC,1,2085,1349546.9,7036.169,200.56621
3346,GRC,1,2090,1606316.8,6859.4624,246.93709
3347,GRC,1,2095,1959181.9,6700.9717,312.10208
3348,GRC,1,2100,2125122.5,6548.34,347.1015
3349,GRC,2,2020,187406.44,10698.599,17.516914
3350,GRC,2,2025,208393.97,10411.034,20.016151
3351,GRC,2,2030,216843.17,10110.749,21.447144
3352,GRC,2,2035,229923.56,9816.746,23.442003
3353,GRC,2,2040,242038.47,9531.39,25.43456
3354,GRC,2,2045,249041.52,9235.426,27.032982
3355,GRC,2,2050,264518.94,8916.426,29.770515
3356,GRC,2,2055,275900.53,8560.41,32.353886
3357,GRC,2,2060,295322.97,8182.842,36.252373
3358,GRC,2,2065,294075.97,7800.9146,37.887745
3359,GRC,2,2070,298687.53,7428.308,40.406906
3360,GRC,2,2075,318991.66,7090.681,45.208725
3361,GRC,2,2080,319588.1,6799.118,47.275105
3362,GRC,2,2085,326463.94,6556.041,50.177685
3363,GRC,2,2090,341828.2,6337.3687,54.42216
3364,GRC,2,2095,370583.62,6136.826,60.823254
3365,GRC,2,2100,376408.84,5936.7876,63.93238
3366,GTM,0,2020,70466.18,16858.332,4.179902
3367,GTM,0,2025,89193.53,18398.484,4.847753
3368,GTM,0,2030,115087.97,19884.18,5.787917
3369,GTM,0,2035,140879.84,21293.197,6.616347
3370,GTM,0,2040,176938.11,22608.781,7.8254027
3371,GTM,0,2045,222356.58,23850.322,9.319032
3372,GTM,0,2050,267754.66,24992.562,10.706806
3373,GTM,0,2055,323728.72,26034.908,12.423536
3374,GTM,0,2060,389422.22,26947.232,14.433535
3375,GTM,0,2065,456445.53,27737.414,16.425413
3376,GTM,0,2070,530612.1,28389.885,18.659937
3377,GTM,0,2075,625022.44,28901.371,21.569084
3378,GTM,0,2080,693252.44,29256.498,23.626747
3379,GTM,0,2085,782063.94,29474.748,26.45798
3380,GTM,0,2090,904682.7,29568.44,30.487165
3381,GTM,0,2095,1017534.3,29565.836,34.30717
3382,GTM,0,2100,1192356.9,29475.81,40.26328
3383,GTM,1,2020,70466.18,16858.332,4.179902
3384,GTM,1,2025,93997.27,18398.424,5.1095552
3385,GTM,1,2030,128995.21,19889.074,6.485562
3386,GTM,1,2035,178735.98,21301.195,8.394868
3387,GTM,1,2040,232551.94,22598.545,10.297057
3388,GTM,1,2045,300986.84,23819.053,12.649374
3389,GTM,1,2050,386105.03,24947.031,15.500996
3390,GTM,1,2055,477986.0,25973.719,18.427235
3391,GTM,1,2060,627155.9,26894.422,23.379139
3392,GTM,1,2065,829674.6,27681.084,30.012836
3393,GTM,1,2070,1053542.1,28334.44,37.23692
3394,GTM,1,2075,1378102.4,28857.465,47.965622
3395,GTM,1,2080,1521635.4,29237.322,52.34764
3396,GTM,1,2085,1884034.2,29517.344,64.478546
3397,GTM,1,2090,2420935.2,29643.914,82.57354
3398,GTM,1,2095,3043528.5,29695.945,103.54909
3399,GTM,1,2100,3497623.5,29646.87,119.2282
3400,GTM,2,2020,70466.18,16858.332,4.179902
3401,GTM,2,2025,83137.91,18403.836,4.5172186
3402,GTM,2,2030,98066.8,19895.04,4.928821
3403,GTM,2,2035,115026.945,21312.158,5.39684
3404,GTM,2,2040,133318.83,22635.76,5.8892736
3405,GTM,2,2045,155798.75,23877.352,6.5244527
3406,GTM,2,2050,178132.75,25023.31,7.1169815
3407,GTM,2,2055,200881.38,26074.258,7.701187
3408,GTM,2,2060,225858.92,26997.533,8.360667
3409,GTM,2,2065,257778.19,27797.637,9.26308
3410,GTM,2,2070,284863.78,28459.744,9.990254
3411,GTM,2,2075,310565.47,28977.195,10.696532
3412,GTM,2,2080,346621.75,29351.082,11.776478
3413,GTM,2,2085,390163.3,29596.725,13.139058
3414,GTM,2,2090,416346.97,29713.178,13.9448805
3415,GTM,2,2095,467794.06,29734.338,15.654416
3416,GTM,2,2100,511554.03,29666.277,17.139456
3417,GUY,0,2020,7374.267,797.202,9.250186
3418,GUY,0,2025,8538.477,815.24335,10.472578
3419,GUY,0,2030,9866.756,829.2275,11.89802
3420,GUY,0,2035,11459.814,841.9887,13.60733
3421,GUY,0,2040,13636.533,853.6011,15.976645
3422,GUY,0,2045,15992.052,864.8114,18.508265
3423,GUY,0,2050,18643.531,874.7546,21.333754
3424,GUY,0,2055,21968.652,885.06866,24.851736
3425,GUY,0,2060,25585.96,894.64655,28.641798
3426,GUY,0,2065,29440.016,903.6284,32.67449
3427,GUY,0,2070,32619.53,910.4837,35.96695
3428,GUY,0,2075,37920.11,915.50366,41.637672
3429,GUY,0,2080,42022.125,918.72125,46.01157
3430,GUY,0,2085,47064.402,921.04974,51.36684
3431,GUY,0,2090,51876.082,922.1368,56.50185
3432,GUY,0,2095,58580.19,922.0731,63.711357
3433,GUY,0,2100,65323.316,919.4893,71.15903
3434,GUY,1,2020,7374.267,797.202,9.250186
3435,GUY,1,2025,8901.625,816.944,10.898489
3436,GUY,1,2030,10625.296,832.7209,12.765735
3437,GUY,1,2035,13184.937,847.45404,15.586569
3438,GUY,1,2040,16329.522,860.6097,19.049442
3439,GUY,1,2045,20673.893,871.6027,23.882898
3440,GUY,1,2050,25736.24,880.20807,29.488739
3441,GUY,1,2055,31419.406,890.8631,35.52279
3442,GUY,1,2060,37851.953,903.40546,42.30918
3443,GUY,1,2065,47684.945,914.7136,52.706753
3444,GUY,1,2070,59614.145,924.1167,65.54353
3445,GUY,1,2075,76399.57,927.86237,83.75097
3446,GUY,1,2080,94911.12,934.3063,104.121994
3447,GUY,1,2085,111024.8,942.125,121.42842
3448,GUY,1,2090,139136.66,948.4071,152.12637
3449,GUY,1,2095,171570.17,956.17206,187.0264
3450,GUY,1,2100,199717.22,964.9607,216.12936
3451,GUY,2,2020,7374.2676,797.20197,9.250186
3452,GUY,2,2025,8080.108,814.9648,9.913721
3453,GUY,2,2030,8794.714,828.29004,10.615235
3454,GUY,2,2035,9512.796,840.6818,11.310136
3455,GUY,2,2040,10150.157,851.4933,11.905663
3456,GUY,2,2045,11167.471,861.849,12.9354515
3457,GUY,2,2050,12019.555,871.76245,13.762108
3458,GUY,2,2055,13203.103,881.9036,14.934142
3459,GUY,2,2060,14224.961,891.78796,15.91037
3460,GUY,2,2065,15559.171,900.7094,17.226173
3461,GUY,2,2070,16715.512,907.5988,18.359539
3462,GUY,2,2075,18270.88,912.9921,19.89702
3463,GUY,2,2080,19845.443,916.91345,21.529797
3464,GUY,2,2085,21458.406,919.6748,23.174006
3465,GUY,2,2090,23343.861,921.5057,25.058521
3466,GUY,2,2095,25196.176,921.97205,26.96366
3467,GUY,2,2100,26508.016,919.86646,28.39852
3468,HKG,0,2020,314289.6,7480.9995,42.011707
3469,HKG,0,2025,358184.0,7722.3364,46.38554
3470,HKG,0,2030,422836.28,7872.4707,53.718876
3471,HKG,0,2035,473651.75,7964.4966,59.484463
3472,HKG,0,2040,527983.75,7969.374,66.307014
3473,HKG,0,2045,603011.9,7946.7666,75.95019
3474,HKG,0,2050,676262.56,7907.922,85.62859
3475,HKG,0,2055,762140.7,7859.982,96.978874
3476,HKG,0,2060,851628.6,7797.228,109.16013
3477,HKG,0,2065,926609.75,7724.2935,119.86402
3478,HKG,0,2070,989978.1,7629.8853,129.5847
3479,HKG,0,2075,1085347.5,7536.648,143.56696
3480,HKG,0,2080,1156818.4,7460.135,154.41179
3481,HKG,0,2085,1312004.5,7415.443,176.0887
3482,HKG,0,2090,1385090.5,7392.0684,186.1872
3483,HKG,0,2095,1535249.6,7392.4946,206.34369
3484,HKG,0,2100,1744090.9,7398.89,234.23927
3485,HKG,1,2020,314289.6,7481.0,42.011707
3486,HKG,1,2025,385840.6,7727.683,49.949295
3487,HKG,1,2030,445634.5,7897.113,56.47324
3488,HKG,1,2035,553524.94,7998.7354,69.331055
3489,HKG,1,2040,665960.5,8040.722,83.20615
3490,HKG,1,2045,774045.8,8058.4023,96.75026
3491,HKG,1,2050,946608.6,8066.6606,118.34601
3492,HKG,1,2055,1222524.2,8040.2646,153.50548
3493,HKG,1,2060,1485131.9,7990.9883,188.54129
3494,HKG,1,2065,1758691.1,7964.2896,224.77425
3495,HKG,1,2070,2304538.8,7918.7646,298.33295
3496,HKG,1,2075,3246615.8,7855.6846,423.96002
3497,HKG,1,2080,3200605.5,7824.5454,420.12714
3498,HKG,1,2085,3667565.2,7810.873,483.1913
3499,HKG,1,2090,4180923.2,7835.2983,551.4374
3500,HKG,1,2095,4706212.5,7892.856,616.698
3501,HKG,1,2100,5438452.0,7953.207,707.9665
3502,HKG,2,2020,314289.6,7481.0,42.011707
3503,HKG,2,2025,341041.16,7731.743,44.110565
3504,HKG,2,2030,367265.94,7891.2397,46.54666
3505,HKG,2,2035,382134.9,7989.822,47.84515
3506,HKG,2,2040,401254.94,8000.7197,50.196194
3507,HKG,2,2045,409514.4,7973.3345,51.402496
3508,HKG,2,2050,418800.16,7944.9556,52.735455
3509,HKG,2,2055,420918.7,7899.799,53.254093
3510,HKG,2,2060,436307.53,7840.2817,55.661644
3511,HKG,2,2065,457296.6,7778.543,58.802002
3512,HKG,2,2070,476836.47,7690.487,62.026295
3513,HKG,2,2075,499893.25,7595.7695,65.865105
3514,HKG,2,2080,536202.06,7521.2725,71.31482
3515,HKG,2,2085,574392.0,7474.2646,76.86005
3516,HKG,2,2090,614615.0,7449.5073,82.54449
3517,HKG,2,2095,630210.06,7452.867,84.673195
3518,HKG,2,2100,689325.5,7466.9204,92.30835
3519,HND,0,2020,22476.35,10121.763,2.2205963
3520,HND,0,2025,28714.291,10904.158,2.6332202
3521,HND,0,2030,37778.516,11631.415,3.2472692
3522,HND,0,2035,47798.207,12291.147,3.8877287
3523,HND,0,2040,59239.2,12878.182,4.598659
3524,HND,0,2045,74320.016,13392.657,5.549701
3525,HND,0,2050,93958.71,13833.52,6.7946796
3526,HND,0,2055,111512.984,14196.652,7.859151
3527,HND,0,2060,134743.14,14478.725,9.311588
3528,HND,0,2065,153360.1,14681.15,10.452438
3529,HND,0,2070,181444.31,14798.422,12.270757
3530,HND,0,2075,212011.98,14836.786,14.296981
3531,HND,0,2080,237895.9,14798.6,16.092062
3532,HND,0,2085,274364.34,14688.912,18.695572
3533,HND,0,2090,318744.47,14522.32,21.979235
3534,HND,0,2095,369931.66,14312.66,25.92446
3535,HND,0,2100,430933.34,14067.981,30.690546
3536,HND,1,2020,22476.35,10121.763,2.2205963
3537,HND,1,2025,31355.049,10903.965,2.8752682
3538,HND,1,2030,42152.984,11646.262,3.619103
3539,HND,1,2035,58727.5,12303.278,4.772516
3540,HND,1,2040,79515.805,12889.743,6.165393
3541,HND,1,2045,93375.41,13403.2,6.966697
3542,HND,1,2050,136088.92,13846.914,9.824246
3543,HND,1,2055,162100.81,14207.111,11.396337
3544,HND,1,2060,206485.5,14490.758,14.229976
3545,HND,1,2065,257020.19,14697.858,17.439707
3546,HND,1,2070,367078.28,14819.01,24.624987
3547,HND,1,2075,508983.3,14852.783,34.059204
3548,HND,1,2080,450851.16,14806.008,30.343666
3549,HND,1,2085,561554.3,14687.915,38.060844
3550,HND,1,2090,686192.06,14514.192,47.07587
3551,HND,1,2095,854643.5,14293.5,59.42989
3552,HND,1,2100,988512.5,14033.557,69.81979
3553,HND,2,2020,22476.35,10121.763,2.2205963
3554,HND,2,2025,27394.232,10904.778,2.512096
3555,HND,2,2030,32772.656,11632.984,2.8174338
3556,HND,2,2035,37932.555,12289.268,3.0871527
3557,HND,2,2040,43784.19,12871.41,3.4022532
3558,HND,2,2045,50793.035,13381.955,3.7963932
3559,HND,2,2050,57562.746,13819.906,4.166195
3560,HND,2,2055,66186.15,14177.8,4.6690125
3561,HND,2,2060,74992.836,14454.807,5.1874175
3562,HND,2,2065,84869.37,14654.795,5.790264
3563,HND,2,2070,93607.39,14769.074,6.3406157
3564,HND,2,2075,102564.734,14800.624,6.9307117
3565,HND,2,2080,111992.914,14754.957,7.5935984
3566,HND,2,2085,119205.79,14638.952,8.149743
3567,HND,2,2090,126968.51,14465.589,8.787091
3568,HND,2,2095,135268.52,14250.548,9.509997
3569,HND,2,2100,144878.94,14001.542,10.36115
3570,HRV,0,2020,53640.363,4047.68,13.252126
3571,HRV,0,2025,58482.617,3917.781,14.927378
3572,HRV,0,2030,68072.06,3782.6077,17.99449
3573,HRV,0,2035,75305.586,3646.9216,20.655497
3574,HRV,0,2040,82204.52,3509.4954,23.429993
3575,HRV,0,2045,87983.15,3368.6482,26.11523
3576,HRV,0,2050,95222.23,3231.033,29.479631
3577,HRV,0,2055,106477.51,3096.372,34.400665
3578,HRV,0,2060,121856.56,2964.0322,41.15063
3579,HRV,0,2065,132120.92,2832.8115,46.727
3580,HRV,0,2070,139572.2,2702.9707,51.77483
3581,HRV,0,2075,152018.97,2579.4224,59.0332
3582,HRV,0,2080,159254.86,2467.0137,64.68494
3583,HRV,0,2085,177315.14,2366.2375,75.08191
3584,HRV,0,2090,195991.61,2274.287,86.2686
3585,HRV,0,2095,207120.16,2189.5117,94.64108
3586,HRV,0,2100,228587.92,2108.752,108.41523
3587,HRV,1,2020,53640.363,4047.68,13.252126
3588,HRV,1,2025,62341.676,3919.5146,15.905475
3589,HRV,1,2030,74307.73,3790.5728,19.603563
3590,HRV,1,2035,98299.875,3662.495,26.856537
3591,HRV,1,2040,114222.46,3525.4355,32.40669
3592,HRV,1,2045,119905.164,3383.5586,35.42401
3593,HRV,1,2050,136950.7,3255.0737,42.07176
3594,HRV,1,2055,151310.42,3120.1985,48.522156
3595,HRV,1,2060,179555.22,2993.2014,60.087463
3596,HRV,1,2065,224700.16,2870.4795,78.716095
3597,HRV,1,2070,267496.6,2746.6953,98.29398
3598,HRV,1,2075,326651.22,2626.5232,126.18414
3599,HRV,1,2080,377971.94,2514.2476,152.7095
3600,HRV,1,2085,476326.94,2419.8003,201.19955
3601,HRV,1,2090,563096.25,2336.948,247.70956
3602,HRV,1,2095,627417.06,2263.4417,286.54727
3603,HRV,1,2100,699139.25,2192.5266,332.35913
3604,HRV,2,2020,53640.363,4047.6797,13.252126
3605,HRV,2,2025,56766.555,3915.3596,14.497685
3606,HRV,2,2030,60257.71,3780.213,15.935881
3607,HRV,2,2035,63261.984,3643.5105,17.354872
3608,HRV,2,2040,64058.75,3505.2407,18.267157
3609,HRV,2,2045,65563.29,3361.7559,19.493364
3610,HRV,2,2050,67265.91,3223.831,20.857477
3611,HRV,2,2055,68592.5,3087.1296,22.205
3612,HRV,2,2060,69041.555,2953.0444,23.353933
3613,HRV,2,2065,69784.07,2821.6223,24.728683
3614,HRV,2,2070,69964.63,2692.4238,25.977766
3615,HRV,2,2075,71749.39,2569.3596,27.905043
3616,HRV,2,2080,74840.07,2457.8733,30.422043
3617,HRV,2,2085,77083.94,2358.3225,32.627888
3618,HRV,2,2090,80169.41,2266.353,35.313828
3619,HRV,2,2095,85714.2,2180.5312,39.274685
3620,HRV,2,2100,87262.71,2098.5852,41.559414
3621,HTI,0,2020,15175.849,11306.801,1.3421876
3622,HTI,0,2025,19804.56,11968.22,1.6547518
3623,HTI,0,2030,26762.352,12565.689,2.1298642
3624,HTI,0,2035,33092.81,13096.107,2.5273237
3625,HTI,0,2040,42969.332,13554.056,3.1705365
3626,HTI,0,2045,53837.797,13946.2705,3.8597245
3627,HTI,0,2050,66062.125,14269.601,4.630353
3628,HTI,0,2055,83704.62,14523.539,5.760469
3629,HTI,0,2060,102444.23,14694.603,6.9716144
3630,HTI,0,2065,120507.6,14785.095,8.145966
3631,HTI,0,2070,147457.03,14803.738,9.950538
3632,HTI,0,2075,178119.34,14763.515,12.040766
3633,HTI,0,2080,191825.84,14676.027,13.040086
3634,HTI,0,2085,229344.6,14545.822,15.746762
3635,HTI,0,2090,263450.97,14382.683,18.280388
3636,HTI,0,2095,299447.78,14192.193,21.058268
3637,HTI,0,2100,335757.12,13973.109,23.94508
3638,HTI,1,2020,15175.849,11306.801,1.3421876
3639,HTI,1,2025,21860.059,11970.348,1.8264645
3640,HTI,1,2030,30810.422,12594.478,2.4484644
3641,HTI,1,2035,43299.055,13135.998,3.2994187
3642,HTI,1,2040,58662.53,13611.116,4.3173614
3643,HTI,1,2045,76987.1,14009.799,5.506239
3644,HTI,1,2050,100683.336,14347.505,7.0383816
3645,HTI,1,2055,122490.555,14605.005,8.412526
3646,HTI,1,2060,152570.22,14789.645,10.348178
3647,HTI,1,2065,199463.28,14891.031,13.444821
3648,HTI,1,2070,252065.25,14919.593,16.929909
3649,HTI,1,2075,306350.9,14888.987,20.623518
3650,HTI,1,2080,276889.0,14811.632,18.762035
3651,HTI,1,2085,350129.06,14693.866,23.941025
3652,HTI,1,2090,425858.84,14558.383,29.372555
3653,HTI,1,2095,542699.0,14401.503,37.91391
3654,HTI,1,2100,701390.4,14213.849,49.85683
3655,HTI,2,2020,15175.849,11306.801,1.3421876
3656,HTI,2,2025,18464.738,11966.062,1.5430939
3657,HTI,2,2030,21807.457,12560.461,1.7362019
3658,HTI,2,2035,25700.205,13084.2705,1.9643662
3659,HTI,2,2040,29995.81,13537.461,2.2162392
3660,HTI,2,2045,34882.605,13927.172,2.5050242
3661,HTI,2,2050,40275.93,14250.0625,2.8272564
3662,HTI,2,2055,46166.72,14500.917,3.18468
3663,HTI,2,2060,52494.96,14670.461,3.5784562
3664,HTI,2,2065,58506.79,14757.26,3.9639394
3665,HTI,2,2070,63441.78,14773.607,4.294031
3666,HTI,2,2075,71580.3,14728.196,4.858934
3667,HTI,2,2080,79239.79,14636.869,5.404933
3668,HTI,2,2085,87558.445,14503.284,6.021618
3669,HTI,2,2090,96054.8,14335.983,6.6770363
3670,HTI,2,2095,109555.78,14141.194,7.725265
3671,HTI,2,2100,118416.805,13919.935,8.475527
3672,HUN,0,2020,142601.56,9750.149,14.625577
3673,HUN,0,2025,159133.23,9582.429,16.60671
3674,HUN,0,2030,181932.47,9368.729,19.418316
3675,HUN,0,2035,199597.4,9117.574,21.89101
3676,HUN,0,2040,219437.88,8846.115,24.808252
3677,HUN,0,2045,236515.06,8572.932,27.58588
3678,HUN,0,2050,262465.88,8311.767,31.573515
3679,HUN,0,2055,293372.16,8061.3145,36.379128
3680,HUN,0,2060,328162.84,7816.8228,41.96854
3681,HUN,0,2065,357090.75,7566.842,47.16309
3682,HUN,0,2070,391344.16,7316.5435,53.433823
3683,HUN,0,2075,424734.6,7081.95,59.900707
3684,HUN,0,2080,453743.2,6872.831,65.91386
3685,HUN,0,2085,498270.47,6689.8164,74.358345
3686,HUN,0,2090,545376.9,6524.728,83.30785
3687,HUN,0,2095,598947.6,6371.383,93.61522
3688,HUN,0,2100,651955.56,6231.4375,104.17218
3689,HUN,1,2020,142601.56,9750.149,14.625578
3690,HUN,1,2025,164249.11,9587.456,17.13407
3691,HUN,1,2030,187916.84,9387.388,20.027613
3692,HUN,1,2035,224418.5,9145.373,24.566456
3693,HUN,1,2040,266224.66,8877.617,30.0263
3694,HUN,1,2045,305376.53,8613.602,35.49693
3695,HUN,1,2050,353428.9,8351.191,42.394783
3696,HUN,1,2055,398093.72,8094.3057,49.2701
3697,HUN,1,2060,475313.44,7855.5566,60.61183
3698,HUN,1,2065,595240.94,7616.488,78.34216
3699,HUN,1,2070,710942.4,7370.8735,96.70124
3700,HUN,1,2075,882300.94,7142.401,123.96449
3701,HUN,1,2080,1065769.0,6930.9487,154.55185
3702,HUN,1,2085,1281852.9,6745.9233,190.8139
3703,HUN,1,2090,1493009.8,6591.2183,228.06042
3704,HUN,1,2095,1762210.9,6442.6353,275.45926
3705,HUN,1,2100,2055537.6,6316.414,327.38464
3706,HUN,2,2020,142601.56,9750.149,14.625578
3707,HUN,2,2025,153369.83,9583.232,16.00402
3708,HUN,2,2030,162956.27,9370.586,17.391768
3709,HUN,2,2035,169599.84,9121.165,18.597927
3710,HUN,2,2040,171646.64,8853.536,19.390696
3711,HUN,2,2045,177603.72,8582.517,20.695253
3712,HUN,2,2050,180557.03,8324.76,21.687963
3713,HUN,2,2055,183890.55,8078.094,22.762764
3714,HUN,2,2060,187732.06,7836.47,23.958492
3715,HUN,2,2065,194493.28,7590.4805,25.63657
3716,HUN,2,2070,201699.78,7341.58,27.49587
3717,HUN,2,2075,210614.92,7107.7407,29.664904
3718,HUN,2,2080,219603.88,6899.7075,31.866726
3719,HUN,2,2085,228671.08,6718.903,34.072937
3720,HUN,2,2090,240512.03,6552.853,36.75771
3721,HUN,2,2095,258298.16,6400.5796,40.408817
3722,HUN,2,2100,271241.94,6262.584,43.41843
3723,IDN,0,2020,1041550.1,271857.97,3.831229
3724,IDN,0,2025,1229563.5,285303.22,4.3097463
3725,IDN,0,2030,1485108.8,297257.0,4.99655
3726,IDN,0,2035,1798922.1,307584.97,5.849169
3727,IDN,0,2040,2214747.2,316276.53,7.0038342
3728,IDN,0,2045,2619933.2,323375.84,8.103335
3729,IDN,0,2050,3160330.8,328848.88,9.613365
3730,IDN,0,2055,3783521.2,332825.66,11.36804
3731,IDN,0,2060,4424653.5,335460.53,13.187414
3732,IDN,0,2065,5179086.5,337055.5,15.36249
3733,IDN,0,2070,5792626.0,337890.3,17.13955
3734,IDN,0,2075,6587021.5,338093.62,19.48583
3735,IDN,0,2080,7294897.5,337733.84,21.599974
3736,IDN,0,2085,8205474.0,336677.44,24.393297
3737,IDN,0,2090,9242795.0,335039.9,27.585424
3738,IDN,0,2095,10711997.0,332867.0,32.152477
3739,IDN,0,2100,12245201.0,330172.53,37.054607
3740,IDN,1,2020,1041550.1,271857.97,3.831229
3741,IDN,1,2025,1339072.4,285345.72,4.6929646
3742,IDN,1,2030,1683287.9,297161.5,5.6653953
3743,IDN,1,2035,2172717.2,306874.03,7.083164
3744,IDN,1,2040,2795374.5,314936.75,8.881263
3745,IDN,1,2045,3113919.8,321541.53,9.696218
3746,IDN,1,2050,3692226.0,326508.1,11.315543
3747,IDN,1,2055,4820156.5,329987.78,14.604338
3748,IDN,1,2060,6192692.0,332274.6,18.625689
3749,IDN,1,2065,8163869.0,333401.56,24.461315
3750,IDN,1,2070,11167568.0,333855.94,33.41607
3751,IDN,1,2075,16461657.0,333765.2,49.155388
3752,IDN,1,2080,15345873.0,333101.56,45.90664
3753,IDN,1,2085,19194548.0,331567.97,57.627167
3754,IDN,1,2090,23664368.0,329544.1,71.38308
3755,IDN,1,2095,27162104.0,326961.2,82.812164
3756,IDN,1,2100,30113110.0,323568.8,92.91364
3757,IDN,2,2020,1041550.2,271857.97,3.8312287
3758,IDN,2,2025,1209950.1,285297.1,4.2409554
3759,IDN,2,2030,1357069.9,297196.34,4.56602
3760,IDN,2,2035,1458009.8,307503.16,4.7411237
3761,IDN,2,2040,1621375.8,316132.8,5.1286964
3762,IDN,2,2045,1774710.9,323108.12,5.49196
3763,IDN,2,2050,1906821.8,328536.62,5.8026867
3764,IDN,2,2055,2038503.1,332463.56,6.1290708
3765,IDN,2,2060,2222419.8,335080.78,6.6278124
3766,IDN,2,2065,2437257.5,336688.28,7.231416
3767,IDN,2,2070,2553868.0,337519.06,7.5602684
3768,IDN,2,2075,2721250.0,337717.06,8.047795
3769,IDN,2,2080,2883760.2,337307.56,8.539537
3770,IDN,2,2085,3150645.0,336189.56,9.357274
3771,IDN,2,2090,3469110.8,334442.03,10.346682
3772,IDN,2,2095,3713840.2,332151.0,11.15122
3773,IDN,2,2100,3989598.2,329376.34,12.072774
3774,IND,0,2020,2566634.2,1396387.1,1.8380536
3775,IND,0,2025,3049450.5,1462825.4,2.0846238
3776,IND,0,2030,3667954.2,1522876.5,2.408613
3777,IND,0,2035,4360219.5,1574660.1,2.7691236
3778,IND,0,2040,5231776.5,1616034.0,3.2375674
3779,IND,0,2045,6162365.0,1646725.8,3.742364
3780,IND,0,2050,7312792.5,1667973.5,4.3845005
3781,IND,0,2055,8337475.5,1680346.1,4.9612875
3782,IND,0,2060,9716189.0,1684339.0,5.767538
3783,IND,0,2065,11125924.0,1679871.2,6.620337
3784,IND,0,2070,12494004.0,1667810.5,7.4863024
3785,IND,0,2075,13964660.0,1649493.4,8.463452
3786,IND,0,2080,15272438.0,1625923.5,9.38454
3787,IND,0,2085,17147618.0,1598942.4,10.709999
3788,IND,0,2090,19173666.0,1569851.9,12.206691
3789,IND,0,2095,21794984.0,1539271.8,14.169242
3790,IND,0,2100,24659122.0,1507428.8,16.378323
3791,IND,1,2020,2566634.2,1396387.1,1.8380537
3792,IND,1,2025,3298588.8,1462733.1,2.255131
3793,IND,1,2030,3956443.5,1523027.6,2.5982559
3794,IND,1,2035,5094642.5,1575165.4,3.2350388
3795,IND,1,2040,6997060.5,1617121.0,4.327148
3796,IND,1,2045,8525985.0,1649625.0,5.171347
3797,IND,1,2050,11404830.0,1672195.0,6.828637
3798,IND,1,2055,14469570.0,1686995.0,8.597471
3799,IND,1,2060,17990282.0,1693490.4,10.664024
3800,IND,1,2065,24462420.0,1691388.4,14.52839
3801,IND,1,2070,29338694.0,1680794.1,17.560581
3802,IND,1,2075,40168748.0,1662684.1,24.327099
3803,IND,1,2080,36559976.0,1639019.8,22.51646
3804,IND,1,2085,45040200.0,1612951.1,28.219229
3805,IND,1,2090,55076724.0,1585036.2,35.12848
3806,IND,1,2095,66396160.0,1555699.0,43.21125
3807,IND,1,2100,76054410.0,1524763.4,50.761417
3808,IND,2,2020,2566634.2,1396387.1,1.8380535
3809,IND,2,2025,2994802.2,1462642.1,2.047537
3810,IND,2,2030,3306168.0,1522150.9,2.171917
3811,IND,2,2035,3619966.2,1573236.2,2.3007739
3812,IND,2,2040,3988334.8,1613969.2,2.470458
3813,IND,2,2045,4476217.0,1643832.2,2.7223148
3814,IND,2,2050,4877715.0,1664468.6,2.929892
3815,IND,2,2055,5186610.5,1676311.6,3.0929592
3816,IND,2,2060,5672106.5,1679763.0,3.3744986
3817,IND,2,2065,6062866.5,1674798.6,3.6154273
3818,IND,2,2070,6367910.5,1662192.6,3.8250897
3819,IND,2,2075,6707813.0,1643295.8,4.0762362
3820,IND,2,2080,7088472.0,1619401.6,4.3699064
3821,IND,2,2085,7692837.5,1592066.6,4.8263063
3822,IND,2,2090,8233185.0,1562909.4,5.259556
3823,IND,2,2095,8740204.0,1532267.6,5.6940765
3824,IND,2,2100,9182981.0,1500521.1,6.109491
3825,IRL,0,2020,401401.8,4985.382,80.51576
3826,IRL,0,2025,460128.16,5167.8784,89.044914
3827,IRL,0,2030,544064.0,5287.414,102.91438
3828,IRL,0,2035,615702.25,5377.134,114.50687
3829,IRL,0,2040,714239.44,5450.523,131.10788
3830,IRL,0,2045,805018.0,5504.9937,146.21417
3831,IRL,0,2050,910489.4,5532.053,164.5439
3832,IRL,0,2055,1022945.5,5528.8467,184.94112
3833,IRL,0,2060,1147283.6,5488.5356,208.83342
3834,IRL,0,2065,1268099.4,5424.2637,233.38644
3835,IRL,0,2070,1408273.5,5354.482,262.88278
3836,IRL,0,2075,1587193.8,5296.2017,299.7133
3837,IRL,0,2080,1701849.0,5239.3193,324.69553
3838,IRL,0,2085,1867801.0,5185.056,360.10583
3839,IRL,0,2090,2012228.6,5124.6562,391.9659
3840,IRL,0,2095,2286893.0,5061.266,451.15875
3841,IRL,0,2100,2543346.5,4984.2607,508.61276
3842,IRL,1,2020,401401.8,4985.382,80.51576
3843,IRL,1,2025,469760.3,5162.971,90.97505
3844,IRL,1,2030,549095.25,5276.6733,104.01334
3845,IRL,1,2035,600200.5,5351.8213,111.92247
3846,IRL,1,2040,709748.5,5411.6675,130.59805
3847,IRL,1,2045,860689.5,5445.063,157.199
3848,IRL,1,2050,1064841.9,5453.989,193.95016
3849,IRL,1,2055,1254389.4,5426.9756,229.10533
3850,IRL,1,2060,1532142.0,5388.0635,281.66812
3851,IRL,1,2065,1807808.1,5341.8325,333.36032
3852,IRL,1,2070,2215420.5,5261.9565,415.11673
3853,IRL,1,2075,2585419.5,5191.883,489.8719
3854,IRL,1,2080,3082897.5,5131.1016,588.4593
3855,IRL,1,2085,3670929.2,5064.0366,705.90314
3856,IRL,1,2090,4218953.0,4994.159,817.2732
3857,IRL,1,2095,4804465.0,4927.518,945.6523
3858,IRL,1,2100,5283829.5,4839.895,1059.3628
3859,IRL,2,2020,401401.8,4985.382,80.51576
3860,IRL,2,2025,441180.78,5165.4106,85.415054
3861,IRL,2,2030,467702.72,5279.408,88.62619
3862,IRL,2,2035,488917.5,5366.916,91.14762
3863,IRL,2,2040,520131.22,5443.1904,95.63547
3864,IRL,2,2045,546293.3,5497.63,99.546165
3865,IRL,2,2050,582972.3,5524.0146,105.700615
3866,IRL,2,2055,601974.06,5514.682,109.28473
3867,IRL,2,2060,632368.25,5474.426,115.7479
3868,IRL,2,2065,647396.56,5410.8335,119.9164
3869,IRL,2,2070,663851.6,5338.805,124.45771
3870,IRL,2,2075,704218.3,5280.928,133.53035
3871,IRL,2,2080,755000.75,5224.9087,144.48018
3872,IRL,2,2085,775165.94,5172.5044,149.57378
3873,IRL,2,2090,821504.2,5114.163,159.96674
3874,IRL,2,2095,872918.94,5049.7417,172.68713
3875,IRL,2,2100,937421.44,4973.996,187.8049
3876,IRN,0,2020,454833.62,87290.195,5.2105923
3877,IRN,0,2025,551859.44,92397.07,5.972664
3878,IRN,0,2030,713893.06,96770.32,7.376019
3879,IRN,0,2035,873299.6,100547.93,8.684258
3880,IRN,0,2040,1099005.1,104087.8,10.554904
3881,IRN,0,2045,1405145.0,107376.766,13.084746
3882,IRN,0,2050,1663811.5,110446.97,15.060327
3883,IRN,0,2055,1932765.2,112898.69,17.11149
3884,IRN,0,2060,2165085.5,114416.625,18.904932
3885,IRN,0,2065,2522356.0,115093.43,21.900047
3886,IRN,0,2070,2852834.0,115215.2,24.723267
3887,IRN,0,2075,3449330.2,115147.65,29.878372
3888,IRN,0,2080,3845039.5,115211.77,33.25464
3889,IRN,0,2085,4251135.5,115598.26,36.616543
3890,IRN,0,2090,4798386.5,116164.04,41.15405
3891,IRN,0,2095,5421566.0,116599.01,46.258488
3892,IRN,0,2100,6126132.0,116851.695,52.16097
3893,IRN,1,2020,454833.62,87290.195,5.2105923
3894,IRN,1,2025,568066.4,92329.74,6.1523976
3895,IRN,1,2030,740408.3,96546.82,7.6665835
3896,IRN,1,2035,929251.9,100249.21,9.269004
3897,IRN,1,2040,1163648.0,103508.76,11.238205
3898,IRN,1,2045,1414439.9,106445.914,13.284644
3899,IRN,1,2050,1972405.9,109284.125,17.995214
3900,IRN,1,2055,2299344.0,111448.5,20.594042
3901,IRN,1,2060,2853494.5,112759.06,25.23355
3902,IRN,1,2065,3235695.8,113307.766,28.512623
3903,IRN,1,2070,4237247.5,113282.64,37.245033
3904,IRN,1,2075,5527138.0,112917.555,48.76207
3905,IRN,1,2080,6450752.0,112918.65,56.77516
3906,IRN,1,2085,7587602.0,113163.805,66.79377
3907,IRN,1,2090,9289507.0,113315.06,81.82387
3908,IRN,1,2095,10346188.0,113119.36,91.088806
3909,IRN,1,2100,11605750.0,112894.84,102.49125
3910,IRN,2,2020,454833.62,87290.195,5.2105923
3911,IRN,2,2025,542174.94,92378.05,5.8693357
3912,IRN,2,2030,651771.3,96692.42,6.7414865
3913,IRN,2,2035,735665.0,100380.41,7.331612
3914,IRN,2,2040,792434.2,103856.09,7.6313834
3915,IRN,2,2045,943894.75,107077.305,8.812141
3916,IRN,2,2050,1033415.25,109984.0,9.392724
3917,IRN,2,2055,1141100.4,112306.44,10.152192
3918,IRN,2,2060,1242307.0,113728.76,10.926229
3919,IRN,2,2065,1380690.1,114351.836,12.075958
3920,IRN,2,2070,1459986.9,114393.95,12.754906
3921,IRN,2,2075,1693517.2,114222.35,14.801852
3922,IRN,2,2080,1834820.5,114223.766,16.032484
3923,IRN,2,2085,1859660.5,114573.36,16.208384
3924,IRN,2,2090,1949618.0,115072.05,16.927586
3925,IRN,2,2095,2102031.2,115405.08,18.13783
3926,IRN,2,2100,2195233.0,115574.59,18.880148
3927,IRQ,0,2020,179878.83,42556.984,4.2267756
3928,IRQ,0,2025,237223.78,47455.875,4.99868
3929,IRQ,0,2030,316605.8,52460.96,6.035765
3930,IRQ,0,2035,399692.78,57493.207,6.953753
3931,IRQ,0,2040,496142.5,62602.406,7.9286203
3932,IRQ,0,2045,651445.3,67720.445,9.619186
3933,IRQ,0,2050,793350.9,72791.29,10.904071
3934,IRQ,0,2055,995113.06,77650.875,12.819266
3935,IRQ,0,2060,1259314.9,82336.81,15.317866
3936,IRQ,0,2065,1492207.4,86847.766,17.213701
3937,IRQ,0,2070,1769325.2,91134.89,19.455454
3938,IRQ,0,2075,2058888.4,95004.27,21.69025
3939,IRQ,0,2080,2219940.2,98677.55,22.526592
3940,IRQ,0,2085,2526991.2,102046.23,24.867977
3941,IRQ,0,2090,2875385.5,105269.125,27.431093
3942,IRQ,0,2095,3464303.2,108126.51,32.310104
3943,IRQ,0,2100,4025559.8,110862.94,36.691097
3944,IRQ,1,2020,179878.83,42556.984,4.2267756
3945,IRQ,1,2025,273794.7,47467.938,5.768685
3946,IRQ,1,2030,341031.8,52543.473,6.492627
3947,IRQ,1,2035,534029.56,57530.465,9.272597
3948,IRQ,1,2040,763366.0,62651.836,12.154437
3949,IRQ,1,2045,920433.2,67860.93,13.531828
3950,IRQ,1,2050,1233896.0,72893.93,16.875816
3951,IRQ,1,2055,1505615.4,77939.414,19.274199
3952,IRQ,1,2060,1994106.4,83033.555,23.97207
3953,IRQ,1,2065,3149158.0,87981.63,35.77828
3954,IRQ,1,2070,3978226.8,92664.586,42.90312
3955,IRQ,1,2075,4737525.0,96783.24,48.85305
3956,IRQ,1,2080,4736002.5,100739.33,46.98182
3957,IRQ,1,2085,6150192.5,104523.38,58.955242
3958,IRQ,1,2090,7894820.0,108090.05,72.94669
3959,IRQ,1,2095,9386988.0,111421.96,83.988014
3960,IRQ,1,2100,11084840.0,114877.44,95.94703
3961,IRQ,2,2020,179878.83,42556.984,4.2267756
3962,IRQ,2,2025,221993.89,47433.387,4.680206
3963,IRQ,2,2030,266668.38,52407.555,5.088204
3964,IRQ,2,2035,320290.12,57457.598,5.5759196
3965,IRQ,2,2040,373517.34,62603.6,5.964813
3966,IRQ,2,2045,443716.9,67719.12,6.5474815
3967,IRQ,2,2050,515599.47,72731.234,7.084713
3968,IRQ,2,2055,602320.6,77534.84,7.766009
3969,IRQ,2,2060,684674.9,82194.375,8.327126
3970,IRQ,2,2065,789896.9,86656.86,9.12804
3971,IRQ,2,2070,878344.44,90873.04,9.678243
3972,IRQ,2,2075,984486.44,94654.5,10.43985
3973,IRQ,2,2080,1082499.0,98190.96,11.0231695
3974,IRQ,2,2085,1160511.9,101388.67,11.45771
3975,IRQ,2,2090,1303780.6,104435.58,12.506368
3976,IRQ,2,2095,1413765.8,107206.445,13.197846
3977,IRQ,2,2100,1609127.0,109796.836,14.662315
3978,ISL,0,2020,19494.238,366.463,53.195652
3979,ISL,0,2025,22073.447,375.74576,58.748158
3980,ISL,0,2030,25686.416,382.79803,67.10889
3981,ISL,0,2035,29052.371,387.8527,74.922066
3982,ISL,0,2040,33487.45,390.7889,85.699585
3983,ISL,0,2045,38421.723,391.66098,98.10518
3984,ISL,0,2050,43359.223,391.0195,110.90964
3985,ISL,0,2055,49236.766,388.95795,126.64474
3986,ISL,0,2060,54945.81,385.8865,142.50475
3987,ISL,0,2065,61274.21,382.173,160.42921
3988,ISL,0,2070,68011.29,377.712,180.16347
3989,ISL,0,2075,76237.26,372.73154,204.71443
3990,ISL,0,2080,82703.375,366.57126,225.94354
3991,ISL,0,2085,91241.81,359.76758,253.99663
3992,ISL,0,2090,98049.24,352.70642,278.6215
3993,ISL,0,2095,107911.8,345.77618,312.85162
3994,ISL,0,2100,117472.97,339.16556,347.26413
3995,ISL,1,2020,19494.238,366.463,53.195652
3996,ISL,1,2025,22697.951,376.3897,60.30946
3997,ISL,1,2030,27652.99,383.40274,72.13925
3998,ISL,1,2035,33880.24,388.6631,87.25767
3999,ISL,1,2040,41176.508,392.38882,105.14526
4000,ISL,1,2045,50111.945,393.80508,127.60385
4001,ISL,1,2050,63960.45,394.25015,162.98015
4002,ISL,1,2055,76301.34,393.11862,195.17929
4003,ISL,1,2060,90349.32,390.44656,232.98055
4004,ISL,1,2065,108827.586,387.88223,283.6478
4005,ISL,1,2070,131730.56,384.20493,347.87097
4006,ISL,1,2075,156648.9,380.08124,419.72614
4007,ISL,1,2080,186018.89,375.3458,506.64133
4008,ISL,1,2085,215182.5,370.16983,597.5279
4009,ISL,1,2090,254598.83,365.04828,720.99695
4010,ISL,1,2095,282685.66,359.88605,814.44763
4011,ISL,1,2100,318106.62,355.0558,937.4832
4012,ISL,2,2020,19494.238,366.463,53.19565
4013,ISL,2,2025,21369.754,375.7141,56.876366
4014,ISL,2,2030,23047.875,382.5389,60.24627
4015,ISL,2,2035,24047.748,387.20343,62.097275
4016,ISL,2,2040,25221.26,389.6671,64.71082
4017,ISL,2,2045,26564.133,390.12482,68.0647
4018,ISL,2,2050,28099.63,389.21997,72.14687
4019,ISL,2,2055,29400.854,386.924,75.916374
4020,ISL,2,2060,30649.152,383.5887,79.8142
4021,ISL,2,2065,32612.166,379.74338,85.74609
4022,ISL,2,2070,33953.027,375.02917,90.3737
4023,ISL,2,2075,35872.38,369.76907,96.80272
4024,ISL,2,2080,37570.316,363.47192,103.156654
4025,ISL,2,2085,38826.61,356.40515,108.690865
4026,ISL,2,2090,40598.23,349.1685,115.936516
4027,ISL,2,2095,41396.992,342.04578,120.74473
4028,ISL,2,2100,42362.15,335.23947,126.110664
4029,ISR,0,2020,356558.97,9215.1,38.692905
4030,ISR,0,2025,423618.22,9920.312,42.703682
4031,ISR,0,2030,521668.84,10634.4375,49.042366
4032,ISR,0,2035,624158.1,11372.705,54.86211
4033,ISR,0,2040,756073.44,12140.693,62.260826
4034,ISR,0,2045,916821.75,12913.613,70.9394
4035,ISR,0,2050,1120727.1,13710.022,81.66037
4036,ISR,0,2055,1354227.0,14498.19,93.25599
4037,ISR,0,2060,1627887.8,15257.162,106.491066
4038,ISR,0,2065,1911576.9,16019.932,119.18494
4039,ISR,0,2070,2204672.5,16775.47,131.22714
4040,ISR,0,2075,2628442.5,17515.875,149.7287
4041,ISR,0,2080,3051524.2,18236.383,167.05293
4042,ISR,0,2085,3551376.0,18933.85,187.25435
4043,ISR,0,2090,4065060.0,19595.043,206.58856
4044,ISR,0,2095,4723415.5,20243.76,232.00182
4045,ISR,0,2100,5475555.5,20855.768,260.8818
4046,ISR,1,2020,356558.97,9215.1,38.692905
4047,ISR,1,2025,441324.66,9947.328,44.370293
4048,ISR,1,2030,556348.56,10706.987,51.958405
4049,ISR,1,2035,697032.5,11499.219,60.66869
4050,ISR,1,2040,897681.75,12332.224,73.08646
4051,ISR,1,2045,1115890.9,13255.133,84.767136
4052,ISR,1,2050,1462973.0,14171.908,104.28561
4053,ISR,1,2055,1848498.1,15066.458,124.42203
4054,ISR,1,2060,2366099.8,15907.538,150.91269
4055,ISR,1,2065,3167807.2,16696.736,193.14662
4056,ISR,1,2070,4203142.5,17449.787,244.80312
4057,ISR,1,2075,5790529.0,18224.684,323.99176
4058,ISR,1,2080,7507633.5,19000.654,403.29318
4059,ISR,1,2085,8875117.0,19873.367,457.69128
4060,ISR,1,2090,10805248.0,20721.018,536.1649
4061,ISR,1,2095,12476815.0,21598.006,595.04517
4062,ISR,1,2100,14837312.0,22527.088,683.6947
4063,ISR,2,2020,356558.97,9215.1,38.692905
4064,ISR,2,2025,413410.75,9919.457,41.67526
4065,ISR,2,2030,472378.7,10629.731,44.437664
4066,ISR,2,2035,529839.5,11372.45,46.5856
4067,ISR,2,2040,599124.2,12133.949,49.364513
4068,ISR,2,2045,677787.06,12904.775,52.496204
4069,ISR,2,2050,758610.94,13694.318,55.367264
4070,ISR,2,2055,856712.25,14475.9,59.131607
4071,ISR,2,2060,956231.44,15227.775,62.713642
4072,ISR,2,2065,1085785.5,15977.809,67.859215
4073,ISR,2,2070,1192297.2,16715.934,71.16099
4074,ISR,2,2075,1339516.5,17449.031,76.58799
4075,ISR,2,2080,1495762.6,18161.41,82.18969
4076,ISR,2,2085,1649700.5,18847.646,87.271996
4077,ISR,2,2090,1826611.9,19519.412,93.16203
4078,ISR,2,2095,2023696.1,20171.326,99.69215
4079,ISR,2,2100,2233292.8,20806.496,106.49755
4080,ITA,0,2020,1769624.6,59438.85,29.772188
4081,ITA,0,2025,1940818.8,58895.94,32.95477
4082,ITA,0,2030,2189030.8,58141.703,37.651123
4083,ITA,0,2035,2424810.8,57288.26,42.326347
4084,ITA,0,2040,2689019.5,56339.395,47.7273
4085,ITA,0,2045,3026969.5,55156.93,54.877808
4086,ITA,0,2050,3428084.5,53715.11,63.816227
4087,ITA,0,2055,3825470.2,51991.727,73.591774
4088,ITA,0,2060,4217418.5,50116.61,84.19733
4089,ITA,0,2065,4524625.0,48258.977,93.85565
4090,ITA,0,2070,4833891.0,46603.29,103.916275
4091,ITA,0,2075,5345056.0,45155.035,118.60786
4092,ITA,0,2080,5799921.0,43929.094,132.319
4093,ITA,0,2085,6258255.5,42829.59,146.62535
4094,ITA,0,2090,6773214.5,41804.832,162.83469
4095,ITA,0,2095,7500553.5,40843.375,184.73163
4096,ITA,0,2100,8189596.0,39919.875,206.38272
4097,ITA,1,2020,1769624.6,59438.85,29.772188
4098,ITA,1,2025,1990916.5,58913.785,33.798374
4099,ITA,1,2030,2297444.2,58165.652,39.507816
4100,ITA,1,2035,2729126.8,57383.133,47.601646
4101,ITA,1,2040,3227130.0,56527.758,57.14747
4102,ITA,1,2045,3837183.5,55461.516,69.30123
4103,ITA,1,2050,4707591.5,54141.68,87.130554
4104,ITA,1,2055,5645093.0,52537.88,107.775536
4105,ITA,1,2060,6600496.5,50780.844,130.34001
4106,ITA,1,2065,8222597.0,48999.18,168.61494
4107,ITA,1,2070,10006165.0,47346.445,212.3447
4108,ITA,1,2075,12013069.0,45866.2,263.5183
4109,ITA,1,2080,14000578.0,44607.16,315.57352
4110,ITA,1,2085,16189047.0,43525.01,373.7477
4111,ITA,1,2090,18346512.0,42508.656,433.4159
4112,ITA,1,2095,20309496.0,41581.734,490.80472
4113,ITA,1,2100,22056118.0,40675.54,544.583
4114,ITA,2,2020,1769624.5,59438.85,29.77219
4115,ITA,2,2025,1866548.1,58912.742,31.683292
4116,ITA,2,2030,1953198.6,58199.285,33.56095
4117,ITA,2,2035,2024302.2,57374.973,35.284714
4118,ITA,2,2040,2102949.8,56451.98,37.260334
4119,ITA,2,2045,2209907.0,55312.457,39.97204
4120,ITA,2,2050,2278751.0,53906.7,42.311436
4121,ITA,2,2055,2326445.8,52208.76,44.616066
4122,ITA,2,2060,2373128.8,50350.402,47.191586
4123,ITA,2,2065,2444009.0,48512.63,50.43836
4124,ITA,2,2070,2499230.5,46877.918,53.376846
4125,ITA,2,2075,2630264.5,45432.375,57.971924
4126,ITA,2,2080,2690757.0,44206.203,60.93505
4127,ITA,2,2085,2789427.0,43128.008,64.73705
4128,ITA,2,2090,2943506.8,42124.594,69.87805
4129,ITA,2,2095,3043353.8,41168.574,73.90743
4130,ITA,2,2100,3144882.5,40240.55,78.16279
4131,JAM,0,2020,13634.495,2820.436,4.83418
4132,JAM,0,2025,16111.032,2873.6206,5.6065693
4133,JAM,0,2030,19499.686,2912.913,6.693897
4134,JAM,0,2035,22511.6,2941.5427,7.6520004
4135,JAM,0,2040,26735.406,2953.9727,9.050309
4136,JAM,0,2045,31891.043,2958.0981,10.777735
4137,JAM,0,2050,36554.277,2951.0747,12.382737
4138,JAM,0,2055,42183.727,2938.0889,14.368187
4139,JAM,0,2060,48754.07,2923.25,16.692808
4140,JAM,0,2065,55003.516,2898.8633,18.996477
4141,JAM,0,2070,61792.918,2866.6042,21.580769
4142,JAM,0,2075,70500.51,2827.1362,24.945282
4143,JAM,0,2080,75888.266,2778.5574,27.325027
4144,JAM,0,2085,83389.85,2729.5745,30.599432
4145,JAM,0,2090,94584.48,2684.5574,35.259308
4146,JAM,0,2095,104810.836,2640.6707,39.677258
4147,JAM,0,2100,121098.266,2596.358,46.565666
4148,JAM,1,2020,13634.495,2820.436,4.83418
4149,JAM,1,2025,17037.52,2883.3716,5.9093513
4150,JAM,1,2030,21954.268,2930.5413,7.5007443
4151,JAM,1,2035,28681.904,2963.1262,9.708913
4152,JAM,1,2040,35337.543,2980.4336,11.90885
4153,JAM,1,2045,43574.742,2998.8008,14.6293745
4154,JAM,1,2050,53475.48,3010.0857,17.92736
4155,JAM,1,2055,63518.535,3016.5103,21.31164
4156,JAM,1,2060,80586.94,3025.1543,27.038664
4157,JAM,1,2065,102980.06,3022.8767,34.710728
4158,JAM,1,2070,126669.87,3005.698,43.065594
4159,JAM,1,2075,161053.39,2982.6062,55.473656
4160,JAM,1,2080,173338.14,2952.6873,60.541595
4161,JAM,1,2085,210254.61,2923.3457,74.57134
4162,JAM,1,2090,266633.44,2902.0735,95.49873
4163,JAM,1,2095,330132.28,2886.2832,119.757576
4164,JAM,1,2100,375825.4,2876.3943,137.89093
4165,JAM,2,2020,13634.495,2820.436,4.83418
4166,JAM,2,2025,15025.171,2875.8997,5.2242966
4167,JAM,2,2030,16623.799,2917.0005,5.7003264
4168,JAM,2,2035,18389.195,2947.4307,6.2416043
4169,JAM,2,2040,20173.861,2962.504,6.8111186
4170,JAM,2,2045,22401.557,2968.2493,7.545722
4171,JAM,2,2050,24387.996,2962.3296,8.230999
4172,JAM,2,2055,26275.637,2950.2146,8.906651
4173,JAM,2,2060,28347.709,2934.2405,9.669358
4174,JAM,2,2065,31163.566,2911.2822,10.713026
4175,JAM,2,2070,33279.07,2881.561,11.554025
4176,JAM,2,2075,35167.125,2843.2017,12.370855
4177,JAM,2,2080,38022.387,2796.4766,13.619844
4178,JAM,2,2085,41734.363,2747.679,15.195708
4179,JAM,2,2090,43656.29,2703.7466,16.127665
4180,JAM,2,2095,48146.586,2659.5933,18.104794
4181,JAM,2,2100,52004.227,2616.2598,19.822285
4182,JOR,0,2020,41921.836,10928.721,3.8359325
4183,JOR,0,2025,56129.2,12017.54,4.6701703
4184,JOR,0,2030,73237.516,13203.932,5.5438724
4185,JOR,0,2035,96031.0,14409.622,6.6555114
4186,JOR,0,2040,128624.51,15620.111,8.223518
4187,JOR,0,2045,168524.58,16759.504,10.036866
4188,JOR,0,2050,215421.0,17896.557,12.025876
4189,JOR,0,2055,270643.6,18879.783,14.27769
4190,JOR,0,2060,335639.6,19761.225,16.895597
4191,JOR,0,2065,397896.0,20642.594,19.18672
4192,JOR,0,2070,468983.44,21522.27,21.675177
4193,JOR,0,2075,541844.4,22266.65,24.273605
4194,JOR,0,2080,596855.44,22881.457,26.017353
4195,JOR,0,2085,697907.2,23454.123,29.734243
4196,JOR,0,2090,805276.7,23908.797,33.86878
4197,JOR,0,2095,997817.4,24369.412,41.2345
4198,JOR,0,2100,1209260.6,24974.186,48.642433
4199,JOR,1,2020,41921.836,10928.721,3.8359323
4200,JOR,1,2025,63827.88,12020.6,5.317349
4201,JOR,1,2030,90198.11,13195.752,6.851272
4202,JOR,1,2035,128343.13,14248.2,9.03156
4203,JOR,1,2040,182232.11,15588.032,11.717951
4204,JOR,1,2045,242378.38,16747.635,14.541126
4205,JOR,1,2050,294137.3,17882.701,16.50873
4206,JOR,1,2055,398242.06,19004.588,21.223278
4207,JOR,1,2060,438085.6,20021.22,22.08563
4208,JOR,1,2065,559224.7,21104.291,26.978016
4209,JOR,1,2070,767596.6,22131.328,35.058502
4210,JOR,1,2075,1177982.6,22881.066,52.17104
4211,JOR,1,2080,1154209.1,23742.604,49.48669
4212,JOR,1,2085,1475194.5,24650.271,61.530064
4213,JOR,1,2090,1891218.0,25280.146,77.61154
4214,JOR,1,2095,2436721.2,26020.617,97.35216
4215,JOR,1,2100,3137333.0,26718.0,122.41888
4216,JOR,2,2020,41921.836,10928.721,3.8359325
4217,JOR,2,2025,51627.957,11994.533,4.3038316
4218,JOR,2,2030,65680.36,13171.051,4.983328
4219,JOR,2,2035,79740.63,14382.735,5.5391965
4220,JOR,2,2040,94089.89,15576.815,6.0378494
4221,JOR,2,2045,116120.34,16704.994,6.9481964
4222,JOR,2,2050,135843.5,17803.574,7.628792
4223,JOR,2,2055,159169.77,18781.477,8.466032
4224,JOR,2,2060,177563.95,19644.818,9.032666
4225,JOR,2,2065,207122.16,20529.414,10.095971
4226,JOR,2,2070,233369.48,21372.742,10.9252825
4227,JOR,2,2075,269888.94,22117.451,12.210518
4228,JOR,2,2080,308983.66,22751.602,13.575159
4229,JOR,2,2085,327842.2,23330.736,14.039332
4230,JOR,2,2090,391009.8,23819.334,16.363401
4231,JOR,2,2095,446614.6,24295.332,18.272886
4232,JOR,2,2100,461270.0,24862.395,18.400198
4233,JPN,0,2020,4428112.5,126261.0,35.071102
4234,JPN,0,2025,4914346.5,123866.35,39.67514
4235,JPN,0,2030,5490764.0,120831.96,45.44159
4236,JPN,0,2035,5883923.0,117401.14,50.11562
4237,JPN,0,2040,6540601.5,113684.8,57.527546
4238,JPN,0,2045,7170783.0,109888.83,65.24649
4239,JPN,0,2050,7994650.5,106173.94,75.29361
4240,JPN,0,2055,8680666.0,102471.86,84.71533
4241,JPN,0,2060,9581066.0,98706.945,97.08384
4242,JPN,0,2065,10352813.0,94793.62,109.2385
4243,JPN,0,2070,10740893.0,90895.305,118.246925
4244,JPN,0,2075,11755506.0,87259.18,134.7887
4245,JPN,0,2080,12406537.0,84069.195,147.67856
4246,JPN,0,2085,13576984.0,81322.875,166.93471
4247,JPN,0,2090,14381880.0,78849.1,182.40556
4248,JPN,0,2095,15531068.0,76585.94,202.79373
4249,JPN,0,2100,16772675.0,74426.414,225.32985
4250,JPN,1,2020,4428112.5,126261.0,35.071102
4251,JPN,1,2025,4933373.0,123783.62,39.856033
4252,JPN,1,2030,5675360.0,120701.27,47.01492
4253,JPN,1,2035,6547709.5,117181.52,55.850204
4254,JPN,1,2040,7842754.0,113418.305,69.11457
4255,JPN,1,2045,9226867.0,109511.73,84.17271
4256,JPN,1,2050,10719146.0,105731.27,101.23275
4257,JPN,1,2055,12105520.0,102010.07,118.40644
4258,JPN,1,2060,14711281.0,98236.94,149.35358
4259,JPN,1,2065,17996396.0,94328.96,190.35858
4260,JPN,1,2070,22107688.0,90423.66,243.74889
4261,JPN,1,2075,26649126.0,86771.77,306.3393
4262,JPN,1,2080,30577684.0,83549.17,365.56888
4263,JPN,1,2085,33671692.0,80717.984,416.99265
4264,JPN,1,2090,36689170.0,78165.336,469.57993
4265,JPN,1,2095,42433376.0,75895.625,559.704
4266,JPN,1,2100,48694892.0,73701.91,661.8635
4267,JPN,2,2020,4428112.5,126261.01,35.071102
4268,JPN,2,2025,4661524.0,123866.15,37.632984
4269,JPN,2,2030,4742421.0,120833.68,39.24714
4270,JPN,2,2035,4882809.5,117377.69,41.59775
4271,JPN,2,2040,4996569.0,113623.23,43.97124
4272,JPN,2,2045,5124835.5,109804.19,46.674797
4273,JPN,2,2050,5209077.5,106077.445,49.106457
4274,JPN,2,2055,5378376.0,102375.66,52.52898
4275,JPN,2,2060,5468706.0,98610.086,55.45478
4276,JPN,2,2065,5512889.0,94704.78,58.21986
4277,JPN,2,2070,5551738.5,90801.41,61.161526
4278,JPN,2,2075,5843651.5,87174.734,67.0637
4279,JPN,2,2080,6065546.5,84005.555,72.265594
4280,JPN,2,2085,6192456.5,81259.84,76.267586
4281,JPN,2,2090,6358686.0,78794.65,80.793
4282,JPN,2,2095,6626993.5,76548.61,86.675934
4283,JPN,2,2100,6868434.5,74408.484,92.4291
4284,KAZ,0,2020,208612.08,18755.666,11.122617
4285,KAZ,0,2025,240913.36,19704.94,12.224256
4286,KAZ,0,2030,287782.25,20500.453,14.031076
4287,KAZ,0,2035,337749.5,21299.367,15.851387
4288,KAZ,0,2040,407774.28,22150.879,18.404495
4289,KAZ,0,2045,489662.6,23008.193,21.27657
4290,KAZ,0,2050,563451.0,23848.559,23.647457
4291,KAZ,0,2055,679562.25,24598.03,27.639856
4292,KAZ,0,2060,780208.8,25278.156,30.867895
4293,KAZ,0,2065,933086.0,25916.432,35.99689
4294,KAZ,0,2070,1060754.6,26511.086,39.961647
4295,KAZ,0,2075,1219098.4,27072.184,44.87033
4296,KAZ,0,2080,1422634.6,27598.375,51.451508
4297,KAZ,0,2085,1606915.9,28132.945,56.904804
4298,KAZ,0,2090,1765844.4,28669.678,61.470898
4299,KAZ,0,2095,2019853.0,29115.56,69.31871
4300,KAZ,0,2100,2255413.8,29480.623,76.763664
4301,KAZ,1,2020,208612.08,18755.666,11.122617
4302,KAZ,1,2025,252413.84,19775.086,12.7625885
4303,KAZ,1,2030,301095.25,20628.066,14.592286
4304,KAZ,1,2035,415042.84,21397.633,19.438732
4305,KAZ,1,2040,532329.94,22010.105,24.232819
4306,KAZ,1,2045,641540.94,22620.438,28.402151
4307,KAZ,1,2050,800530.5,23249.959,34.423794
4308,KAZ,1,2055,945744.1,23889.824,39.451496
4309,KAZ,1,2060,1139507.5,24458.87,46.3142
4310,KAZ,1,2065,1428533.6,24977.076,56.787834
4311,KAZ,1,2070,1848828.5,25576.074,71.60299
4312,KAZ,1,2075,2440196.5,26033.9,92.64836
4313,KAZ,1,2080,3014253.2,26575.121,112.5691
4314,KAZ,1,2085,3935203.8,27083.75,144.41644
4315,KAZ,1,2090,4738469.0,27768.994,169.79097
4316,KAZ,1,2095,5544243.5,28227.89,193.52254
4317,KAZ,1,2100,6745898.5,28645.107,231.23662
4318,KAZ,2,2020,208612.1,18755.666,11.122617
4319,KAZ,2,2025,233988.47,19691.746,11.882886
4320,KAZ,2,2030,258443.44,20461.672,12.629215
4321,KAZ,2,2035,286409.47,21234.41,13.480155
4322,KAZ,2,2040,313757.56,22053.28,14.207612
4323,KAZ,2,2045,344209.62,22872.314,15.024858
4324,KAZ,2,2050,377622.5,23650.594,15.93631
4325,KAZ,2,2055,410840.88,24316.215,16.860397
4326,KAZ,2,2060,449537.75,24936.246,17.994848
4327,KAZ,2,2065,489985.16,25497.383,19.186253
4328,KAZ,2,2070,538485.25,26050.791,20.636843
4329,KAZ,2,2075,590749.0,26572.357,22.216223
4330,KAZ,2,2080,631163.1,27057.555,23.269
4331,KAZ,2,2085,683294.0,27551.238,24.780386
4332,KAZ,2,2090,760140.8,28055.27,27.035439
4333,KAZ,2,2095,836402.4,28442.984,29.368725
4334,KAZ,2,2100,894489.0,28776.277,31.049978
4335,KEN,0,2020,85171.3,51985.78,1.6383575
4336,KEN,0,2025,114679.555,57903.195,1.9805521
4337,KEN,0,2030,158281.33,63978.69,2.4742544
4338,KEN,0,2035,205726.89,70071.72,2.936325
4339,KEN,0,2040,270373.28,76002.58,3.558653
4340,KEN,0,2045,347377.9,81594.4,4.260013
4341,KEN,0,2050,442309.16,86805.8,5.0986867
4342,KEN,0,2055,548805.9,91722.76,5.983346
4343,KEN,0,2060,692903.5,96198.59,7.2030334
4344,KEN,0,2065,854799.5,100138.58,8.534202
4345,KEN,0,2070,1031427.25,103556.63,9.953944
4346,KEN,0,2075,1269024.1,106466.63,11.912325
4347,KEN,0,2080,1437162.9,108868.3,13.203346
4348,KEN,0,2085,1713826.8,110831.95,15.474507
4349,KEN,0,2090,1988507.8,112303.375,17.690077
4350,KEN,0,2095,2332688.0,113347.3,20.530287
4351,KEN,0,2100,2701697.8,114046.08,23.643385
4352,KEN,1,2020,85171.3,51985.78,1.6383575
4353,KEN,1,2025,124660.04,57869.645,2.1542356
4354,KEN,1,2030,170234.81,64034.97,2.6595063
4355,KEN,1,2035,240649.75,70318.82,3.4266398
4356,KEN,1,2040,326010.2,76454.32,4.2756586
4357,KEN,1,2045,442276.7,82237.15,5.400546
4358,KEN,1,2050,618696.56,87736.375,7.099293
4359,KEN,1,2055,741758.3,92905.914,8.031007
4360,KEN,1,2060,984536.7,97739.96,10.159443
4361,KEN,1,2065,1304698.6,102239.75,12.906862
4362,KEN,1,2070,1653730.6,106098.78,15.788648
4363,KEN,1,2075,2093767.4,109499.61,19.426506
4364,KEN,1,2080,2282082.2,112447.71,20.643436
4365,KEN,1,2085,2933319.8,114917.336,26.04796
4366,KEN,1,2090,3560519.8,116913.266,31.11812
4367,KEN,1,2095,4436996.5,118566.69,38.187214
4368,KEN,1,2100,5365399.0,119900.945,45.752625
4369,KEN,2,2020,85171.3,51985.78,1.6383575
4370,KEN,2,2025,107624.46,57886.27,1.8592012
4371,KEN,2,2030,131368.16,63929.598,2.0546293
4372,KEN,2,2035,156915.44,69992.72,2.2414734
4373,KEN,2,2040,189126.64,75884.86,2.4915233
4374,KEN,2,2045,227480.84,81429.055,2.7931209
4375,KEN,2,2050,269307.84,86622.52,3.1075785
4376,KEN,2,2055,320886.16,91535.266,3.504523
4377,KEN,2,2060,376170.22,96038.71,3.9143658
4378,KEN,2,2065,426625.72,100024.984,4.261309
4379,KEN,2,2070,476522.5,103494.27,4.6005645
4380,KEN,2,2075,542664.25,106451.09,5.0927453
4381,KEN,2,2080,618261.2,108947.99,5.668324
4382,KEN,2,2085,678743.75,111002.94,6.1040764
4383,KEN,2,2090,760562.06,112562.914,6.7458253
4384,KEN,2,2095,850263.9,113683.65,7.4720063
4385,KEN,2,2100,937148.0,114453.83,8.170395
4386,KGZ,0,2020,7453.811,6579.9,1.1328152
4387,KGZ,0,2025,9266.378,7101.4883,1.3047224
4388,KGZ,0,2030,11890.343,7573.1406,1.5698931
4389,KGZ,0,2035,14979.67,8040.8057,1.8636789
4390,KGZ,0,2040,18810.605,8520.07,2.2094991
4391,KGZ,0,2045,23726.443,8988.652,2.6414812
4392,KGZ,0,2050,29475.281,9438.104,3.1261675
4393,KGZ,0,2055,36753.953,9849.816,3.7358606
4394,KGZ,0,2060,44644.74,10213.359,4.3773875
4395,KGZ,0,2065,54294.707,10536.934,5.154672
4396,KGZ,0,2070,64452.848,10842.485,5.938059
4397,KGZ,0,2075,77002.94,11136.002,6.900839
4398,KGZ,0,2080,87503.35,11405.806,7.6530623
4399,KGZ,0,2085,104545.34,11671.026,8.936627
4400,KGZ,0,2090,121263.86,11891.775,10.159899
4401,KGZ,0,2095,144585.06,12068.2295,11.929969
4402,KGZ,0,2100,170990.38,12213.4375,13.953598
4403,KGZ,1,2020,7453.811,6579.9,1.1328152
4404,KGZ,1,2025,10105.315,7092.793,1.4251853
4405,KGZ,1,2030,13095.384,7570.386,1.7302958
4406,KGZ,1,2035,17740.111,8034.4673,2.208022
4407,KGZ,1,2040,23375.725,8492.725,2.7484796
4408,KGZ,1,2045,30256.178,8935.283,3.3775969
4409,KGZ,1,2050,39960.82,9365.044,4.2557964
4410,KGZ,1,2055,51129.75,9771.772,5.2158275
4411,KGZ,1,2060,68104.35,10117.786,6.6919575
4412,KGZ,1,2065,88129.48,10413.494,8.387886
4413,KGZ,1,2070,114809.99,10681.786,10.625737
4414,KGZ,1,2075,155506.7,10942.782,14.041385
4415,KGZ,1,2080,168881.42,11234.976,14.873505
4416,KGZ,1,2085,216196.06,11466.976,18.669992
4417,KGZ,1,2090,256448.0,11681.714,21.772175
4418,KGZ,1,2095,316648.2,11859.928,26.514175
4419,KGZ,1,2100,420392.34,12017.447,34.940025
4420,KGZ,2,2020,7453.8115,6579.9,1.1328152
4421,KGZ,2,2025,9079.079,7095.061,1.2796314
4422,KGZ,2,2030,10386.66,7564.338,1.3736308
4423,KGZ,2,2035,12070.231,8022.416,1.5052401
4424,KGZ,2,2040,13730.095,8481.371,1.6200435
4425,KGZ,2,2045,16039.526,8933.294,1.7969675
4426,KGZ,2,2050,18606.58,9367.55,1.9873652
4427,KGZ,2,2055,21563.977,9768.176,2.2076359
4428,KGZ,2,2060,24530.55,10123.21,2.4224157
4429,KGZ,2,2065,27995.254,10437.09,2.6813323
4430,KGZ,2,2070,31678.842,10725.249,2.9553034
4431,KGZ,2,2075,35875.12,10996.245,3.2670083
4432,KGZ,2,2080,39880.164,11247.559,3.5468807
4433,KGZ,2,2085,43668.67,11488.464,3.803247
4434,KGZ,2,2090,48267.656,11694.007,4.127399
4435,KGZ,2,2095,54968.56,11862.587,4.624846
4436,KGZ,2,2100,60743.33,12000.314,5.052744
4437,KHM,0,2020,23335.738,16396.86,1.4231834
4438,KHM,0,2025,31289.793,17527.42,1.7850441
4439,KHM,0,2030,40340.605,18575.807,2.1714272
4440,KHM,0,2035,50821.54,19558.701,2.5983193
4441,KHM,0,2040,64941.33,20502.268,3.1671607
4442,KHM,0,2045,79985.56,21350.223,3.7480164
4443,KHM,0,2050,104542.055,22124.951,4.729486
4444,KHM,0,2055,124033.81,22796.69,5.4530473
4445,KHM,0,2060,150064.66,23342.99,6.437362
4446,KHM,0,2065,184652.0,23777.178,7.7731185
4447,KHM,0,2070,217050.33,24083.975,9.006892
4448,KHM,0,2075,259050.27,24281.502,10.664148
4449,KHM,0,2080,289174.22,24390.79,11.866547
4450,KHM,0,2085,346793.78,24438.824,14.191382
4451,KHM,0,2090,386764.03,24427.18,15.779306
4452,KHM,0,2095,434567.0,24332.908,17.860432
4453,KHM,0,2100,503186.0,24174.719,20.789042
4454,KHM,1,2020,23335.738,16396.86,1.4231834
4455,KHM,1,2025,32683.64,17564.037,1.8610864
4456,KHM,1,2030,43870.25,18635.27,2.355923
4457,KHM,1,2035,62746.977,19695.703,3.1937828
4458,KHM,1,2040,85011.83,20720.377,4.121147
4459,KHM,1,2045,106167.04,21650.902,4.9233813
4460,KHM,1,2050,157585.95,22534.408,7.0437846
4461,KHM,1,2055,188261.52,23295.912,8.143913
4462,KHM,1,2060,253988.55,23946.086,10.724159
4463,KHM,1,2065,315324.38,24455.113,13.047114
4464,KHM,1,2070,401144.62,24870.396,16.422169
4465,KHM,1,2075,502942.9,25160.656,20.444141
4466,KHM,1,2080,490106.2,25368.016,19.522825
4467,KHM,1,2085,631105.56,25515.254,25.02294
4468,KHM,1,2090,732591.0,25586.26,29.17005
4469,KHM,1,2095,848273.56,25615.04,33.95995
4470,KHM,1,2100,1020057.1,25585.955,41.32246
4471,KHM,2,2020,23335.738,16396.86,1.4231834
4472,KHM,2,2025,28800.215,17524.37,1.6435825
4473,KHM,2,2030,34343.51,18581.688,1.848485
4474,KHM,2,2035,39131.066,19568.99,1.9995857
4475,KHM,2,2040,46026.715,20514.096,2.24346
4476,KHM,2,2045,56422.71,21367.158,2.6403036
4477,KHM,2,2050,62884.914,22132.973,2.8403945
4478,KHM,2,2055,68165.516,22817.654,2.9880593
4479,KHM,2,2060,76612.45,23388.936,3.2771218
4480,KHM,2,2065,86036.91,23833.283,3.6117356
4481,KHM,2,2070,96958.45,24146.426,4.0189147
4482,KHM,2,2075,110047.14,24338.227,4.525991
4483,KHM,2,2080,125832.0,24439.201,5.155341
4484,KHM,2,2085,135801.6,24490.383,5.552454
4485,KHM,2,2090,141945.92,24482.223,5.8204007
4486,KHM,2,2095,153980.47,24383.354,6.338651
4487,KHM,2,2100,167322.98,24227.77,6.9382668
4488,KOR,0,2020,1648516.4,51836.24,31.802391
4489,KOR,0,2025,1823571.2,51824.223,35.189724
4490,KOR,0,2030,2104041.2,51468.754,40.88457
4491,KOR,0,2035,2318200.5,50774.61,45.661896
4492,KOR,0,2040,2579430.8,49652.47,51.961964
4493,KOR,0,2045,2791518.2,48146.18,57.985207
4494,KOR,0,2050,3067974.5,46313.41,66.236244
4495,KOR,0,2055,3315320.2,44189.39,75.03679
4496,KOR,0,2060,3521108.0,41883.875,84.14394
4497,KOR,0,2065,3748101.2,39575.332,94.74894
4498,KOR,0,2070,3852477.2,37353.684,103.1678
4499,KOR,0,2075,3959098.8,35255.023,112.32804
4500,KOR,0,2080,4182340.2,33306.062,125.59506
4501,KOR,0,2085,4394428.0,31505.615,139.60341
4502,KOR,0,2090,4571415.0,29851.645,153.34074
4503,KOR,0,2095,4711392.0,28363.332,166.41034
4504,KOR,0,2100,5247371.0,27057.553,194.19229
4505,KOR,1,2020,1648516.4,51836.24,31.802391
4506,KOR,1,2025,2042991.4,51835.156,39.413998
4507,KOR,1,2030,2222009.5,51569.05,43.103447
4508,KOR,1,2035,2660444.5,51022.22,52.198986
4509,KOR,1,2040,3144193.2,50044.19,62.98214
4510,KOR,1,2045,3490203.0,48631.707,71.99861
4511,KOR,1,2050,4107989.8,46873.89,88.08588
4512,KOR,1,2055,4751129.0,44847.848,106.60731
4513,KOR,1,2060,5539089.5,42649.43,131.03978
4514,KOR,1,2065,6147994.5,40465.39,153.67265
4515,KOR,1,2070,8238598.5,38330.336,218.25589
4516,KOR,1,2075,11262226.0,36258.926,316.5844
4517,KOR,1,2080,9981270.0,34351.094,295.25018
4518,KOR,1,2085,11259938.0,32589.701,352.1151
4519,KOR,1,2090,12556737.0,30959.562,414.1681
4520,KOR,1,2095,13135836.0,29503.879,454.3828
4521,KOR,1,2100,13925692.0,28235.598,503.14297
4522,KOR,2,2020,1648516.4,51836.24,31.802391
4523,KOR,2,2025,1755034.6,51830.758,33.86025
4524,KOR,2,2030,1816782.4,51476.42,35.29529
4525,KOR,2,2035,1842126.5,50778.85,36.28162
4526,KOR,2,2040,1869608.4,49661.297,37.649597
4527,KOR,2,2045,1888180.9,48156.99,39.219894
4528,KOR,2,2050,1823121.5,46330.754,39.36997
4529,KOR,2,2055,1750510.8,44205.902,39.62492
4530,KOR,2,2060,1780866.9,41895.707,42.543118
4531,KOR,2,2065,1821643.9,39587.246,46.02667
4532,KOR,2,2070,1822815.6,37356.64,48.7784
4533,KOR,2,2075,1816768.5,35250.465,51.492733
4534,KOR,2,2080,1855891.6,33295.594,55.657215
4535,KOR,2,2085,1849183.6,31490.045,58.691917
4536,KOR,2,2090,1904221.2,29829.922,63.800945
4537,KOR,2,2095,1903587.5,28339.305,67.14869
4538,KOR,2,2100,1999650.6,27037.414,73.98989
4539,KWT,0,2020,105753.89,4360.444,24.25301
4540,KWT,0,2025,131322.08,4891.328,26.836243
4541,KWT,0,2030,171046.45,5476.5127,31.179224
4542,KWT,0,2035,209814.31,6019.5874,34.822487
4543,KWT,0,2040,261168.58,6582.806,39.627026
4544,KWT,0,2045,314076.62,7089.7534,44.220444
4545,KWT,0,2050,377165.1,7456.4595,50.512814
4546,KWT,0,2055,444163.4,7770.102,57.224247
4547,KWT,0,2060,515650.72,8022.1646,64.16951
4548,KWT,0,2065,601056.5,8306.739,72.25705
4549,KWT,0,2070,677909.94,8624.639,78.67741
4550,KWT,0,2075,765516.4,8945.072,85.66315
4551,KWT,0,2080,885327.7,9249.847,95.78079
4552,KWT,0,2085,1017926.6,9563.157,106.46378
4553,KWT,0,2090,1148334.2,9811.376,116.9401
4554,KWT,0,2095,1277005.2,10025.106,126.90717
4555,KWT,0,2100,1519152.5,10231.33,148.09415
4556,KWT,1,2020,105753.89,4360.444,24.25301
4557,KWT,1,2025,148346.72,4942.841,30.057741
4558,KWT,1,2030,181963.69,5560.868,32.871376
4559,KWT,1,2035,242687.86,6128.9307,39.807777
4560,KWT,1,2040,320757.62,6679.8335,48.031185
4561,KWT,1,2045,397108.28,7204.213,54.907288
4562,KWT,1,2050,515064.38,7707.9155,67.17569
4563,KWT,1,2055,652720.5,8076.4575,81.30044
4564,KWT,1,2060,836412.5,8474.17,99.93302
4565,KWT,1,2065,1023887.25,8873.818,117.19321
4566,KWT,1,2070,1507352.5,9222.74,166.4454
4567,KWT,1,2075,2248165.8,9519.49,241.43231
4568,KWT,1,2080,2153509.0,9827.004,225.16249
4569,KWT,1,2085,2661954.5,10148.121,268.5286
4570,KWT,1,2090,3208087.8,10381.763,315.8512
4571,KWT,1,2095,3613858.8,10596.93,346.51956
4572,KWT,1,2100,4086051.0,10830.497,383.70483
4573,KWT,2,2020,105753.89,4360.444,24.25301
4574,KWT,2,2025,126062.586,4881.7354,25.822365
4575,KWT,2,2030,147272.7,5466.259,26.91675
4576,KWT,2,2035,166590.06,6018.431,27.668943
4577,KWT,2,2040,188744.84,6574.6436,28.712183
4578,KWT,2,2045,211819.9,7088.3047,29.909716
4579,KWT,2,2050,222979.25,7448.2095,30.024162
4580,KWT,2,2055,233304.52,7745.456,30.218596
4581,KWT,2,2060,258486.84,8000.775,32.444057
4582,KWT,2,2065,289417.34,8286.931,35.10067
4583,KWT,2,2070,318333.12,8594.138,37.199184
4584,KWT,2,2075,349382.38,8926.797,39.269176
4585,KWT,2,2080,391537.78,9238.393,42.445076
4586,KWT,2,2085,427469.16,9548.289,44.75939
4587,KWT,2,2090,476344.5,9790.12,48.655613
4588,KWT,2,2095,511751.8,10003.253,51.208664
4589,KWT,2,2100,574590.3,10193.195,56.42587
4590,LAO,0,2020,18836.133,7319.399,2.5734534
4591,LAO,0,2025,22685.38,7826.334,2.8987098
4592,LAO,0,2030,27884.873,8281.329,3.366938
4593,LAO,0,2035,33835.227,8685.368,3.894577
4594,LAO,0,2040,41292.555,9040.802,4.5661135
4595,LAO,0,2045,49371.43,9340.515,5.2848516
4596,LAO,0,2050,60213.79,9583.16,6.2834797
4597,LAO,0,2055,70620.12,9777.073,7.221971
4598,LAO,0,2060,83517.73,9895.911,8.444352
4599,LAO,0,2065,96748.77,9963.49,9.714151
4600,LAO,0,2070,110366.36,9971.506,11.073952
4601,LAO,0,2075,124756.3,9926.382,12.576057
4602,LAO,0,2080,136323.66,9848.308,13.840179
4603,LAO,0,2085,153360.16,9740.739,15.746336
4604,LAO,0,2090,170079.2,9604.03,17.68204
4605,LAO,0,2095,193753.56,9453.519,20.437483
4606,LAO,0,2100,220707.42,9287.749,23.685188
4607,LAO,1,2020,18836.133,7319.399,2.5734534
4608,LAO,1,2025,24447.717,7830.012,3.122158
4609,LAO,1,2030,29962.305,8291.053,3.613562
4610,LAO,1,2035,39411.19,8696.012,4.534048
4611,LAO,1,2040,53619.73,9047.779,5.9340873
4612,LAO,1,2045,65307.88,9351.466,6.987087
4613,LAO,1,2050,90144.63,9578.103,9.3977375
4614,LAO,1,2055,118554.06,9754.642,12.094779
4615,LAO,1,2060,157172.05,9878.57,15.817082
4616,LAO,1,2065,212326.67,9928.32,21.259983
4617,LAO,1,2070,258469.6,9928.69,25.835672
4618,LAO,1,2075,318063.53,9847.28,32.04524
4619,LAO,1,2080,326157.3,9768.183,33.10833
4620,LAO,1,2085,395575.16,9641.7,40.721424
4621,LAO,1,2090,492597.53,9495.055,51.579433
4622,LAO,1,2095,578174.1,9325.809,61.482307
4623,LAO,1,2100,674994.94,9162.658,73.06644
4624,LAO,2,2020,18836.133,7319.399,2.5734534
4625,LAO,2,2025,22680.877,7825.6904,2.8981414
4626,LAO,2,2030,25767.287,8279.997,3.1118288
4627,LAO,2,2035,28450.799,8678.466,3.2783594
4628,LAO,2,2040,31894.404,9028.655,3.5321631
4629,LAO,2,2045,36027.543,9328.833,3.8608558
4630,LAO,2,2050,39711.16,9572.539,4.147965
4631,LAO,2,2055,42646.203,9767.025,4.3672423
4632,LAO,2,2060,47993.3,9885.289,4.857338
4633,LAO,2,2065,52241.664,9949.862,5.249444
4634,LAO,2,2070,55225.758,9953.8955,5.5433116
4635,LAO,2,2075,58505.78,9912.595,5.901939
4636,LAO,2,2080,62292.055,9838.806,6.332493
4637,LAO,2,2085,67952.8,9731.266,6.9826264
4638,LAO,2,2090,73499.27,9600.217,7.6585135
4639,LAO,2,2095,77816.36,9453.131,8.244221
4640,LAO,2,2100,82893.51,9291.572,8.938045
4641,LBN,0,2020,37224.73,5662.923,6.573413
4642,LBN,0,2025,44664.26,6090.364,7.3336535
4643,LBN,0,2030,61153.992,6535.7344,9.355694
4644,LBN,0,2035,77685.67,6950.976,11.186173
4645,LBN,0,2040,99326.4,7335.7466,13.565263
4646,LBN,0,2045,119503.555,7723.3286,15.479991
4647,LBN,0,2050,145847.19,8061.4697,18.054798
4648,LBN,0,2055,174763.98,8383.727,20.83432
4649,LBN,0,2060,206864.8,8686.034,23.800491
4650,LBN,0,2065,255838.69,8984.398,28.470013
4651,LBN,0,2070,309249.8,9248.328,33.3913
4652,LBN,0,2075,378768.03,9524.331,39.542
4653,LBN,0,2080,431773.2,9794.82,43.78367
4654,LBN,0,2085,498000.2,10055.371,49.117115
4655,LBN,0,2090,549110.06,10294.989,52.773914
4656,LBN,0,2095,629777.9,10509.066,59.357563
4657,LBN,0,2100,725758.7,10727.302,67.20815
4658,LBN,1,2020,37224.73,5662.923,6.573413
4659,LBN,1,2025,48320.96,6027.768,8.020865
4660,LBN,1,2030,62343.113,6543.614,9.551133
4661,LBN,1,2035,84357.69,6896.9033,12.252522
4662,LBN,1,2040,111006.734,7282.111,15.295149
4663,LBN,1,2045,142917.55,7620.7417,18.794025
4664,LBN,1,2050,202382.27,7874.2866,25.593317
4665,LBN,1,2055,242708.03,8270.103,29.312584
4666,LBN,1,2060,342551.97,8699.924,39.516815
4667,LBN,1,2065,475395.75,9151.797,52.40451
4668,LBN,1,2070,530340.3,9585.329,56.422703
4669,LBN,1,2075,704868.75,9778.905,72.587555
4670,LBN,1,2080,718538.25,10182.598,71.16241
4671,LBN,1,2085,917639.25,10438.545,88.848114
4672,LBN,1,2090,1119312.5,10651.747,106.47645
4673,LBN,1,2095,1357111.5,10859.447,127.20868
4674,LBN,1,2100,1689754.2,11174.544,154.25725
4675,LBN,2,2020,37224.73,5662.923,6.573413
4676,LBN,2,2025,45572.863,6083.378,7.488864
4677,LBN,2,2030,55972.64,6537.4326,8.557844
4678,LBN,2,2035,64686.85,6945.547,9.308483
4679,LBN,2,2040,73675.195,7335.6064,10.039404
4680,LBN,2,2045,87706.57,7715.974,11.3656435
4681,LBN,2,2050,98035.98,8035.0913,12.179431
4682,LBN,2,2055,115700.97,8364.305,13.80846
4683,LBN,2,2060,132433.9,8687.935,15.214903
4684,LBN,2,2065,148956.81,8997.174,16.515228
4685,LBN,2,2070,164073.69,9268.374,17.697142
4686,LBN,2,2075,187383.56,9550.483,19.556625
4687,LBN,2,2080,209529.72,9800.217,21.255539
4688,LBN,2,2085,242206.39,10064.16,23.918009
4689,LBN,2,2090,281999.0,10326.365,27.040691
4690,LBN,2,2095,304910.22,10531.149,28.680332
4691,LBN,2,2100,347342.12,10733.739,32.102806
4692,LBR,0,2020,3157.6787,5087.584,0.6206637
4693,LBR,0,2025,4976.1504,5813.4697,0.85627425
4694,LBR,0,2030,8158.811,6620.387,1.2338291
4695,LBR,0,2035,11387.284,7498.9995,1.5212569
4696,LBR,0,2040,16569.018,8394.304,1.978945
4697,LBR,0,2045,22721.08,9318.37,2.4392567
4698,LBR,0,2050,31890.094,10312.249,3.098999
4699,LBR,0,2055,39922.12,11338.537,3.5264475
4700,LBR,0,2060,54282.645,12384.242,4.381546
4701,LBR,0,2065,68095.48,13434.024,5.0844054
4702,LBR,0,2070,86716.125,14500.67,5.9955173
4703,LBR,0,2075,111073.836,15592.099,7.121765
4704,LBR,0,2080,118121.68,16748.824,7.0625143
4705,LBR,0,2085,152595.78,17854.854,8.556813
4706,LBR,0,2090,197718.27,18975.674,10.450633
4707,LBR,0,2095,248256.88,19989.018,12.413481
4708,LBR,0,2100,324559.5,21019.242,15.35365
4709,LBR,1,2020,3157.6787,5087.584,0.6206637
4710,LBR,1,2025,5307.358,5787.8784,0.91740674
4711,LBR,1,2030,8826.782,6592.7173,1.3337466
4712,LBR,1,2035,14595.369,7450.0845,1.9491607
4713,LBR,1,2040,19908.873,8404.654,2.367594
4714,LBR,1,2045,30465.893,9400.994,3.223125
4715,LBR,1,2050,44295.598,10464.981,4.242669
4716,LBR,1,2055,58024.89,11488.685,5.1130257
4717,LBR,1,2060,77422.31,12471.358,6.313977
4718,LBR,1,2065,113170.625,13561.972,8.470276
4719,LBR,1,2070,143688.83,14748.593,9.901985
4720,LBR,1,2075,187048.28,15993.328,11.960922
4721,LBR,1,2080,171244.72,17340.416,10.147762
4722,LBR,1,2085,227137.75,18681.48,12.639787
4723,LBR,1,2090,303229.47,19863.193,16.028133
4724,LBR,1,2095,413764.8,21208.912,20.654955
4725,LBR,1,2100,521118.47,22271.43,25.0793
4726,LBR,2,2020,3157.6787,5087.584,0.6206637
4727,LBR,2,2025,4619.387,5819.695,0.7934135
4728,LBR,2,2030,6611.832,6631.6685,0.99698406
4729,LBR,2,2035,9180.511,7522.5127,1.2166076
4730,LBR,2,2040,13347.362,8420.326,1.5786
4731,LBR,2,2045,17721.86,9359.864,1.8894708
4732,LBR,2,2050,22775.02,10375.262,2.1880424
4733,LBR,2,2055,28737.281,11405.545,2.5083332
4734,LBR,2,2060,36893.156,12458.586,2.9494092
4735,LBR,2,2065,49365.906,13521.502,3.6222868
4736,LBR,2,2070,62116.92,14600.222,4.209834
4737,LBR,2,2075,76963.0,15696.008,4.861852
4738,LBR,2,2080,82634.19,16842.898,4.8938336
4739,LBR,2,2085,95931.84,17980.818,5.3397207
4740,LBR,2,2090,120460.734,19081.682,6.3429127
4741,LBR,2,2095,150624.9,20155.197,7.572997
4742,LBR,2,2100,187486.53,21213.299,8.959521
4743,LBY,0,2020,43373.164,6653.942,6.5184164
4744,LBY,0,2025,52464.855,7043.676,7.448723
4745,LBY,0,2030,65160.285,7376.228,8.835167
4746,LBY,0,2035,78346.586,7674.8555,10.213605
4747,LBY,0,2040,92431.42,7937.26,11.65559
4748,LBY,0,2045,107163.766,8165.7524,13.142659
4749,LBY,0,2050,127727.07,8348.158,15.317555
4750,LBY,0,2055,154087.33,8473.629,18.200462
4751,LBY,0,2060,177899.92,8534.177,20.875221
4752,LBY,0,2065,205023.34,8559.343,23.993343
4753,LBY,0,2070,229547.73,8567.512,26.83392
4754,LBY,0,2075,254693.47,8573.895,29.77323
4755,LBY,0,2080,292389.84,8578.1455,34.18178
4756,LBY,0,2085,333499.6,8570.574,39.020943
4757,LBY,0,2090,369718.94,8550.947,43.35581
4758,LBY,0,2095,405512.16,8498.208,47.88631
4759,LBY,0,2100,468777.3,8428.873,55.78683
4760,LBY,1,2020,43373.164,6653.942,6.5184164
4761,LBY,1,2025,55187.22,7062.587,7.81341
4762,LBY,1,2030,74373.23,7406.073,10.04018
4763,LBY,1,2035,102654.1,7721.589,13.294758
4764,LBY,1,2040,135376.58,8000.6235,16.93215
4765,LBY,1,2045,163168.4,8239.107,19.839886
4766,LBY,1,2050,218007.78,8449.113,25.882156
4767,LBY,1,2055,264324.03,8582.541,30.88374
4768,LBY,1,2060,321992.12,8633.299,37.479748
4769,LBY,1,2065,401170.5,8673.158,46.744614
4770,LBY,1,2070,524187.06,8688.903,60.968487
4771,LBY,1,2075,668924.9,8704.894,78.44692
4772,LBY,1,2080,674694.7,8722.526,78.4867
4773,LBY,1,2085,804841.56,8732.848,93.65739
4774,LBY,1,2090,925406.25,8722.556,107.91483
4775,LBY,1,2095,1127538.2,8677.878,132.68198
4776,LBY,1,2100,1346740.8,8618.296,160.68391
4777,LBY,2,2020,43373.164,6653.942,6.518416
4778,LBY,2,2025,50951.04,7050.9556,7.2257166
4779,LBY,2,2030,57119.0,7386.494,7.732327
4780,LBY,2,2035,63167.473,7687.869,8.215379
4781,LBY,2,2040,70478.266,7951.7944,8.860493
4782,LBY,2,2045,78618.83,8176.9673,9.610208
4783,LBY,2,2050,87119.67,8357.153,10.41367
4784,LBY,2,2055,91212.27,8476.266,10.74221
4785,LBY,2,2060,98864.49,8533.934,11.561986
4786,LBY,2,2065,108570.055,8559.731,12.654898
4787,LBY,2,2070,113663.96,8566.672,13.260461
4788,LBY,2,2075,122888.664,8572.16,14.341332
4789,LBY,2,2080,132817.8,8579.182,15.487675
4790,LBY,2,2085,142855.42,8570.028,16.652699
4791,LBY,2,2090,158670.42,8546.56,18.55366
4792,LBY,2,2095,170127.53,8491.486,20.025558
4793,LBY,2,2100,182718.42,8419.289,21.679266
4794,LCA,0,2020,1514.1711,179.237,8.447871
4795,LCA,0,2025,1750.2799,182.29529,9.601482
4796,LCA,0,2030,2078.568,184.24663,11.283414
4797,LCA,0,2035,2340.3186,185.1174,12.64051
4798,LCA,0,2040,2679.4688,184.94778,14.486727
4799,LCA,0,2045,3047.8115,183.86772,16.581825
4800,LCA,0,2050,3454.3843,181.94739,18.987377
4801,LCA,0,2055,3833.8328,179.40865,21.364721
4802,LCA,0,2060,4402.488,176.55928,24.888668
4803,LCA,0,2065,4884.833,173.09982,28.15011
4804,LCA,0,2070,5406.212,169.08005,31.886806
4805,LCA,0,2075,6052.5996,164.77507,36.643177
4806,LCA,0,2080,6587.906,160.10335,41.017418
4807,LCA,0,2085,7200.937,155.52478,46.12076
4808,LCA,0,2090,7915.611,150.9874,52.174866
4809,LCA,0,2095,8528.438,146.62141,57.925106
4810,LCA,0,2100,9297.007,142.75679,64.75347
4811,LCA,1,2020,1514.1711,179.237,8.447871
4812,LCA,1,2025,1893.6122,182.46472,10.37642
4813,LCA,1,2030,2222.9277,184.83192,12.025664
4814,LCA,1,2035,2756.6672,186.32729,14.791401
4815,LCA,1,2040,3417.844,186.2159,18.347488
4816,LCA,1,2045,4109.017,184.92868,22.21492
4817,LCA,1,2050,5115.9375,182.96057,27.940119
4818,LCA,1,2055,6213.3257,180.68886,34.442867
4819,LCA,1,2060,7678.231,178.346,43.272854
4820,LCA,1,2065,9498.964,175.35553,54.65263
4821,LCA,1,2070,11419.273,171.67912,67.27141
4822,LCA,1,2075,13907.963,167.62189,84.01139
4823,LCA,1,2080,14748.811,163.25822,91.21247
4824,LCA,1,2085,17292.363,158.87682,109.74819
4825,LCA,1,2090,19527.713,154.9579,127.110916
4826,LCA,1,2095,21732.92,151.04955,144.8915
4827,LCA,1,2100,24693.188,147.70888,169.20137
4828,LCA,2,2020,1514.1711,179.237,8.447871
4829,LCA,2,2025,1649.0295,182.11534,9.05469
4830,LCA,2,2030,1797.4235,183.83266,9.778213
4831,LCA,2,2035,1911.4893,184.43762,10.3637705
4832,LCA,2,2040,2068.2166,184.05998,11.233002
4833,LCA,2,2045,2219.9504,182.74051,12.144253
4834,LCA,2,2050,2354.8186,180.5687,13.031562
4835,LCA,2,2055,2457.84,177.85818,13.812992
4836,LCA,2,2060,2586.0073,174.8136,14.769223
4837,LCA,2,2065,2734.4856,171.18369,15.93062
4838,LCA,2,2070,2901.8032,167.06194,17.307844
4839,LCA,2,2075,3038.5005,162.64233,18.634125
4840,LCA,2,2080,3226.6753,157.89836,20.3515
4841,LCA,2,2085,3312.5066,153.13632,21.553083
4842,LCA,2,2090,3493.6174,148.52751,23.387552
4843,LCA,2,2095,3742.537,144.13524,25.776716
4844,LCA,2,2100,3977.4429,140.1236,28.132055
4845,LKA,0,2020,93965.34,21919.0,4.286936
4846,LKA,0,2025,107733.91,22320.373,4.8266616
4847,LKA,0,2030,126102.78,22571.568,5.587217
4848,LKA,0,2035,144979.03,22702.324,6.38761
4849,LKA,0,2040,169445.66,22718.844,7.4610634
4850,LKA,0,2045,195249.89,22644.498,8.625607
4851,LKA,0,2050,226790.52,22488.68,10.088035
4852,LKA,0,2055,257246.66,22275.176,11.558165
4853,LKA,0,2060,296174.34,22005.334,13.471781
4854,LKA,0,2065,334010.2,21715.123,15.400288
4855,LKA,0,2070,375072.66,21390.43,17.5583
4856,LKA,0,2075,421212.0,21052.934,20.031023
4857,LKA,0,2080,453143.8,20724.477,21.88483
4858,LKA,0,2085,504252.6,20380.764,24.766323
4859,LKA,0,2090,554728.7,20017.18,27.75341
4860,LKA,0,2095,629744.44,19626.342,32.128906
4861,LKA,0,2100,709678.44,19199.31,37.032272
4862,LKA,1,2020,93965.34,21919.0,4.286936
4863,LKA,1,2025,116906.36,22310.295,5.2398033
4864,LKA,1,2030,136659.38,22556.383,6.055217
4865,LKA,1,2035,170462.8,22708.057,7.4998093
4866,LKA,1,2040,221937.17,22736.957,9.752365
4867,LKA,1,2045,258756.52,22664.604,11.403543
4868,LKA,1,2050,336029.47,22512.102,14.896273
4869,LKA,1,2055,412781.16,22277.709,18.47211
4870,LKA,1,2060,512241.5,21979.596,23.22825
4871,LKA,1,2065,686692.44,21643.455,31.633549
4872,LKA,1,2070,815019.6,21288.54,38.10156
4873,LKA,1,2075,1043678.56,20941.295,49.80814
4874,LKA,1,2080,1046312.25,20622.795,50.637646
4875,LKA,1,2085,1285928.6,20283.197,63.37479
4876,LKA,1,2090,1543108.0,19932.957,77.50696
4877,LKA,1,2095,1844403.1,19559.87,94.46137
4878,LKA,1,2100,1997702.6,19159.16,105.03254
4879,LKA,2,2020,93965.34,21919.0,4.286936
4880,LKA,2,2025,105485.93,22319.723,4.7261295
4881,LKA,2,2030,113021.625,22565.277,5.0085115
4882,LKA,2,2035,118764.53,22697.943,5.2325945
4883,LKA,2,2040,126544.13,22717.617,5.5717225
4884,LKA,2,2045,137707.55,22646.041,6.0821886
4885,LKA,2,2050,145861.98,22484.441,6.488009
4886,LKA,2,2055,152611.8,22264.959,6.854946
4887,LKA,2,2060,165206.0,21988.625,7.514874
4888,LKA,2,2065,174305.64,21689.71,8.038857
4889,LKA,2,2070,181471.28,21364.486,8.499983
4890,LKA,2,2075,190269.06,21025.426,9.058262
4891,LKA,2,2080,199368.39,20693.047,9.6556
4892,LKA,2,2085,212459.9,20349.44,10.476288
4893,LKA,2,2090,225186.55,19986.062,11.301146
4894,LKA,2,2095,238631.66,19592.793,12.2170925
4895,LKA,2,2100,249602.23,19160.672,13.077076
4896,LSO,0,2020,2157.2039,2254.1,0.95701337
4897,LSO,0,2025,2729.5046,2351.805,1.1606274
4898,LSO,0,2030,3536.4097,2445.5452,1.4462436
4899,LSO,0,2035,4292.0986,2535.3184,1.6932701
4900,LSO,0,2040,5564.362,2623.73,2.119652
4901,LSO,0,2045,6899.5645,2707.0293,2.5491126
4902,LSO,0,2050,8443.552,2781.203,3.0357747
4903,LSO,0,2055,10594.856,2844.0457,3.7186325
4904,LSO,0,2060,12780.43,2895.131,4.4059134
4905,LSO,0,2065,14852.707,2931.529,5.061265
4906,LSO,0,2070,17651.8,2954.395,5.9738855
4907,LSO,0,2075,20512.174,2963.8044,6.937587
4908,LSO,0,2080,22878.693,2967.3093,7.732394
4909,LSO,0,2085,27185.807,2961.9543,9.197914
4910,LSO,0,2090,31243.89,2950.935,10.615066
4911,LSO,0,2095,35959.156,2931.6506,12.326194
4912,LSO,0,2100,40896.383,2901.1118,14.160349
4913,LSO,1,2020,2157.2039,2254.1,0.95701337
4914,LSO,1,2025,2835.9827,2342.3232,1.2105423
4915,LSO,1,2030,3722.1729,2436.274,1.5274162
4916,LSO,1,2035,4788.886,2526.981,1.8952656
4917,LSO,1,2040,6182.774,2620.4028,2.3602748
4918,LSO,1,2045,8638.898,2702.8186,3.1841471
4919,LSO,1,2050,11505.208,2784.0254,4.120103
4920,LSO,1,2055,13850.913,2845.5054,4.8502765
4921,LSO,1,2060,18595.756,2897.2488,6.38324
4922,LSO,1,2065,26366.1,2938.5085,8.915691
4923,LSO,1,2070,32723.844,2962.769,10.972819
4924,LSO,1,2075,38904.883,2978.5972,12.9745035
4925,LSO,1,2080,37858.906,2983.0632,12.633418
4926,LSO,1,2085,49431.082,2975.564,16.525171
4927,LSO,1,2090,59863.906,2962.0715,20.07068
4928,LSO,1,2095,74100.75,2946.7512,25.02621
4929,LSO,1,2100,93040.836,2921.0771,31.572355
4930,LSO,2,2020,2157.2039,2254.1,0.95701337
4931,LSO,2,2025,2594.5562,2351.3877,1.1034592
4932,LSO,2,2030,3000.0098,2445.825,1.2266454
4933,LSO,2,2035,3419.7053,2538.2483,1.3473098
4934,LSO,2,2040,3864.7822,2626.455,1.4719965
4935,LSO,2,2045,4544.44,2710.2922,1.6772432
4936,LSO,2,2050,5289.242,2786.1328,1.8979422
4937,LSO,2,2055,6055.7783,2849.813,2.1236634
4938,LSO,2,2060,6817.2563,2901.1682,2.3489125
4939,LSO,2,2065,7863.48,2938.6472,2.677426
4940,LSO,2,2070,8598.838,2961.2122,2.905481
4941,LSO,2,2075,9590.266,2972.7146,3.2275653
4942,LSO,2,2080,10740.925,2975.9211,3.6074882
4943,LSO,2,2085,11760.155,2970.0261,3.9561582
4944,LSO,2,2090,13234.667,2957.625,4.472864
4945,LSO,2,2095,14922.673,2937.3188,5.081453
4946,LSO,2,2100,16971.096,2904.2732,5.853583
4947,LTU,0,2020,48856.63,2794.885,17.48073
4948,LTU,0,2025,51131.28,2599.167,19.672554
4949,LTU,0,2030,53854.547,2419.1006,22.262733
4950,LTU,0,2035,55764.863,2252.2878,24.760178
4951,LTU,0,2040,59890.117,2100.3894,28.516542
4952,LTU,0,2045,63787.527,1970.2955,32.371483
4953,LTU,0,2050,69088.63,1859.0966,37.145195
4954,LTU,0,2055,76134.43,1761.8882,43.182766
4955,LTU,0,2060,82244.3,1673.7518,49.0669
4956,LTU,0,2065,89695.79,1594.655,56.135506
4957,LTU,0,2070,95039.15,1523.863,62.29705
4958,LTU,0,2075,104428.34,1463.8323,71.23953
4959,LTU,0,2080,114757.54,1414.2524,80.90778
4960,LTU,0,2085,127407.08,1372.8157,92.44884
4961,LTU,0,2090,138907.47,1337.1975,103.42054
4962,LTU,0,2095,152551.83,1305.2806,116.463104
4963,LTU,0,2100,166407.14,1274.8821,130.28952
4964,LTU,1,2020,48856.63,2794.885,17.48073
4965,LTU,1,2025,53675.9,2606.8167,20.59495
4966,LTU,1,2030,59366.84,2438.3176,24.373238
4967,LTU,1,2035,64699.56,2281.91,28.412249
4968,LTU,1,2040,74309.92,2141.3457,34.870514
4969,LTU,1,2045,80055.37,2023.8195,39.814434
4970,LTU,1,2050,95406.59,1921.8661,50.074905
4971,LTU,1,2055,112720.586,1831.5244,62.317474
4972,LTU,1,2060,128160.43,1752.2825,74.38144
4973,LTU,1,2065,153004.06,1681.0314,93.1061
4974,LTU,1,2070,181396.58,1617.7291,115.27347
4975,LTU,1,2075,216940.48,1572.0215,143.32475
4976,LTU,1,2080,241905.77,1528.1664,164.88303
4977,LTU,1,2085,283681.78,1493.9259,198.3609
4978,LTU,1,2090,343550.7,1466.1473,246.3769
4979,LTU,1,2095,381881.6,1442.4698,278.5593
4980,LTU,1,2100,421777.5,1422.2456,312.81595
4981,LTU,2,2020,48856.63,2794.885,17.48073
4982,LTU,2,2025,49192.34,2599.086,18.92693
4983,LTU,2,2030,48287.97,2419.816,19.95566
4984,LTU,2,2035,47054.96,2252.1997,20.892843
4985,LTU,2,2040,46072.99,2101.072,21.923605
4986,LTU,2,2045,45942.414,1971.7054,23.298225
4987,LTU,2,2050,46593.996,1860.7925,25.036318
4988,LTU,2,2055,46732.87,1763.3429,26.496277
4989,LTU,2,2060,47746.36,1675.421,28.493816
4990,LTU,2,2065,49033.113,1596.1848,30.696592
4991,LTU,2,2070,49561.0,1525.8732,32.442993
4992,LTU,2,2075,51997.61,1466.4362,35.444695
4993,LTU,2,2080,53213.047,1417.6715,37.537495
4994,LTU,2,2085,55527.734,1376.9565,40.323696
4995,LTU,2,2090,57337.39,1342.4746,42.669193
4996,LTU,2,2095,60064.715,1311.4764,45.729748
4997,LTU,2,2100,62782.516,1282.6224,48.881264
4998,LUX,0,2020,66843.6,630.419,106.03044
4999,LUX,0,2025,82194.99,688.6746,119.351715
5000,LUX,0,2030,101084.92,746.91956,135.33344
5001,LUX,0,2035,121266.445,803.41455,150.94478
5002,LUX,0,2040,146447.02,856.06836,171.01031
5003,LUX,0,2045,174878.75,903.15326,193.48973
5004,LUX,0,2050,207474.0,943.9207,219.62451
5005,LUX,0,2055,242283.16,977.44946,247.65244
5006,LUX,0,2060,279705.06,1005.95856,277.62234
5007,LUX,0,2065,321583.2,1030.495,311.3998
5008,LUX,0,2070,365356.94,1051.8567,346.69315
5009,LUX,0,2075,422792.28,1069.5842,394.50113
5010,LUX,0,2080,481636.5,1083.5208,443.10748
5011,LUX,0,2085,546316.2,1093.1172,497.84567
5012,LUX,0,2090,599498.6,1099.4562,543.5486
5013,LUX,0,2095,672584.25,1104.1967,606.17755
5014,LUX,0,2100,760376.75,1105.9484,683.84534
5015,LUX,1,2020,66843.6,630.419,106.03044
5016,LUX,1,2025,83405.05,689.44635,120.984955
5017,LUX,1,2030,107421.19,748.3574,143.58754
5018,LUX,1,2035,135331.95,806.5081,168.23149
5019,LUX,1,2040,170701.95,864.69745,198.2351
5020,LUX,1,2045,224433.48,919.4409,246.189
5021,LUX,1,2050,299278.47,969.07306,312.9499
5022,LUX,1,2055,366091.8,1010.22455,368.89468
5023,LUX,1,2060,465750.75,1048.4724,454.1747
5024,LUX,1,2065,593618.75,1080.6719,565.47174
5025,LUX,1,2070,757084.75,1109.8916,707.053
5026,LUX,1,2075,911982.0,1136.2511,835.9443
5027,LUX,1,2080,1052417.8,1164.4071,945.2086
5028,LUX,1,2085,1262061.6,1186.1147,1122.8041
5029,LUX,1,2090,1532015.6,1205.264,1352.2821
5030,LUX,1,2095,1747382.4,1222.7627,1526.459
5031,LUX,1,2100,1984643.6,1233.4785,1728.4634
5032,LUX,2,2020,66843.6,630.419,106.03043
5033,LUX,2,2025,78509.5,688.9942,113.94447
5034,LUX,2,2030,90363.48,748.03314,120.80486
5035,LUX,2,2035,101249.21,805.7042,125.67691
5036,LUX,2,2040,112462.84,859.6668,130.86093
5037,LUX,2,2045,126442.07,908.0677,139.34067
5038,LUX,2,2050,140085.39,950.6054,147.48196
5039,LUX,2,2055,156171.2,986.3127,158.37456
5040,LUX,2,2060,167977.89,1016.86646,165.25143
5041,LUX,2,2065,183554.83,1043.647,175.98149
5042,LUX,2,2070,197582.92,1067.0505,185.25795
5043,LUX,2,2075,216281.72,1086.5237,199.14218
5044,LUX,2,2080,234389.94,1102.1506,212.54576
5045,LUX,2,2085,249306.66,1113.4551,223.76225
5046,LUX,2,2090,264015.84,1121.0079,235.21397
5047,LUX,2,2095,275652.9,1126.9231,244.30267
5048,LUX,2,2100,291132.97,1129.8807,257.96783
5049,LVA,0,2020,29493.748,1900.449,15.519358
5050,LVA,0,2025,33027.1,1795.7948,18.391201
5051,LVA,0,2030,36583.793,1696.2958,21.563753
5052,LVA,0,2035,40866.758,1602.2587,25.506056
5053,LVA,0,2040,46107.95,1521.474,30.314497
5054,LVA,0,2045,51565.9,1454.3616,35.498207
5055,LVA,0,2050,56508.367,1397.3615,40.534283
5056,LVA,0,2055,62336.016,1345.5469,46.492443
5057,LVA,0,2060,67041.13,1294.395,51.999374
5058,LVA,0,2065,75403.91,1246.7659,60.714043
5059,LVA,0,2070,87424.55,1204.8612,72.82814
5060,LVA,0,2075,97067.93,1169.4108,83.317604
5061,LVA,0,2080,104056.85,1140.5277,91.77332
5062,LVA,0,2085,116776.1,1116.1371,105.090775
5063,LVA,0,2090,122970.836,1093.5593,112.89829
5064,LVA,0,2095,134976.86,1072.7043,126.32608
5065,LVA,0,2100,152186.56,1051.2937,145.15416
5066,LVA,1,2020,29493.748,1900.449,15.519358
5067,LVA,1,2025,34107.332,1804.2073,18.908028
5068,LVA,1,2030,35860.035,1711.9417,20.960796
5069,LVA,1,2035,42456.227,1622.0625,26.195278
5070,LVA,1,2040,48395.24,1546.8154,31.325235
5071,LVA,1,2045,57996.766,1487.5204,39.11776
5072,LVA,1,2050,71392.766,1438.7405,49.961056
5073,LVA,1,2055,85134.88,1389.6106,62.025066
5074,LVA,1,2060,97268.27,1345.4502,73.242485
5075,LVA,1,2065,107080.58,1303.9906,83.048294
5076,LVA,1,2070,129993.22,1266.0996,103.83057
5077,LVA,1,2075,158666.22,1232.6206,129.91797
5078,LVA,1,2080,189346.2,1205.72,158.3654
5079,LVA,1,2085,208110.31,1180.175,177.69446
5080,LVA,1,2090,250355.81,1159.669,218.77737
5081,LVA,1,2095,310750.0,1137.9225,276.5112
5082,LVA,1,2100,338481.62,1116.117,307.51944
5083,LVA,2,2020,29493.748,1900.449,15.519357
5084,LVA,2,2025,31862.045,1796.7332,17.733591
5085,LVA,2,2030,32267.174,1698.0049,19.001398
5086,LVA,2,2035,33314.02,1604.4319,20.768774
5087,LVA,2,2040,34317.543,1524.4232,22.534107
5088,LVA,2,2045,34877.273,1457.9386,23.950253
5089,LVA,2,2050,36926.496,1402.0977,26.375607
5090,LVA,2,2055,38668.395,1351.3147,28.664381
5091,LVA,2,2060,41787.867,1301.94,32.1183
5092,LVA,2,2065,42152.555,1256.3118,33.567177
5093,LVA,2,2070,43395.28,1215.076,35.799065
5094,LVA,2,2075,47170.38,1180.6901,40.05331
5095,LVA,2,2080,48115.906,1153.3569,41.884045
5096,LVA,2,2085,49993.273,1129.7819,44.455624
5097,LVA,2,2090,53088.168,1107.7338,48.216076
5098,LVA,2,2095,58247.1,1087.3513,53.88722
5099,LVA,2,2100,60066.555,1067.1182,56.641792
5100,MAC,0,2020,23585.758,676.283,34.875572
5101,MAC,0,2025,28162.227,717.3748,39.249413
5102,MAC,0,2030,34046.438,755.4068,45.069283
5103,MAC,0,2035,39068.285,788.68994,49.530643
5104,MAC,0,2040,46298.875,816.926,56.716164
5105,MAC,0,2045,52981.293,841.4599,62.963078
5106,MAC,0,2050,62157.92,863.2375,72.102234
5107,MAC,0,2055,73837.99,882.63916,83.84563
5108,MAC,0,2060,86512.195,903.03625,95.80893
5109,MAC,0,2065,95753.1,914.42004,104.69852
5110,MAC,0,2070,102287.66,925.7114,110.18313
5111,MAC,0,2075,113276.7,942.3049,120.01941
5112,MAC,0,2080,127310.24,958.5461,132.70212
5113,MAC,0,2085,147979.95,976.0042,151.73068
5114,MAC,0,2090,162681.94,990.42316,164.69815
5115,MAC,0,2095,177501.12,1008.90076,176.1436
5116,MAC,0,2100,214369.69,1033.8173,207.16992
5117,MAC,1,2020,23585.758,676.283,34.875572
5118,MAC,1,2025,31165.201,719.0756,43.395535
5119,MAC,1,2030,37641.96,755.67126,49.865223
5120,MAC,1,2035,48546.664,792.771,61.22029
5121,MAC,1,2040,60256.703,819.3753,73.49288
5122,MAC,1,2045,69445.22,845.8303,82.34836
5123,MAC,1,2050,89818.38,874.4264,103.74909
5124,MAC,1,2055,115032.06,891.1334,129.35716
5125,MAC,1,2060,145797.55,905.96906,160.44861
5126,MAC,1,2065,173564.92,915.8513,188.45183
5127,MAC,1,2070,237021.31,936.59924,251.60178
5128,MAC,1,2075,350900.03,955.1574,365.64386
5129,MAC,1,2080,341857.28,977.5164,348.59247
5130,MAC,1,2085,416321.4,992.7226,415.54706
5131,MAC,1,2090,477120.28,1019.1308,467.91248
5132,MAC,1,2095,542365.8,1038.9174,520.3592
5133,MAC,1,2100,602765.94,1056.469,570.2106
5134,MAC,2,2020,23585.758,676.283,34.875572
5135,MAC,2,2025,26159.557,717.65985,36.456673
5136,MAC,2,2030,28841.158,756.0394,38.159203
5137,MAC,2,2035,30625.4,791.08887,38.71349
5138,MAC,2,2040,33504.08,819.4735,40.91908
5139,MAC,2,2045,34744.797,843.56744,41.241722
5140,MAC,2,2050,35781.89,865.45544,41.42279
5141,MAC,2,2055,36946.473,884.68024,41.7383
5142,MAC,2,2060,39290.312,902.5743,43.51839
5143,MAC,2,2065,41198.316,913.02203,45.13841
5144,MAC,2,2070,43239.742,927.00696,46.647438
5145,MAC,2,2075,46750.59,942.2858,49.5599
5146,MAC,2,2080,50882.58,958.8162,53.042336
5147,MAC,2,2085,55589.21,974.9273,57.06972
5148,MAC,2,2090,60873.688,988.15436,61.774952
5149,MAC,2,2095,63437.867,1006.7113,63.25134
5150,MAC,2,2100,69232.11,1030.6058,67.28941
5151,MAR,0,2020,116327.73,36688.773,3.1706626
5152,MAR,0,2025,139433.6,38592.62,3.6126778
5153,MAR,0,2030,175989.23,40189.2,4.3780003
5154,MAR,0,2035,208312.25,41514.355,5.016529
5155,MAR,0,2040,245752.9,42586.86,5.768657
5156,MAR,0,2045,289926.5,43429.438,6.6721325
5157,MAR,0,2050,346140.8,44064.29,7.850067
5158,MAR,0,2055,416971.03,44517.31,9.361556
5159,MAR,0,2060,469297.22,44770.992,10.476945
5160,MAR,0,2065,515940.62,44807.19,11.501952
5161,MAR,0,2070,584421.0,44630.426,13.077654
5162,MAR,0,2075,692509.25,44279.926,15.621023
5163,MAR,0,2080,762542.25,43817.242,17.383913
5164,MAR,0,2085,863263.0,43302.68,19.932486
5165,MAR,0,2090,958421.06,42749.793,22.409607
5166,MAR,0,2095,1070056.2,42126.105,25.351625
5167,MAR,0,2100,1216006.2,41362.42,29.318
5168,MAR,1,2020,116327.73,36688.773,3.1706626
5169,MAR,1,2025,152630.11,38603.047,3.9542916
5170,MAR,1,2030,189143.88,40198.965,4.703997
5171,MAR,1,2035,251682.42,41520.973,6.0583415
5172,MAR,1,2040,327389.84,42617.734,7.676836
5173,MAR,1,2045,391507.97,43530.19,8.986432
5174,MAR,1,2050,507212.22,44232.613,11.438328
5175,MAR,1,2055,660807.2,44693.777,14.735612
5176,MAR,1,2060,817329.44,44963.426,18.113314
5177,MAR,1,2065,1150150.4,45003.1,25.493097
5178,MAR,1,2070,1381043.1,44796.59,30.747082
5179,MAR,1,2075,1880138.4,44432.203,42.24944
5180,MAR,1,2080,1721138.1,44026.56,38.916286
5181,MAR,1,2085,2149229.2,43595.152,49.08746
5182,MAR,1,2090,2684426.8,43091.195,62.003464
5183,MAR,1,2095,3294745.0,42504.566,77.13402
5184,MAR,1,2100,3852293.0,41736.934,92.05387
5185,MAR,2,2020,116327.73,36688.773,3.1706626
5186,MAR,2,2025,136453.84,38589.137,3.5359347
5187,MAR,2,2030,154263.84,40178.203,3.839336
5188,MAR,2,2035,170712.34,41502.082,4.112444
5189,MAR,2,2040,190348.12,42588.39,4.467844
5190,MAR,2,2045,215312.31,43454.742,4.9518614
5191,MAR,2,2050,240694.44,44103.535,5.4534817
5192,MAR,2,2055,259756.08,44556.66,5.8260226
5193,MAR,2,2060,283768.72,44808.0,6.329448
5194,MAR,2,2065,304606.56,44837.188,6.791258
5195,MAR,2,2070,322709.84,44646.914,7.2247653
5196,MAR,2,2075,342551.2,44291.957,7.7261157
5197,MAR,2,2080,370125.22,43819.215,8.436687
5198,MAR,2,2085,392929.16,43293.336,9.063876
5199,MAR,2,2090,428017.16,42728.406,9.995847
5200,MAR,2,2095,440792.78,42092.688,10.449645
5201,MAR,2,2100,490963.5,41320.492,11.848138
5202,MDA,0,2020,8517.942,2635.13,3.2324562
5203,MDA,0,2025,9987.85,2597.2634,3.8454475
5204,MDA,0,2030,11663.224,2540.7925,4.590523
5205,MDA,0,2035,13822.155,2470.002,5.5957985
5206,MDA,0,2040,15563.774,2388.2493,6.513553
5207,MDA,0,2045,17960.586,2302.7168,7.7961955
5208,MDA,0,2050,20951.666,2216.6758,9.441595
5209,MDA,0,2055,23230.125,2131.9824,10.890631
5210,MDA,0,2060,24896.4,2044.7877,12.1884
5211,MDA,0,2065,27982.877,1956.1165,14.340079
5212,MDA,0,2070,30074.436,1865.2832,16.205175
5213,MDA,0,2075,33677.668,1777.4496,19.065865
5214,MDA,0,2080,32688.486,1698.6051,19.348661
5215,MDA,0,2085,34786.832,1632.9504,21.46471
5216,MDA,0,2090,38901.52,1578.9143,24.868671
5217,MDA,0,2095,42690.445,1531.1971,28.143923
5218,MDA,0,2100,45111.117,1485.9187,30.649912
5219,MDA,1,2020,8517.942,2635.13,3.2324562
5220,MDA,1,2025,10649.465,2598.648,4.097822
5221,MDA,1,2030,12125.8955,2544.9795,4.7660584
5222,MDA,1,2035,14693.729,2482.013,5.9307675
5223,MDA,1,2040,17102.25,2405.1125,7.120489
5224,MDA,1,2045,20810.633,2325.7334,8.977482
5225,MDA,1,2050,27199.617,2251.7495,12.160183
5226,MDA,1,2055,29143.744,2180.7131,13.44203
5227,MDA,1,2060,35279.973,2104.6,16.898243
5228,MDA,1,2065,49121.902,2022.9563,24.559196
5229,MDA,1,2070,58994.348,1935.872,30.892443
5230,MDA,1,2075,70333.08,1849.9032,38.74975
5231,MDA,1,2080,59769.586,1774.6321,34.261066
5232,MDA,1,2085,72340.96,1715.9531,43.112167
5233,MDA,1,2090,92500.94,1668.7933,56.91335
5234,MDA,1,2095,114405.07,1629.0454,72.272575
5235,MDA,1,2100,134711.1,1590.5911,87.58553
5236,MDA,2,2020,8517.942,2635.13,3.2324564
5237,MDA,2,2025,9233.259,2598.1084,3.5537012
5238,MDA,2,2030,10021.151,2542.3735,3.9418054
5239,MDA,2,2035,10103.022,2472.4724,4.085058
5240,MDA,2,2040,10321.8,2392.2024,4.3158507
5241,MDA,2,2045,10857.939,2307.8667,4.705423
5242,MDA,2,2050,10768.399,2223.2366,4.8483553
5243,MDA,2,2055,11104.098,2138.2415,5.195276
5244,MDA,2,2060,11101.519,2051.5608,5.4140368
5245,MDA,2,2065,11907.137,1963.4303,6.061356
5246,MDA,2,2070,12108.771,1872.9358,6.454428
5247,MDA,2,2075,12358.213,1785.4951,6.900179
5248,MDA,2,2080,12393.265,1707.1603,7.2351193
5249,MDA,2,2085,13193.137,1641.0381,8.004858
5250,MDA,2,2090,13974.673,1585.9141,8.765553
5251,MDA,2,2095,15025.764,1537.9746,9.711599
5252,MDA,2,2100,16182.318,1493.1837,10.773621
5253,MDG,0,2020,12410.716,28225.178,0.43970373
5254,MDG,0,2025,17197.533,32093.213,0.535847
5255,MDG,0,2030,24791.803,36231.65,0.6842284
5256,MDG,0,2035,33471.453,40561.387,0.8253858
5257,MDG,0,2040,45824.035,45064.324,1.0170838
5258,MDG,0,2045,61514.746,49738.004,1.2367244
5259,MDG,0,2050,83576.49,54566.332,1.5317893
5260,MDG,0,2055,109703.36,59529.38,1.8416263
5261,MDG,0,2060,143292.61,64553.816,2.2171168
5262,MDG,0,2065,180708.52,69619.87,2.5929039
5263,MDG,0,2070,236306.47,74687.28,3.157216
5264,MDG,0,2075,296869.5,79755.81,3.7126918
5265,MDG,0,2080,338559.53,84796.98,3.9812224
5266,MDG,0,2085,439404.47,89767.42,4.8872795
5267,MDG,0,2090,538676.4,94631.336,5.6820655
5268,MDG,0,2095,651470.3,99372.73,6.5455785
5269,MDG,0,2100,774030.94,103957.016,7.446497
5270,MDG,1,2020,12410.716,28225.178,0.43970373
5271,MDG,1,2025,17779.734,32115.076,0.5537051
5272,MDG,1,2030,27417.373,36313.13,0.7552322
5273,MDG,1,2035,40982.91,40717.363,1.007682
5274,MDG,1,2040,58111.703,45300.92,1.2857062
5275,MDG,1,2045,85257.55,50080.598,1.7085261
5276,MDG,1,2050,123420.43,55031.746,2.2535276
5277,MDG,1,2055,149212.27,60214.58,2.495201
5278,MDG,1,2060,207570.06,65533.195,3.1899967
5279,MDG,1,2065,296718.22,70909.42,4.2295275
5280,MDG,1,2070,410844.0,76243.945,5.46674
5281,MDG,1,2075,560909.25,81612.98,6.9927435
5282,MDG,1,2080,560003.9,86977.375,6.552767
5283,MDG,1,2085,740986.8,92328.375,8.194183
5284,MDG,1,2090,993360.6,97671.88,10.422307
5285,MDG,1,2095,1332046.1,103019.54,13.349872
5286,MDG,1,2100,1682399.6,108267.53,16.101706
5287,MDG,2,2020,12410.716,28225.178,0.43970376
5288,MDG,2,2025,16192.439,32092.934,0.5045661
5289,MDG,2,2030,20760.916,36230.59,0.5730342
5290,MDG,2,2035,25797.959,40557.36,0.63636017
5291,MDG,2,2040,32638.752,45056.52,0.72476625
5292,MDG,2,2045,41159.535,49708.914,0.8283706
5293,MDG,2,2050,49940.88,54524.266,0.916048
5294,MDG,2,2055,62777.15,59474.395,1.0557495
5295,MDG,2,2060,76592.81,64493.2,1.1887146
5296,MDG,2,2065,94311.39,69571.21,1.3580431
5297,MDG,2,2070,111176.16,74643.84,1.4907053
5298,MDG,2,2075,133694.22,79709.12,1.6795133
5299,MDG,2,2080,160685.5,84762.34,1.8986219
5300,MDG,2,2085,185989.89,89738.31,2.0769472
5301,MDG,2,2090,223632.58,94645.805,2.367523
5302,MDG,2,2095,267160.0,99436.57,2.6942985
5303,MDG,2,2100,306468.44,104073.76,2.9506726
5304,MDV,0,2020,3735.4211,514.438,7.261169
5305,MDV,0,2025,4854.8477,586.82336,8.272761
5306,MDV,0,2030,6329.324,648.19794,9.769759
5307,MDV,0,2035,7632.3,698.61584,10.929696
5308,MDV,0,2040,9416.084,745.06213,12.639199
5309,MDV,0,2045,11294.893,789.0697,14.332594
5310,MDV,0,2050,13928.27,828.77795,16.828423
5311,MDV,0,2055,16962.996,864.1336,19.652628
5312,MDV,0,2060,20339.459,894.86707,22.738924
5313,MDV,0,2065,23363.914,918.47656,25.47403
5314,MDV,0,2070,25698.344,936.09937,27.543169
5315,MDV,0,2075,28701.611,947.0088,30.41579
5316,MDV,0,2080,32563.582,953.1772,34.337303
5317,MDV,0,2085,37074.742,956.30383,39.036842
5318,MDV,0,2090,40310.875,956.39716,42.50298
5319,MDV,0,2095,44926.332,957.5474,47.548447
5320,MDV,0,2100,52815.89,961.25256,55.77668
5321,MDV,1,2020,3735.421,514.438,7.261169
5322,MDV,1,2025,5350.2666,589.3117,9.081037
5323,MDV,1,2030,6809.1587,653.8577,10.420445
5324,MDV,1,2035,8861.331,706.523,12.571372
5325,MDV,1,2040,11629.217,756.20654,15.451342
5326,MDV,1,2045,13784.337,802.6851,17.25722
5327,MDV,1,2050,18021.871,847.4813,21.38901
5328,MDV,1,2055,23540.52,886.3915,26.791414
5329,MDV,1,2060,30172.66,919.54425,33.184265
5330,MDV,1,2065,38040.168,950.38275,40.90045
5331,MDV,1,2070,51787.977,975.003,54.89765
5332,MDV,1,2075,80648.29,998.41864,85.01919
5333,MDV,1,2080,77502.12,1012.2748,80.63852
5334,MDV,1,2085,93898.3,1025.9855,97.35948
5335,MDV,1,2090,109469.47,1037.1039,113.44752
5336,MDV,1,2095,124670.98,1053.5043,129.05936
5337,MDV,1,2100,151032.8,1075.6095,155.66489
5338,MDV,2,2020,3735.4211,514.438,7.261169
5339,MDV,2,2025,4580.664,587.234,7.8011427
5340,MDV,2,2030,5513.679,648.93665,8.4965105
5341,MDV,2,2035,6169.5835,699.57,8.818156
5342,MDV,2,2040,7030.4883,746.2488,9.42423
5343,MDV,2,2045,7605.285,791.9234,9.61296
5344,MDV,2,2050,8208.274,832.7457,9.862267
5345,MDV,2,2055,8804.504,869.15497,10.14111
5346,MDV,2,2060,9689.365,900.81335,10.777814
5347,MDV,2,2065,10716.915,925.1576,11.613759
5348,MDV,2,2070,11352.598,943.3268,12.074815
5349,MDV,2,2075,12464.431,955.42126,13.114029
5350,MDV,2,2080,13503.918,962.8371,14.087001
5351,MDV,2,2085,14842.043,966.7424,15.406462
5352,MDV,2,2090,16241.336,969.3949,16.826363
5353,MDV,2,2095,17308.754,971.94226,17.85185
5354,MDV,2,2100,18768.475,977.4411,19.235746
5355,MEX,0,2020,1184282.4,125998.305,9.399193
5356,MEX,0,2025,1410805.1,132064.45,10.6827135
5357,MEX,0,2030,1722072.8,137158.97,12.554049
5358,MEX,0,2035,1987642.9,141316.25,14.063967
5359,MEX,0,2040,2330711.8,144597.25,16.118088
5360,MEX,0,2045,2712968.0,147056.06,18.449118
5361,MEX,0,2050,3142667.2,148728.14,21.125559
5362,MEX,0,2055,3559246.2,149658.16,23.77062
5363,MEX,0,2060,4150245.5,149871.08,27.691402
5364,MEX,0,2065,4679511.0,149446.84,31.320118
5365,MEX,0,2070,5268356.0,148550.95,35.477604
5366,MEX,0,2075,5999179.5,147204.67,40.769596
5367,MEX,0,2080,6638635.5,145445.88,45.63642
5368,MEX,0,2085,7358099.5,143373.03,51.314457
5369,MEX,0,2090,8188289.0,140975.47,58.05032
5370,MEX,0,2095,8907805.0,138367.5,64.448105
5371,MEX,0,2100,9748555.0,135613.38,72.0454
5372,MEX,1,2020,1184282.4,125998.31,9.399193
5373,MEX,1,2025,1524549.9,132063.58,11.544917
5374,MEX,1,2030,1835227.6,137190.55,13.379885
5375,MEX,1,2035,2324029.5,141355.17,16.457073
5376,MEX,1,2040,2950077.5,144731.69,20.413612
5377,MEX,1,2045,3628212.2,147195.53,24.71656
5378,MEX,1,2050,4609148.5,148859.16,31.08648
5379,MEX,1,2055,5711365.5,149802.8,38.32151
5380,MEX,1,2060,7179055.5,149955.12,48.145847
5381,MEX,1,2065,9024153.0,149499.61,60.80711
5382,MEX,1,2070,11027107.0,148548.14,74.8469
5383,MEX,1,2075,13629119.0,147053.52,93.47199
5384,MEX,1,2080,14609086.0,145231.9,101.48398
5385,MEX,1,2085,17283296.0,143112.1,122.10703
5386,MEX,1,2090,19657584.0,140769.64,141.42499
5387,MEX,1,2095,22021024.0,138307.06,161.20786
5388,MEX,1,2100,25189602.0,135592.8,188.25528
5389,MEX,2,2020,1184282.4,125998.3,9.399193
5390,MEX,2,2025,1330383.0,132054.88,10.0743475
5391,MEX,2,2030,1491632.1,137115.75,10.879346
5392,MEX,2,2035,1628426.2,141242.56,11.530843
5393,MEX,2,2040,1805124.9,144450.39,12.49796
5394,MEX,2,2045,1984382.6,146855.25,13.511827
5395,MEX,2,2050,2153075.0,148478.69,14.499057
5396,MEX,2,2055,2294962.5,149315.78,15.3684845
5397,MEX,2,2060,2455973.0,149431.67,16.432398
5398,MEX,2,2065,2640419.5,148908.64,17.72458
5399,MEX,2,2070,2848956.0,147914.6,19.256895
5400,MEX,2,2075,3036918.5,146497.0,20.732529
5401,MEX,2,2080,3279242.5,144690.78,22.643297
5402,MEX,2,2085,3422099.2,142514.06,23.980194
5403,MEX,2,2090,3651034.0,140023.28,26.021244
5404,MEX,2,2095,3950585.5,137317.5,28.679453
5405,MEX,2,2100,4224736.0,134493.9,31.30003
5406,MKD,0,2020,10643.948,2072.531,5.1357245
5407,MKD,0,2025,12526.982,2050.3757,6.109645
5408,MKD,0,2030,14652.03,2009.3723,7.2934203
5409,MKD,0,2035,17386.598,1955.9233,8.890601
5410,MKD,0,2040,19590.59,1893.6079,10.34873
5411,MKD,0,2045,22616.791,1827.2495,12.386591
5412,MKD,0,2050,26361.924,1760.0312,15.000801
5413,MKD,0,2055,29241.787,1691.6204,17.303028
5414,MKD,0,2060,31373.695,1620.4196,19.364925
5415,MKD,0,2065,35294.61,1548.4047,22.78351
5416,MKD,0,2070,37996.445,1475.3479,25.746775
5417,MKD,0,2075,42581.62,1401.4495,30.291834
5418,MKD,0,2080,41059.016,1334.3959,30.74114
5419,MKD,0,2085,43388.383,1274.8243,34.10312
5420,MKD,0,2090,48170.668,1222.8373,39.51133
5421,MKD,0,2095,52251.965,1174.2308,44.71505
5422,MKD,0,2100,54773.75,1128.2872,48.696564
5423,MKD,1,2020,10643.948,2072.531,5.1357245
5424,MKD,1,2025,13377.005,2056.235,6.5106177
5425,MKD,1,2030,15253.499,2021.2245,7.5723114
5426,MKD,1,2035,18513.076,1975.2163,9.4228
5427,MKD,1,2040,21587.744,1922.6478,11.313029
5428,MKD,1,2045,26346.594,1870.2698,14.263418
5429,MKD,1,2050,34337.625,1819.6575,19.320093
5430,MKD,1,2055,36667.566,1773.5533,21.35669
5431,MKD,1,2060,44251.543,1719.4203,26.84792
5432,MKD,1,2065,61246.195,1663.5898,39.019638
5433,MKD,1,2070,73802.08,1614.4084,49.081898
5434,MKD,1,2075,88460.83,1564.0632,61.565575
5435,MKD,1,2080,75546.29,1514.2534,54.43396
5436,MKD,1,2085,90992.914,1472.6118,68.49659
5437,MKD,1,2090,115318.47,1442.636,90.4239
5438,MKD,1,2095,140881.95,1415.4747,114.82663
5439,MKD,1,2100,165777.27,1387.9677,139.15585
5440,MKD,2,2020,10643.948,2072.531,5.1357245
5441,MKD,2,2025,11576.664,2050.4485,5.646118
5442,MKD,2,2030,12583.229,2009.5574,6.262738
5443,MKD,2,2035,12682.627,1954.7489,6.4903383
5444,MKD,2,2040,12963.602,1891.4084,6.8570213
5445,MKD,2,2045,13633.731,1823.6376,7.4759736
5446,MKD,2,2050,13503.253,1755.7903,7.703064
5447,MKD,2,2055,13896.7,1686.8059,8.2542515
5448,MKD,2,2060,13866.445,1615.2688,8.601819
5449,MKD,2,2065,14829.288,1542.9459,9.630279
5450,MKD,2,2070,15062.324,1470.0892,10.254792
5451,MKD,2,2075,15307.623,1396.683,10.963
5452,MKD,2,2080,15283.983,1329.4071,11.495153
5453,MKD,2,2085,16159.589,1269.7582,12.718115
5454,MKD,2,2090,17031.314,1218.0284,13.926707
5455,MKD,2,2095,18073.271,1169.6061,15.429783
5456,MKD,2,2100,19266.191,1124.2922,17.117125
5457,MLI,0,2020,16044.744,21224.04,0.75597036
5458,MLI,0,2025,22273.29,24454.322,0.9108752
5459,MLI,0,2030,30256.543,27911.902,1.0837625
5460,MLI,0,2035,40917.406,31573.39,1.2954537
5461,MLI,0,2040,56186.633,35312.594,1.5903345
5462,MLI,0,2045,75062.164,39069.93,1.921551
5463,MLI,0,2050,98260.44,42827.54,2.2962208
5464,MLI,0,2055,127162.15,46612.023,2.733995
5465,MLI,0,2060,158543.39,50329.094,3.1559198
5466,MLI,0,2065,197854.3,53952.44,3.6672266
5467,MLI,0,2070,245045.52,57397.027,4.270416
5468,MLI,0,2075,299392.5,60710.42,4.942863
5469,MLI,0,2080,351867.1,63851.87,5.527201
5470,MLI,0,2085,419558.5,66805.79,6.2931833
5471,MLI,0,2090,508818.34,69481.99,7.354842
5472,MLI,0,2095,635462.8,71886.05,8.869819
5473,MLI,0,2100,764469.0,74029.664,10.3546
5474,MLI,1,2020,16044.744,21224.04,0.75597036
5475,MLI,1,2025,23937.668,24462.828,0.9787153
5476,MLI,1,2030,32720.277,27920.412,1.1725904
5477,MLI,1,2035,47610.707,31523.883,1.5119576
5478,MLI,1,2040,71721.1,35185.793,2.039643
5479,MLI,1,2045,100021.32,38917.766,2.5676382
5480,MLI,1,2050,152986.86,42677.223,3.578203
5481,MLI,1,2055,209307.94,46449.758,4.4764113
5482,MLI,1,2060,292181.03,50265.652,5.7546077
5483,MLI,1,2065,438856.47,53989.582,8.058545
5484,MLI,1,2070,566385.25,57512.51,9.7573595
5485,MLI,1,2075,748480.9,60807.297,12.201789
5486,MLI,1,2080,690535.56,63936.547,10.701747
5487,MLI,1,2085,898478.94,66835.6,13.32984
5488,MLI,1,2090,1162443.0,69691.164,16.491814
5489,MLI,1,2095,1506870.5,72337.32,20.519629
5490,MLI,1,2100,1899111.1,74750.11,24.998932
5491,MLI,2,2020,16044.744,21224.04,0.75597036
5492,MLI,2,2025,20828.785,24455.324,0.8517555
5493,MLI,2,2030,26057.59,27921.648,0.93337053
5494,MLI,2,2035,32104.61,31595.14,1.0163583
5495,MLI,2,2040,39940.742,35345.87,1.1303486
5496,MLI,2,2045,49729.13,39098.266,1.2725956
5497,MLI,2,2050,60647.49,42854.168,1.4159377
5498,MLI,2,2055,70871.2,46597.56,1.521159
5499,MLI,2,2060,85391.71,50292.33,1.6962825
5500,MLI,2,2065,99960.48,53887.668,1.8499411
5501,MLI,2,2070,113368.3,57324.76,1.9709308
5502,MLI,2,2075,131789.97,60615.477,2.165334
5503,MLI,2,2080,147846.83,63732.82,2.3045673
5504,MLI,2,2085,173406.28,66641.195,2.587105
5505,MLI,2,2090,202032.72,69320.06,2.8957608
5506,MLI,2,2095,231092.8,71708.31,3.1955428
5507,MLI,2,2100,261712.47,73804.766,3.5007548
5508,MLT,0,2020,13620.326,515.332,26.430197
5509,MLT,0,2025,15295.354,520.0788,29.408968
5510,MLT,0,2030,17526.57,520.9487,33.638157
5511,MLT,0,2035,19785.09,517.6466,38.215637
5512,MLT,0,2040,22520.178,511.65314,44.015877
5513,MLT,0,2045,24827.66,504.15683,49.243397
5514,MLT,0,2050,27840.271,496.84494,56.02237
5515,MLT,0,2055,31197.61,490.42056,63.601772
5516,MLT,0,2060,35111.125,484.0102,72.50204
5517,MLT,0,2065,39270.49,476.38727,82.32206
5518,MLT,0,2070,42678.746,467.10956,91.348495
5519,MLT,0,2075,46169.066,456.2096,101.31779
5520,MLT,0,2080,50021.547,444.99112,112.57675
5521,MLT,0,2085,54980.03,434.98904,126.549614
5522,MLT,0,2090,60177.535,426.39594,141.31831
5523,MLT,0,2095,65786.34,419.61752,157.1334
5524,MLT,0,2100,71334.875,413.6914,172.80705
5525,MLT,1,2020,13620.325,515.332,26.430197
5526,MLT,1,2025,15834.733,520.94995,30.39707
5527,MLT,1,2030,19005.268,523.0442,36.3463
5528,MLT,1,2035,22389.447,520.5657,43.032845
5529,MLT,1,2040,26568.553,515.0307,51.63969
5530,MLT,1,2045,31534.646,507.36212,62.210125
5531,MLT,1,2050,38851.035,500.84036,77.69971
5532,MLT,1,2055,49185.934,495.29636,99.62669
5533,MLT,1,2060,60016.504,489.00143,123.11058
5534,MLT,1,2065,72909.79,481.64554,151.95128
5535,MLT,1,2070,91320.1,473.49707,194.30588
5536,MLT,1,2075,107596.586,462.21036,234.60277
5537,MLT,1,2080,118158.914,450.4951,263.903
5538,MLT,1,2085,134012.05,440.47046,306.51352
5539,MLT,1,2090,156584.3,433.48105,363.92017
5540,MLT,1,2095,177997.39,428.0895,419.20596
5541,MLT,1,2100,202153.11,423.07047,479.5459
5542,MLT,2,2020,13620.325,515.332,26.430195
5543,MLT,2,2025,14866.635,520.0306,28.587261
5544,MLT,2,2030,15772.128,520.97156,30.270388
5545,MLT,2,2035,16520.404,517.59503,31.910406
5546,MLT,2,2040,17277.86,511.84625,33.749046
5547,MLT,2,2045,17862.076,504.3598,35.40543
5548,MLT,2,2050,18427.021,496.90714,37.06082
5549,MLT,2,2055,19029.22,490.26895,38.77317
5550,MLT,2,2060,20151.926,483.6069,41.630074
5551,MLT,2,2065,21221.732,475.77722,44.545166
5552,MLT,2,2070,21663.5,466.19687,46.379738
5553,MLT,2,2075,22902.266,455.08752,50.22288
5554,MLT,2,2080,24210.768,443.92914,54.415764
5555,MLT,2,2085,25302.102,434.06906,58.143143
5556,MLT,2,2090,26226.451,425.6364,61.4925
5557,MLT,2,2095,27362.617,418.95645,65.21329
5558,MLT,2,2100,28592.234,413.12045,69.096924
5559,MMR,0,2020,70133.94,53423.2,1.3127993
5560,MMR,0,2025,83948.39,54980.84,1.5268258
5561,MMR,0,2030,100044.36,56206.562,1.7798415
5562,MMR,0,2035,115772.39,57083.48,2.028107
5563,MMR,0,2040,136306.95,57598.35,2.3667393
5564,MMR,0,2045,165217.84,57782.094,2.8597288
5565,MMR,0,2050,197553.84,57679.945,3.4247801
5566,MMR,0,2055,228481.23,57371.75,3.9828918
5567,MMR,0,2060,268557.6,56896.617,4.7216215
5568,MMR,0,2065,298653.7,56239.99,5.3129325
5569,MMR,0,2070,351459.38,55427.434,6.342941
5570,MMR,0,2075,401937.22,54537.77,7.382895
5571,MMR,0,2080,449968.8,53529.62,8.421632
5572,MMR,0,2085,487789.34,52462.066,9.30829
5573,MMR,0,2090,569535.6,51395.918,11.088886
5574,MMR,0,2095,658766.3,50346.043,13.091939
5575,MMR,0,2100,744414.9,49335.83,15.073338
5576,MMR,1,2020,70133.94,53423.2,1.3127993
5577,MMR,1,2025,90857.8,54984.88,1.6523869
5578,MMR,1,2030,115794.76,56321.785,2.05677
5579,MMR,1,2035,152241.2,57258.56,2.6610208
5580,MMR,1,2040,190654.14,57759.906,3.3023393
5581,MMR,1,2045,217868.73,57993.055,3.7557306
5582,MMR,1,2050,311381.3,58014.55,5.3632765
5583,MMR,1,2055,378689.88,57748.867,6.5605626
5584,MMR,1,2060,451595.97,57300.64,7.8813305
5585,MMR,1,2065,600723.1,56672.008,10.551443
5586,MMR,1,2070,779409.4,55885.383,13.861786
5587,MMR,1,2075,922879.56,55020.844,16.581255
5588,MMR,1,2080,983616.3,54048.04,18.014643
5589,MMR,1,2085,1139879.1,53009.39,21.302734
5590,MMR,1,2090,1321893.6,51940.953,25.171333
5591,MMR,1,2095,1620215.4,50850.215,31.545256
5592,MMR,1,2100,2017812.2,49811.69,39.848915
5593,MMR,2,2020,70133.94,53423.2,1.3127993
5594,MMR,2,2025,81271.055,54951.33,1.4790473
5595,MMR,2,2030,90028.33,56157.688,1.6032753
5596,MMR,2,2035,99612.0,57016.703,1.7473279
5597,MMR,2,2040,113650.8,57512.13,1.9771005
5598,MMR,2,2045,121425.01,57686.13,2.10564
5599,MMR,2,2050,135129.73,57575.684,2.3480875
5600,MMR,2,2055,145342.08,57244.625,2.541078
5601,MMR,2,2060,159380.94,56741.523,2.8103456
5602,MMR,2,2065,170955.38,56079.727,3.0528076
5603,MMR,2,2070,181467.36,55273.746,3.2898386
5604,MMR,2,2075,194367.73,54378.613,3.5828347
5605,MMR,2,2080,210717.48,53384.1,3.9540231
5606,MMR,2,2085,234697.34,52332.4,4.493922
5607,MMR,2,2090,244944.38,51267.406,4.779308
5608,MMR,2,2095,264739.47,50229.297,5.2656894
5609,MMR,2,2100,282963.62,49230.56,5.7364545
5610,MNE,0,2020,4102.873,621.306,6.6036267
5611,MNE,0,2025,4765.1743,617.35205,7.717975
5612,MNE,0,2030,5944.3706,610.9975,9.724994
5613,MNE,0,2035,6772.263,599.6467,11.281596
5614,MNE,0,2040,7495.8525,585.2982,12.795949
5615,MNE,0,2045,8408.282,569.6463,14.74054
5616,MNE,0,2050,9309.739,553.10815,16.806892
5617,MNE,0,2055,10719.288,536.986,19.95451
5618,MNE,0,2060,12648.156,520.61206,24.276922
5619,MNE,0,2065,13593.281,503.43225,26.988276
5620,MNE,0,2070,15118.173,485.72614,31.086601
5621,MNE,0,2075,16780.312,468.45718,35.77545
5622,MNE,0,2080,17201.674,451.55768,38.022602
5623,MNE,0,2085,19514.762,435.20255,44.800034
5624,MNE,0,2090,21635.63,419.73834,51.446293
5625,MNE,0,2095,22488.193,405.8044,55.26647
5626,MNE,0,2100,25589.049,391.96265,65.09548
5627,MNE,1,2020,4102.873,621.306,6.6036267
5628,MNE,1,2025,5065.488,615.9942,8.220117
5629,MNE,1,2030,6327.621,609.2431,10.386368
5630,MNE,1,2035,8811.955,597.339,14.7355
5631,MNE,1,2040,10148.426,580.47046,17.470156
5632,MNE,1,2045,10956.583,560.9452,19.520609
5633,MNE,1,2050,12086.604,543.17487,22.25689
5634,MNE,1,2055,12926.299,526.9458,24.577276
5635,MNE,1,2060,15385.021,513.2088,29.987951
5636,MNE,1,2065,18487.277,495.11667,37.463554
5637,MNE,1,2070,22092.416,476.28586,46.426273
5638,MNE,1,2075,26568.383,458.04916,57.94695
5639,MNE,1,2080,30194.04,439.9019,68.77879
5640,MNE,1,2085,39121.266,421.4771,92.43392
5641,MNE,1,2090,47356.07,403.66547,116.81365
5642,MNE,1,2095,49806.14,389.58264,127.63201
5643,MNE,1,2100,56814.79,375.90054,151.50554
5644,MNE,2,2020,4102.873,621.306,6.6036267
5645,MNE,2,2025,4591.4785,616.9836,7.441433
5646,MNE,2,2030,5101.8696,610.16296,8.363806
5647,MNE,2,2035,5640.7007,598.69073,9.425459
5648,MNE,2,2040,5930.5503,584.24457,10.1536665
5649,MNE,2,2045,6360.0283,568.7626,11.18485
5650,MNE,2,2050,6621.1313,552.4607,11.983856
5651,MNE,2,2055,6830.588,536.8306,12.717203
5652,MNE,2,2060,6994.2095,520.8625,13.455145
5653,MNE,2,2065,7100.228,504.11914,14.134863
5654,MNE,2,2070,7380.341,487.21146,15.224854
5655,MNE,2,2075,7617.8535,470.74686,16.245447
5656,MNE,2,2080,7967.4805,454.35864,17.53325
5657,MNE,2,2085,8425.971,438.46396,19.219631
5658,MNE,2,2090,9025.435,423.19827,21.311491
5659,MNE,2,2095,10040.31,409.22018,24.464466
5660,MNE,2,2100,10256.706,395.50092,25.97324
5661,MNG,0,2020,13711.431,3294.335,4.162124
5662,MNG,0,2025,16598.24,3520.7268,4.714587
5663,MNG,0,2030,20209.924,3710.5547,5.4468827
5664,MNG,0,2035,24875.215,3881.8374,6.4095135
5665,MNG,0,2040,29977.553,4049.0886,7.4074044
5666,MNG,0,2045,36131.83,4215.3086,8.578126
5667,MNG,0,2050,42482.223,4375.317,9.721194
5668,MNG,0,2055,52519.637,4520.8237,11.6241665
5669,MNG,0,2060,62466.81,4644.9224,13.449773
5670,MNG,0,2065,73844.53,4746.3843,15.549756
5671,MNG,0,2070,87509.05,4837.1934,18.056644
5672,MNG,0,2075,99458.72,4928.8906,20.132969
5673,MNG,0,2080,107891.984,5023.4854,21.397345
5674,MNG,0,2085,127337.92,5112.9854,24.81533
5675,MNG,0,2090,151069.23,5190.0693,29.043571
5676,MNG,0,2095,171686.03,5256.2554,32.575253
5677,MNG,0,2100,193867.34,5306.3887,36.482735
5678,MNG,1,2020,13711.431,3294.335,4.162124
5679,MNG,1,2025,16607.188,3526.5923,4.709601
5680,MNG,1,2030,19908.51,3722.38,5.3514733
5681,MNG,1,2035,28545.807,3897.2341,7.3368397
5682,MNG,1,2040,35623.156,4071.789,8.771955
5683,MNG,1,2045,44768.26,4235.4624,10.594066
5684,MNG,1,2050,56673.527,4397.214,12.920244
5685,MNG,1,2055,65970.65,4541.9795,14.601252
5686,MNG,1,2060,84247.96,4672.785,18.163803
5687,MNG,1,2065,110155.24,4789.252,23.217701
5688,MNG,1,2070,135808.06,4894.6875,28.113453
5689,MNG,1,2075,184715.5,5005.698,37.67035
5690,MNG,1,2080,205376.12,5119.599,41.08035
5691,MNG,1,2085,282160.34,5226.0415,55.60447
5692,MNG,1,2090,341416.16,5305.9663,66.39251
5693,MNG,1,2095,407432.88,5374.3955,78.37274
5694,MNG,1,2100,460177.47,5444.0767,87.8496
5695,MNG,2,2020,13711.431,3294.335,4.162124
5696,MNG,2,2025,16178.351,3521.0593,4.5946126
5697,MNG,2,2030,18215.898,3709.7842,4.9099174
5698,MNG,2,2035,20110.467,3880.8604,5.181993
5699,MNG,2,2040,22868.674,4047.5193,5.6508975
5700,MNG,2,2045,25558.012,4210.629,6.070509
5701,MNG,2,2050,29231.059,4369.881,6.6901546
5702,MNG,2,2055,32822.062,4513.2104,7.2743154
5703,MNG,2,2060,37323.098,4635.247,8.054504
5704,MNG,2,2065,41303.117,4736.372,8.719513
5705,MNG,2,2070,43701.473,4827.1064,9.061993
5706,MNG,2,2075,49234.02,4918.4604,10.016704
5707,MNG,2,2080,52542.45,5012.3516,10.489338
5708,MNG,2,2085,58028.64,5101.3306,11.389776
5709,MNG,2,2090,65560.29,5176.8203,12.676213
5710,MNG,2,2095,72524.695,5242.052,13.854788
5711,MNG,2,2100,75811.28,5291.894,14.357371
5712,MOZ,0,2020,18464.217,31178.238,0.5922149
5713,MOZ,0,2025,26284.164,35930.58,0.7315936
5714,MOZ,0,2030,37398.15,41097.367,0.9100031
5715,MOZ,0,2035,51010.727,46636.586,1.0939673
5716,MOZ,0,2040,69472.27,52464.53,1.3235438
5717,MOZ,0,2045,96439.76,58402.4,1.650563
5718,MOZ,0,2050,129234.62,64505.664,2.0036216
5719,MOZ,0,2055,166325.25,70669.4,2.3537366
5720,MOZ,0,2060,210916.28,77097.26,2.7371564
5721,MOZ,0,2065,261191.67,83619.05,3.1240942
5722,MOZ,0,2070,327622.28,90042.414,3.640039
5723,MOZ,0,2075,414851.22,96553.15,4.298848
5724,MOZ,0,2080,491324.38,103006.19,4.7665243
5725,MOZ,0,2085,615102.06,109301.67,5.615342
5726,MOZ,0,2090,732459.44,115449.84,6.322824
5727,MOZ,0,2095,918838.6,121307.945,7.5613723
5728,MOZ,0,2100,1104880.4,126949.93,8.67413
5729,MOZ,1,2020,18464.217,31178.238,0.5922149
5730,MOZ,1,2025,27819.816,35857.797,0.7757415
5731,MOZ,1,2030,39637.902,40956.758,0.96738654
5732,MOZ,1,2035,58719.273,46416.664,1.2636176
5733,MOZ,1,2040,80066.17,52206.688,1.5346259
5734,MOZ,1,2045,111754.11,58576.65,1.914357
5735,MOZ,1,2050,168332.78,64772.816,2.61169
5736,MOZ,1,2055,235655.17,70958.26,3.331296
5737,MOZ,1,2060,335577.0,77500.35,4.3431125
5738,MOZ,1,2065,438168.97,84414.48,5.2228904
5739,MOZ,1,2070,616065.25,91553.11,6.766623
5740,MOZ,1,2075,873579.5,98526.41,8.890884
5741,MOZ,1,2080,897966.75,105542.43,8.569502
5742,MOZ,1,2085,1211412.8,112953.02,10.82148
5743,MOZ,1,2090,1580361.6,120108.93,13.281527
5744,MOZ,1,2095,2097588.0,127260.72,16.673744
5745,MOZ,1,2100,2696542.5,134213.81,20.36742
5746,MOZ,2,2020,18464.217,31178.238,0.5922149
5747,MOZ,2,2025,24493.041,35910.28,0.6820738
5748,MOZ,2,2030,30839.668,41035.555,0.75158
5749,MOZ,2,2035,38535.77,46556.996,0.8275844
5750,MOZ,2,2040,47994.652,52352.85,0.9160109
5751,MOZ,2,2045,61318.977,58304.418,1.0510914
5752,MOZ,2,2050,76524.24,64344.25,1.188892
5753,MOZ,2,2055,94412.68,70456.305,1.3402671
5754,MOZ,2,2060,114576.48,76854.11,1.4919441
5755,MOZ,2,2065,137109.03,83301.4,1.647035
5756,MOZ,2,2070,160872.02,89684.12,1.7957082
5757,MOZ,2,2075,199120.97,96176.164,2.0749142
5758,MOZ,2,2080,239524.73,102527.49,2.3459675
5759,MOZ,2,2085,284824.2,108702.086,2.6332042
5760,MOZ,2,2090,339643.38,114637.6,2.9841
5761,MOZ,2,2095,404222.0,120426.12,3.3788848
5762,MOZ,2,2100,463385.62,125903.73,3.7046545
5763,MRT,0,2020,7242.0176,4498.604,1.6098367
5764,MRT,0,2025,9982.772,5107.7534,1.9544547
5765,MRT,0,2030,13885.242,5745.2515,2.4166446
5766,MRT,0,2035,17957.812,6417.695,2.7984445
5767,MRT,0,2040,23469.84,7117.096,3.2974255
5768,MRT,0,2045,30752.834,7838.456,3.9223037
5769,MRT,0,2050,40494.355,8578.726,4.7180176
5770,MRT,0,2055,51957.285,9323.579,5.5679812
5771,MRT,0,2060,67425.06,10063.161,6.699195
5772,MRT,0,2065,84467.43,10796.504,7.8263497
5773,MRT,0,2070,105598.76,11524.565,9.176073
5774,MRT,0,2075,130219.74,12249.076,10.651679
5775,MRT,0,2080,146743.45,12969.858,11.340213
5776,MRT,0,2085,188341.03,13678.503,13.81239
5777,MRT,0,2090,225166.33,14366.147,15.759557
5778,MRT,0,2095,281877.47,15029.174,18.900303
5779,MRT,0,2100,338509.6,15664.082,21.724524
5780,MRT,1,2020,7242.0176,4498.604,1.6098367
5781,MRT,1,2025,11021.369,5111.5464,2.1561072
5782,MRT,1,2030,15206.277,5758.7437,2.6388655
5783,MRT,1,2035,22537.488,6436.448,3.4981534
5784,MRT,1,2040,32851.082,7139.161,4.5984793
5785,MRT,1,2045,47901.35,7875.183,6.0790033
5786,MRT,1,2050,67226.94,8632.698,7.786136
5787,MRT,1,2055,85912.945,9396.603,9.138109
5788,MRT,1,2060,121444.04,10175.325,11.952944
5789,MRT,1,2065,173839.67,10949.239,15.894785
5790,MRT,1,2070,249422.36,11721.461,21.325048
5791,MRT,1,2075,392181.84,12497.472,31.469135
5792,MRT,1,2080,356435.78,13261.057,26.890444
5793,MRT,1,2085,481459.84,14027.339,34.397404
5794,MRT,1,2090,637787.4,14778.412,43.329357
5795,MRT,1,2095,820353.3,15514.309,53.236565
5796,MRT,1,2100,992365.1,16215.471,62.037987
5797,MRT,2,2020,7242.018,4498.604,1.6098366
5798,MRT,2,2025,9590.399,5110.546,1.8765265
5799,MRT,2,2030,11889.474,5749.957,2.0676904
5800,MRT,2,2035,14907.667,6422.2065,2.3213372
5801,MRT,2,2040,18566.87,7120.5444,2.6068223
5802,MRT,2,2045,23153.37,7841.791,2.9508386
5803,MRT,2,2050,28217.004,8579.834,3.2882662
5804,MRT,2,2055,34038.73,9321.858,3.650705
5805,MRT,2,2060,40533.89,10059.306,4.0289116
5806,MRT,2,2065,48739.176,10792.56,4.5148735
5807,MRT,2,2070,56810.93,11521.231,4.930889
5808,MRT,2,2075,67154.88,12245.502,5.484375
5809,MRT,2,2080,80583.39,12962.464,6.2198534
5810,MRT,2,2085,92277.375,13673.0625,6.742467
5811,MRT,2,2090,104433.96,14363.14,7.2580423
5812,MRT,2,2095,122943.43,15029.388,8.17573
5813,MRT,2,2100,136797.4,15669.276,8.723407
5814,MUS,0,2020,12013.79,1266.014,9.48946
5815,MUS,0,2025,13552.123,1260.0648,10.755166
5816,MUS,0,2030,15699.119,1244.2076,12.619082
5817,MUS,0,2035,17587.637,1219.6798,14.423733
5818,MUS,0,2040,20122.494,1187.446,16.951193
5819,MUS,0,2045,22373.262,1148.7247,19.476295
5820,MUS,0,2050,24826.8,1106.8762,22.423628
5821,MUS,0,2055,27829.92,1063.9519,26.152233
5822,MUS,0,2060,31236.94,1022.2715,30.54986
5823,MUS,0,2065,34160.13,979.929,34.855797
5824,MUS,0,2070,36901.613,937.40436,39.331455
5825,MUS,0,2075,40730.094,894.7284,45.42437
5826,MUS,0,2080,43516.77,852.1392,50.920414
5827,MUS,0,2085,46875.496,810.8207,57.547157
5828,MUS,0,2090,49809.81,772.25806,64.123085
5829,MUS,0,2095,53469.184,735.9572,72.141594
5830,MUS,0,2100,57181.92,702.6975,80.85949
5831,MUS,1,2020,12013.79,1266.014,9.48946
5832,MUS,1,2025,15423.737,1261.7596,12.223732
5833,MUS,1,2030,18488.994,1247.8579,14.817529
5834,MUS,1,2035,23978.027,1226.0096,19.571724
5835,MUS,1,2040,28875.387,1196.6948,24.177626
5836,MUS,1,2045,34408.34,1161.1136,29.717113
5837,MUS,1,2050,43571.973,1119.9111,39.048878
5838,MUS,1,2055,49603.82,1079.9481,46.185444
5839,MUS,1,2060,61562.586,1040.7699,59.538223
5840,MUS,1,2065,73262.03,1000.6349,73.72259
5841,MUS,1,2070,87022.234,960.6116,91.39116
5842,MUS,1,2075,102909.54,919.72766,112.84937
5843,MUS,1,2080,103220.73,877.4087,118.516815
5844,MUS,1,2085,126072.87,836.7834,152.23573
5845,MUS,1,2090,148682.42,797.94464,188.27542
5846,MUS,1,2095,173957.4,761.02106,230.43652
5847,MUS,1,2100,202614.2,728.6967,281.86038
5848,MUS,2,2020,12013.79,1266.014,9.48946
5849,MUS,2,2025,13374.0,1260.1549,10.612891
5850,MUS,2,2030,14254.724,1244.365,11.454959
5851,MUS,2,2035,14987.502,1219.6322,12.288258
5852,MUS,2,2040,15862.445,1187.6823,13.353902
5853,MUS,2,2045,16939.166,1149.1481,14.735413
5854,MUS,2,2050,17431.09,1107.6819,15.727571
5855,MUS,2,2055,18020.19,1065.0912,16.911148
5856,MUS,2,2060,18964.605,1023.7017,18.524918
5857,MUS,2,2065,20319.693,982.0599,20.672335
5858,MUS,2,2070,20635.768,940.24817,21.897259
5859,MUS,2,2075,21344.803,897.7799,23.705114
5860,MUS,2,2080,22459.23,855.0116,26.1576
5861,MUS,2,2085,23045.562,813.4184,28.187763
5862,MUS,2,2090,23661.37,774.4378,30.390125
5863,MUS,2,2095,24596.246,737.8105,33.14655
5864,MUS,2,2100,24750.86,704.28076,34.86885
5865,MWI,0,2020,11052.519,19377.06,0.5703919
5866,MWI,0,2025,15107.687,22143.383,0.6823351
5867,MWI,0,2030,21772.496,25231.514,0.86286736
5868,MWI,0,2035,27945.963,28469.088,0.9815721
5869,MWI,0,2040,37734.484,31767.242,1.18849
5870,MWI,0,2045,50731.5,35185.44,1.4425476
5871,MWI,0,2050,65248.727,38678.617,1.6873033
5872,MWI,0,2055,84662.73,42255.547,2.003691
5873,MWI,0,2060,114287.99,45834.97,2.4948092
5874,MWI,0,2065,145499.8,49460.395,2.945097
5875,MWI,0,2070,192436.38,53147.99,3.6171212
5876,MWI,0,2075,255252.2,56695.95,4.491033
5877,MWI,0,2080,287000.38,60129.49,4.755163
5878,MWI,0,2085,362967.6,63478.65,5.7038636
5879,MWI,0,2090,443318.78,66670.76,6.6201158
5880,MWI,0,2095,544323.2,69525.26,7.793199
5881,MWI,0,2100,659141.8,72261.97,9.047042
5882,MWI,1,2020,11052.519,19377.06,0.5703919
5883,MWI,1,2025,15443.98,22076.148,0.69982153
5884,MWI,1,2030,21808.889,25127.967,0.86844784
5885,MWI,1,2035,32110.598,28451.541,1.1297559
5886,MWI,1,2040,44833.78,31833.4,1.4137869
5887,MWI,1,2045,65806.945,35436.363,1.8670871
5888,MWI,1,2050,95699.44,39158.58,2.4645696
5889,MWI,1,2055,126314.2,43090.863,2.9625208
5890,MWI,1,2060,163745.33,47207.47,3.5267754
5891,MWI,1,2065,228819.77,51155.816,4.5885506
5892,MWI,1,2070,316088.4,55262.445,5.9155555
5893,MWI,1,2075,468572.28,59246.926,8.21996
5894,MWI,1,2080,508809.16,62661.137,8.404032
5895,MWI,1,2085,677382.56,66249.26,10.592249
5896,MWI,1,2090,878004.75,69258.96,13.09656
5897,MWI,1,2095,1105466.0,72527.93,15.74724
5898,MWI,1,2100,1366819.1,76107.77,18.7565
5899,MWI,2,2020,11052.519,19377.06,0.5703919
5900,MWI,2,2025,14344.354,22147.2,0.6476111
5901,MWI,2,2030,18082.463,25237.78,0.7165501
5902,MWI,2,2035,22516.414,28465.29,0.7912005
5903,MWI,2,2040,27854.098,31762.24,0.8770467
5904,MWI,2,2045,35890.395,35143.363,1.0215424
5905,MWI,2,2050,43643.527,38605.188,1.1303322
5906,MWI,2,2055,55053.32,42169.125,1.3044969
5907,MWI,2,2060,69647.95,45721.305,1.5219387
5908,MWI,2,2065,83977.48,49341.95,1.6995084
5909,MWI,2,2070,107375.47,52867.28,2.0281045
5910,MWI,2,2075,117570.96,56278.336,2.0865004
5911,MWI,2,2080,149070.95,59659.906,2.4973717
5912,MWI,2,2085,173716.98,62883.625,2.7578464
5913,MWI,2,2090,191698.08,66005.96,2.8980908
5914,MWI,2,2095,215132.27,68769.11,3.1285906
5915,MWI,2,2100,248351.08,71381.39,3.4755924
5916,MYS,0,2020,349366.9,33199.992,10.523102
5917,MYS,0,2025,414978.06,35188.816,11.793466
5918,MYS,0,2030,513680.8,36954.223,13.899751
5919,MYS,0,2035,601248.0,38431.96,15.642728
5920,MYS,0,2040,699923.4,39617.168,17.66409
5921,MYS,0,2045,824072.9,40604.46,20.28403
5922,MYS,0,2050,945596.5,41448.727,22.796177
5923,MYS,0,2055,1094968.0,42142.496,25.979362
5924,MYS,0,2060,1275151.6,42658.492,29.873917
5925,MYS,0,2065,1402568.6,42947.37,32.634743
5926,MYS,0,2070,1556413.5,43029.047,36.13799
5927,MYS,0,2075,1687701.4,42926.28,39.253323
5928,MYS,0,2080,1859429.0,42704.69,43.45359
5929,MYS,0,2085,2097138.9,42392.734,49.280018
5930,MYS,0,2090,2277306.5,42025.586,53.962963
5931,MYS,0,2095,2527740.0,41608.637,60.416573
5932,MYS,0,2100,2906461.0,41146.98,70.08519
5933,MYS,1,2020,349366.9,33199.992,10.523102
5934,MYS,1,2025,460333.03,35175.21,13.088179
5935,MYS,1,2030,544465.25,36934.395,14.745814
5936,MYS,1,2035,665840.0,38360.84,17.356745
5937,MYS,1,2040,832136.1,39499.797,21.079023
5938,MYS,1,2045,1007151.2,40466.18,24.93797
5939,MYS,1,2050,1312278.2,41257.434,31.887672
5940,MYS,1,2055,1621142.6,41912.96,38.78844
5941,MYS,1,2060,2066442.9,42427.86,48.885742
5942,MYS,1,2065,2483527.2,42651.605,58.51009
5943,MYS,1,2070,3328699.8,42699.63,78.648735
5944,MYS,1,2075,4633373.5,42558.926,109.966866
5945,MYS,1,2080,4496291.5,42323.484,107.21685
5946,MYS,1,2085,5437736.0,41996.816,130.62393
5947,MYS,1,2090,6387609.0,41673.01,154.73544
5948,MYS,1,2095,7215351.0,41285.72,176.81253
5949,MYS,1,2100,7995955.0,40901.24,198.55171
5950,MYS,2,2020,349366.9,33199.992,10.523102
5951,MYS,2,2025,401315.1,35191.33,11.403817
5952,MYS,2,2030,441566.8,36974.742,11.942755
5953,MYS,2,2035,468623.97,38464.477,12.186701
5954,MYS,2,2040,510097.6,39676.64,12.859014
5955,MYS,2,2045,542385.2,40693.76,13.331356
5956,MYS,2,2050,571366.6,41552.953,13.750607
5957,MYS,2,2055,599613.25,42261.273,14.184745
5958,MYS,2,2060,642520.0,42766.87,15.013443
5959,MYS,2,2065,696816.6,43037.76,16.18454
5960,MYS,2,2070,735210.06,43089.25,17.049967
5961,MYS,2,2075,784040.44,42953.61,18.23881
5962,MYS,2,2080,840079.2,42722.863,19.649794
5963,MYS,2,2085,898067.2,42404.36,21.170593
5964,MYS,2,2090,940699.5,42028.168,22.380093
5965,MYS,2,2095,992751.2,41588.824,23.88642
5966,MYS,2,2100,1070511.2,41101.992,26.017715
5967,NAM,0,2020,10474.916,2489.098,4.208318
5968,NAM,0,2025,12976.214,2720.5862,4.769624
5969,NAM,0,2030,16497.748,2948.0364,5.5962205
5970,NAM,0,2035,20303.73,3175.6274,6.3965344
5971,NAM,0,2040,25541.676,3399.737,7.5173945
5972,NAM,0,2045,31245.914,3620.7449,8.637208
5973,NAM,0,2050,38043.14,3830.6204,9.944271
5974,NAM,0,2055,46590.406,4023.6855,11.597806
5975,NAM,0,2060,56761.844,4198.63,13.548035
5976,NAM,0,2065,67183.91,4357.3174,15.4576
5977,NAM,0,2070,78357.79,4502.697,17.442432
5978,NAM,0,2075,92975.46,4626.4,20.144474
5979,NAM,0,2080,106615.64,4733.1787,22.581821
5980,NAM,0,2085,122810.586,4822.363,25.520601
5981,NAM,0,2090,139277.81,4902.751,28.436848
5982,NAM,0,2095,158811.44,4964.109,31.99284
5983,NAM,0,2100,179724.86,5009.3433,35.858986
5984,NAM,1,2020,10474.916,2489.098,4.208318
5985,NAM,1,2025,14705.367,2712.5232,5.420893
5986,NAM,1,2030,19289.709,2934.167,6.5711718
5987,NAM,1,2035,27412.932,3155.1956,8.679529
5988,NAM,1,2040,36174.816,3370.1782,10.72212
5989,NAM,1,2045,47305.03,3582.8394,13.178733
5990,NAM,1,2050,65861.11,3790.7544,17.317118
5991,NAM,1,2055,82013.89,3986.707,20.48199
5992,NAM,1,2060,110344.875,4158.139,26.403587
5993,NAM,1,2065,141614.64,4310.0303,32.693966
5994,NAM,1,2070,181339.0,4458.282,40.529503
5995,NAM,1,2075,230435.28,4590.109,50.04563
5996,NAM,1,2080,248143.86,4699.5435,52.558994
5997,NAM,1,2085,325346.28,4804.894,67.51241
5998,NAM,1,2090,408840.7,4897.4263,83.49505
5999,NAM,1,2095,508195.28,4976.8506,102.192345
6000,NAM,1,2100,626986.4,5033.1904,124.99742
6001,NAM,2,2020,10474.916,2489.098,4.208318
6002,NAM,2,2025,12792.505,2718.0042,4.7065287
6003,NAM,2,2030,14964.297,2945.5066,5.0799637
6004,NAM,2,2035,17286.545,3171.9963,5.449508
6005,NAM,2,2040,20096.516,3392.9082,5.922093
6006,NAM,2,2045,23614.201,3611.887,6.5347557
6007,NAM,2,2050,26678.08,3822.9011,6.974751
6008,NAM,2,2055,30134.084,4015.387,7.4996343
6009,NAM,2,2060,34445.605,4191.813,8.215298
6010,NAM,2,2065,39893.95,4349.352,9.16762
6011,NAM,2,2070,43635.445,4492.5737,9.71084
6012,NAM,2,2075,48496.145,4612.744,10.512575
6013,NAM,2,2080,54756.34,4718.9316,11.600185
6014,NAM,2,2085,60066.2,4804.7944,12.500508
6015,NAM,2,2090,65832.53,4885.1484,13.477197
6016,NAM,2,2095,72716.51,4944.007,14.699596
6017,NAM,2,2100,77121.59,4987.76,15.463389
6018,NCL,0,2020,0.0,271.08,0.0
6019,NCL,0,2025,0.0,284.13586,0.0
6020,NCL,0,2030,0.0,296.6099,0.0
6021,NCL,0,2035,0.0,307.7367,0.0
6022,NCL,0,2040,0.0,318.1806,0.0
6023,NCL,0,2045,0.0,327.2041,0.0
6024,NCL,0,2050,0.0,334.56342,0.0
6025,NCL,0,2055,0.0,340.95505,0.0
6026,NCL,0,2060,0.0,345.82556,0.0
6027,NCL,0,2065,0.0,350.0836,0.0
6028,NCL,0,2070,0.0,353.78296,0.0
6029,NCL,0,2075,0.0,357.15765,0.0
6030,NCL,0,2080,0.0,359.19092,0.0
6031,NCL,0,2085,0.0,360.71927,0.0
6032,NCL,0,2090,0.0,361.86288,0.0
6033,NCL,0,2095,0.0,362.48608,0.0
6034,NCL,0,2100,0.0,362.62457,0.0
6035,NCL,1,2020,0.0,271.08,0.0
6036,NCL,1,2025,0.0,285.39005,0.0
6037,NCL,1,2030,0.0,297.69717,0.0
6038,NCL,1,2035,0.0,309.67776,0.0
6039,NCL,1,2040,0.0,319.805,0.0
6040,NCL,1,2045,0.0,329.38284,0.0
6041,NCL,1,2050,0.0,336.2328,0.0
6042,NCL,1,2055,0.0,341.30173,0.0
6043,NCL,1,2060,0.0,345.7523,0.0
6044,NCL,1,2065,0.0,350.04102,0.0
6045,NCL,1,2070,0.0,353.6016,0.0
6046,NCL,1,2075,0.0,356.43198,0.0
6047,NCL,1,2080,0.0,358.3747,0.0
6048,NCL,1,2085,0.0,360.19086,0.0
6049,NCL,1,2090,0.0,360.7434,0.0
6050,NCL,1,2095,0.0,361.11713,0.0
6051,NCL,1,2100,0.0,360.30145,0.0
6052,NCL,2,2020,0.0,271.08,0.0
6053,NCL,2,2025,0.0,284.4616,0.0
6054,NCL,2,2030,0.0,297.0071,0.0
6055,NCL,2,2035,0.0,308.52072,0.0
6056,NCL,2,2040,0.0,319.34906,0.0
6057,NCL,2,2045,0.0,328.31848,0.0
6058,NCL,2,2050,0.0,335.59692,0.0
6059,NCL,2,2055,0.0,341.72852,0.0
6060,NCL,2,2060,0.0,346.49637,0.0
6061,NCL,2,2065,0.0,350.63947,0.0
6062,NCL,2,2070,0.0,354.0577,0.0
6063,NCL,2,2075,0.0,357.43826,0.0
6064,NCL,2,2080,0.0,359.41394,0.0
6065,NCL,2,2085,0.0,360.76462,0.0
6066,NCL,2,2090,0.0,361.58643,0.0
6067,NCL,2,2095,0.0,362.24997,0.0
6068,NCL,2,2100,0.0,362.42978,0.0
6069,NER,0,2020,12817.072,24333.639,0.5267224
6070,NER,0,2025,19486.072,29204.375,0.6672315
6071,NER,0,2030,29889.957,34861.586,0.85748255
6072,NER,0,2035,42411.23,41284.87,1.0275658
6073,NER,0,2040,62073.688,48414.355,1.2824022
6074,NER,0,2045,91687.05,56196.777,1.6317055
6075,NER,0,2050,127366.19,64576.58,1.9726467
6076,NER,0,2055,173284.08,73563.54,2.355938
6077,NER,0,2060,248752.84,83040.266,2.9958642
6078,NER,0,2065,333717.06,92948.02,3.5870044
6079,NER,0,2070,450264.5,103278.83,4.3461585
6080,NER,0,2075,617581.1,113862.12,5.400538
6081,NER,0,2080,693461.4,124634.805,5.5475545
6082,NER,0,2085,927234.5,135548.38,6.817113
6083,NER,0,2090,1209619.6,146502.6,8.225755
6084,NER,0,2095,1513407.8,157475.27,9.57801
6085,NER,0,2100,1923979.6,168322.06,11.3934355
6086,NER,1,2020,12817.072,24333.639,0.5267224
6087,NER,1,2025,19931.617,29204.709,0.68253314
6088,NER,1,2030,33067.76,34870.996,0.9488279
6089,NER,1,2035,51008.07,41286.066,1.2361873
6090,NER,1,2040,77930.56,48387.09,1.6111852
6091,NER,1,2045,117488.945,56132.105,2.0928767
6092,NER,1,2050,178088.7,64560.105,2.7565198
6093,NER,1,2055,218711.22,73601.9,2.9659483
6094,NER,1,2060,311387.6,83126.89,3.7422485
6095,NER,1,2065,468051.66,92986.31,5.0260205
6096,NER,1,2070,647916.9,103215.75,6.277768
6097,NER,1,2075,929233.25,113680.46,8.168728
6098,NER,1,2080,963542.75,124313.61,7.7472515
6099,NER,1,2085,1409801.6,135048.02,10.45806
6100,NER,1,2090,1771522.2,145856.9,12.153054
6101,NER,1,2095,2300668.2,156694.66,14.692112
6102,NER,1,2100,3235816.0,167530.38,19.35888
6103,NER,2,2020,12817.073,24333.639,0.5267224
6104,NER,2,2025,17715.941,29209.174,0.6065144
6105,NER,2,2030,24241.102,34861.56,0.69533306
6106,NER,2,2035,33330.75,41266.7,0.8076657
6107,NER,2,2040,45135.957,48384.043,0.9327966
6108,NER,2,2045,60928.49,56144.664,1.0850104
6109,NER,2,2050,79615.98,64480.207,1.2347448
6110,NER,2,2055,104145.77,73392.61,1.4192181
6111,NER,2,2060,135709.8,82774.68,1.6393905
6112,NER,2,2065,175659.9,92613.3,1.8977827
6113,NER,2,2070,218851.38,102865.0,2.1295595
6114,NER,2,2075,274499.88,113291.99,2.4251947
6115,NER,2,2080,342835.34,123864.62,2.7689445
6116,NER,2,2085,416757.4,134518.64,3.096921
6117,NER,2,2090,520815.84,145170.7,3.5836816
6118,NER,2,2095,632841.6,155846.03,4.0665545
6119,NER,2,2100,740561.4,166391.47,4.468026
6120,NGA,0,2020,506995.44,208327.4,2.4336474
6121,NGA,0,2025,660243.9,235819.5,2.7997894
6122,NGA,0,2030,908017.3,265596.7,3.4190874
6123,NGA,0,2035,1193966.5,297517.78,4.0133963
6124,NGA,0,2040,1548440.9,330772.56,4.683141
6125,NGA,0,2045,2004285.2,365022.6,5.4912767
6126,NGA,0,2050,2617447.8,399828.06,6.5469975
6127,NGA,0,2055,3404091.0,435041.16,7.8202395
6128,NGA,0,2060,4435949.5,470193.25,9.428108
6129,NGA,0,2065,5496433.5,505441.94,10.8681135
6130,NGA,0,2070,6840289.0,540505.25,12.65182
6131,NGA,0,2075,8363692.0,574819.94,14.5517845
6132,NGA,0,2080,9761008.0,608153.4,16.07437
6133,NGA,0,2085,12125416.0,640360.9,18.960138
6134,NGA,0,2090,14416305.0,671351.6,21.507504
6135,NGA,0,2095,17829040.0,700829.7,25.51874
6136,NGA,0,2100,21519648.0,729071.44,29.54502
6137,NGA,1,2020,506995.44,208327.4,2.4336474
6138,NGA,1,2025,707113.9,235913.34,2.9970813
6139,NGA,1,2030,1011721.56,266122.34,3.799012
6140,NGA,1,2035,1510286.1,298282.84,5.057867
6141,NGA,1,2040,2053118.1,331871.78,6.173566
6142,NGA,1,2045,2763479.0,366883.78,7.502064
6143,NGA,1,2050,4062075.8,402147.28,10.0331
6144,NGA,1,2055,5443422.0,438050.38,12.323252
6145,NGA,1,2060,7172460.5,473645.53,14.995995
6146,NGA,1,2065,9612253.0,509536.84,18.662426
6147,NGA,1,2070,12871274.0,544843.5,23.320293
6148,NGA,1,2075,17113646.0,579888.8,29.077322
6149,NGA,1,2080,19317128.0,613700.0,31.21592
6150,NGA,1,2085,23692216.0,646743.3,36.33238
6151,NGA,1,2090,30567052.0,678205.4,44.70925
6152,NGA,1,2095,40237800.0,708781.25,56.020023
6153,NGA,1,2100,47915064.0,738274.3,64.08708
6154,NGA,2,2020,506995.44,208327.42,2.4336474
6155,NGA,2,2025,630766.7,235821.31,2.6746898
6156,NGA,2,2030,788894.8,265634.38,2.9695427
6157,NGA,2,2035,977057.3,297465.1,3.2835042
6158,NGA,2,2040,1203854.6,330723.2,3.6377087
6159,NGA,2,2045,1480663.0,365078.62,4.0525684
6160,NGA,2,2050,1804267.1,399928.16,4.5080585
6161,NGA,2,2055,2147745.0,435136.8,4.9298606
6162,NGA,2,2060,2520174.8,470375.75,5.352317
6163,NGA,2,2065,2872609.0,505897.0,5.66682
6164,NGA,2,2070,3298620.0,541426.7,6.0717025
6165,NGA,2,2075,3889926.5,576273.25,6.7232904
6166,NGA,2,2080,4584888.0,610268.4,7.4717245
6167,NGA,2,2085,5378254.0,643334.6,8.318725
6168,NGA,2,2090,6168863.0,675318.8,9.0852585
6169,NGA,2,2095,7051054.0,705890.3,9.925636
6170,NGA,2,2100,8072405.0,735333.4,10.924757
6171,NIC,0,2020,13039.045,6755.895,1.9300247
6172,NIC,0,2025,16022.101,7120.6567,2.2500591
6173,NIC,0,2030,20481.691,7439.418,2.7530746
6174,NIC,0,2035,25036.465,7723.1665,3.2414005
6175,NIC,0,2040,30993.727,7974.706,3.8869162
6176,NIC,0,2045,37874.25,8191.6714,4.6266418
6177,NIC,0,2050,45797.08,8369.161,5.476064
6178,NIC,0,2055,54297.54,8510.217,6.385455
6179,NIC,0,2060,63934.15,8609.1,7.4329224
6180,NIC,0,2065,74494.72,8668.877,8.59045
6181,NIC,0,2070,84673.47,8692.924,9.737333
6182,NIC,0,2075,97399.61,8685.756,11.219786
6183,NIC,0,2080,108261.69,8649.365,12.520357
6184,NIC,0,2085,125962.7,8587.003,14.701077
6185,NIC,0,2090,143262.27,8505.084,16.88682
6186,NIC,0,2095,165545.31,8405.435,19.762691
6187,NIC,0,2100,194479.23,8291.031,23.53383
6188,NIC,1,2020,13039.045,6755.895,1.9300246
6189,NIC,1,2025,17422.51,7127.811,2.444144
6190,NIC,1,2030,23269.14,7460.3774,3.1181235
6191,NIC,1,2035,29877.201,7764.5054,3.8455808
6192,NIC,1,2040,38613.848,8046.6997,4.800163
6193,NIC,1,2045,48020.457,8302.455,5.786403
6194,NIC,1,2050,59870.203,8514.591,7.040825
6195,NIC,1,2055,75658.05,8683.014,8.727052
6196,NIC,1,2060,95900.46,8809.756,10.914241
6197,NIC,1,2065,119751.25,8901.103,13.529391
6198,NIC,1,2070,159104.86,8947.238,17.94495
6199,NIC,1,2075,195308.47,8963.836,22.060303
6200,NIC,1,2080,190775.28,8948.712,21.588566
6201,NIC,1,2085,237758.92,8916.484,27.127966
6202,NIC,1,2090,295253.44,8857.937,34.096233
6203,NIC,1,2095,358041.88,8782.89,41.78551
6204,NIC,1,2100,422176.7,8691.991,50.033485
6205,NIC,2,2020,13039.045,6755.895,1.9300247
6206,NIC,2,2025,15532.063,7123.265,2.18042
6207,NIC,2,2030,17642.605,7445.0483,2.3695877
6208,NIC,2,2035,19790.21,7730.0684,2.5602357
6209,NIC,2,2040,22845.379,7982.721,2.862382
6210,NIC,2,2045,26280.084,8201.88,3.2048168
6211,NIC,2,2050,28929.129,8382.817,3.452694
6212,NIC,2,2055,33142.664,8525.352,3.8891492
6213,NIC,2,2060,36761.312,8627.708,4.262408
6214,NIC,2,2065,41477.04,8694.128,4.7703395
6215,NIC,2,2070,45343.26,8723.491,5.2021995
6216,NIC,2,2075,50611.36,8720.318,5.807856
6217,NIC,2,2080,55766.008,8687.393,6.4196267
6218,NIC,2,2085,58710.44,8629.667,6.8054543
6219,NIC,2,2090,64335.555,8551.428,7.527285
6220,NIC,2,2095,69724.68,8456.573,8.252269
6221,NIC,2,2100,74308.64,8348.281,8.907653
6222,NLD,0,2020,818516.3,17441.5,46.929237
6223,NLD,0,2025,911082.9,17610.018,51.736958
6224,NLD,0,2030,1033504.25,17721.412,58.32029
6225,NLD,0,2035,1155741.5,17762.246,65.074814
6226,NLD,0,2040,1301205.6,17713.338,73.47381
6227,NLD,0,2045,1485084.1,17585.32,84.46727
6228,NLD,0,2050,1696966.0,17405.621,97.50065
6229,NLD,0,2055,1928140.1,17200.803,112.10165
6230,NLD,0,2060,2158713.8,16999.477,127.02368
6231,NLD,0,2065,2398894.8,16823.986,142.65819
6232,NLD,0,2070,2637266.5,16676.42,158.27089
6233,NLD,0,2075,2938560.2,16546.754,177.75769
6234,NLD,0,2080,3277645.2,16405.287,200.01271
6235,NLD,0,2085,3593589.0,16246.392,221.63988
6236,NLD,0,2090,3897667.8,16079.547,242.89787
6237,NLD,0,2095,4377923.0,15918.753,275.603
6238,NLD,0,2100,4831290.0,15758.0205,307.07968
6239,NLD,1,2020,818516.3,17441.5,46.929237
6240,NLD,1,2025,939885.5,17609.344,53.370865
6241,NLD,1,2030,1107461.1,17728.871,62.44414
6242,NLD,1,2035,1356443.0,17780.031,76.2748
6243,NLD,1,2040,1640617.1,17737.873,92.50203
6244,NLD,1,2045,1936624.5,17618.982,109.91329
6245,NLD,1,2050,2376602.2,17442.889,136.33228
6246,NLD,1,2055,2947095.8,17232.367,171.17534
6247,NLD,1,2060,3570721.0,17035.81,209.75949
6248,NLD,1,2065,4664640.5,16858.01,276.78995
6249,NLD,1,2070,5769977.5,16708.734,345.62448
6250,NLD,1,2075,6964437.5,16578.076,420.59644
6251,NLD,1,2080,7765554.0,16445.34,473.83337
6252,NLD,1,2085,9278288.0,16288.79,571.626
6253,NLD,1,2090,10157205.0,16114.052,633.61584
6254,NLD,1,2095,11253413.0,15942.449,708.57263
6255,NLD,1,2100,12385568.0,15769.288,789.13043
6256,NLD,2,2020,818516.4,17441.5,46.929237
6257,NLD,2,2025,883804.44,17609.17,50.188904
6258,NLD,2,2030,926291.7,17719.697,52.274536
6259,NLD,2,2035,962801.8,17756.746,54.224983
6260,NLD,2,2040,1006099.75,17708.525,56.81942
6261,NLD,2,2045,1059518.1,17577.902,60.27089
6262,NLD,2,2050,1101220.0,17393.38,63.29483
6263,NLD,2,2055,1149740.4,17189.047,66.87015
6264,NLD,2,2060,1206457.0,16986.102,71.02107
6265,NLD,2,2065,1265917.8,16808.764,75.3183
6266,NLD,2,2070,1324152.6,16661.58,79.479614
6267,NLD,2,2075,1412601.9,16528.629,85.45173
6268,NLD,2,2080,1474976.6,16381.814,89.99865
6269,NLD,2,2085,1558041.2,16213.573,96.016174
6270,NLD,2,2090,1646828.8,16040.823,102.531334
6271,NLD,2,2095,1748251.8,15871.71,109.949234
6272,NLD,2,2100,1838184.4,15701.079,116.802864
6273,NOR,0,2020,410481.34,5379.475,76.30509
6274,NOR,0,2025,467484.25,5585.2686,83.6999
6275,NOR,0,2030,542887.3,5777.0435,93.9767
6276,NOR,0,2035,620941.0,5940.882,104.524475
6277,NOR,0,2040,722141.94,6076.6597,118.85772
6278,NOR,0,2045,836260.6,6184.0596,135.26239
6279,NOR,0,2050,948763.44,6264.3574,151.51094
6280,NOR,0,2055,1082218.9,6322.8706,171.20374
6281,NOR,0,2060,1220523.8,6362.0063,191.82126
6282,NOR,0,2065,1375677.1,6385.608,215.31871
6283,NOR,0,2070,1503043.8,6395.266,235.06233
6284,NOR,0,2075,1692273.5,6394.9824,264.6275
6285,NOR,0,2080,1873708.8,6380.653,293.54922
6286,NOR,0,2085,2089674.0,6350.635,328.91663
6287,NOR,0,2090,2277196.0,6308.9033,360.76
6288,NOR,0,2095,2510036.8,6260.5825,400.88797
6289,NOR,0,2100,2751297.0,6210.786,442.99182
6290,NOR,1,2020,410481.34,5379.475,76.30509
6291,NOR,1,2025,476558.4,5579.546,85.40981
6292,NOR,1,2030,589543.0,5770.664,102.140434
6293,NOR,1,2035,729474.2,5938.1646,122.814224
6294,NOR,1,2040,894626.2,6077.9873,147.17725
6295,NOR,1,2045,1111962.2,6190.162,179.53506
6296,NOR,1,2050,1377120.4,6275.7603,219.15253
6297,NOR,1,2055,1647148.0,6339.372,259.0706
6298,NOR,1,2060,2008669.0,6383.103,313.36887
6299,NOR,1,2065,2481337.5,6410.829,385.79184
6300,NOR,1,2070,3088373.0,6421.5254,479.4848
6301,NOR,1,2075,3660739.5,6424.782,568.1076
6302,NOR,1,2080,4423126.0,6415.4487,689.34564
6303,NOR,1,2085,5055328.5,6387.3315,792.3135
6304,NOR,1,2090,5936759.0,6351.9204,935.5757
6305,NOR,1,2095,6736007.5,6302.83,1070.3903
6306,NOR,1,2100,7719788.0,6250.962,1238.3164
6307,NOR,2,2020,410481.34,5379.475,76.30509
6308,NOR,2,2025,453104.16,5585.371,81.12251
6309,NOR,2,2030,492768.34,5775.0874,85.32101
6310,NOR,2,2035,519869.72,5936.9927,87.56234
6311,NOR,2,2040,553893.2,6071.0522,91.221054
6312,NOR,2,2045,586556.9,6176.876,94.93118
6313,NOR,2,2050,622750.7,6254.856,99.525665
6314,NOR,2,2055,657916.0,6312.963,104.16174
6315,NOR,2,2060,694782.06,6352.8145,109.27709
6316,NOR,2,2065,747574.0,6379.061,117.05079
6317,NOR,2,2070,775719.9,6392.858,121.14441
6318,NOR,2,2075,836305.4,6395.763,130.41776
6319,NOR,2,2080,877366.0,6383.4517,137.03665
6320,NOR,2,2085,917577.1,6357.001,143.9152
6321,NOR,2,2090,959266.1,6317.751,151.28516
6322,NOR,2,2095,998548.25,6273.2153,158.62506
6323,NOR,2,2100,1035789.8,6224.3286,165.71379
6324,NPL,0,2020,30284.049,29348.627,1.0318727
6325,NPL,0,2025,36986.92,31119.006,1.1884618
6326,NPL,0,2030,46462.69,32484.965,1.4300038
6327,NPL,0,2035,56896.18,33505.832,1.6976109
6328,NPL,0,2040,69008.16,34273.406,2.0126157
6329,NPL,0,2045,83852.984,34824.78,2.406105
6330,NPL,0,2050,100409.26,35226.332,2.8476024
6331,NPL,0,2055,120922.65,35467.418,3.402967
6332,NPL,0,2060,141713.84,35440.023,3.9873288
6333,NPL,0,2065,165974.61,35203.5,4.6953516
6334,NPL,0,2070,189291.73,34795.3,5.4089327
6335,NPL,0,2075,216399.1,34195.38,6.2859216
6336,NPL,0,2080,234316.23,33394.65,6.971116
6337,NPL,0,2085,265631.28,32434.908,8.1403055
6338,NPL,0,2090,291814.3,31371.75,9.254575
6339,NPL,0,2095,330917.16,30301.55,10.866918
6340,NPL,0,2100,373981.5,29279.352,12.710226
6341,NPL,1,2020,30284.049,29348.627,1.0318727
6342,NPL,1,2025,40321.48,31057.484,1.2981905
6343,NPL,1,2030,51217.754,32475.947,1.5761132
6344,NPL,1,2035,67487.99,33547.67,2.0112705
6345,NPL,1,2040,86250.9,34448.617,2.5035691
6346,NPL,1,2045,108016.914,35056.332,3.0766273
6347,NPL,1,2050,137768.12,35491.33,3.8765724
6348,NPL,1,2055,169690.69,35644.926,4.7510576
6349,NPL,1,2060,216685.17,35566.363,6.095653
6350,NPL,1,2065,269790.9,35252.348,7.640461
6351,NPL,1,2070,336972.6,34744.434,9.678903
6352,NPL,1,2075,438770.12,34110.85,12.790191
6353,NPL,1,2080,452659.72,33315.23,13.548162
6354,NPL,1,2085,550856.0,32295.87,17.006353
6355,NPL,1,2090,621115.44,31273.08,19.832108
6356,NPL,1,2095,726926.9,30189.814,24.15156
6357,NPL,1,2100,922707.25,29211.129,31.826603
6358,NPL,2,2020,30284.047,29348.627,1.0318727
6359,NPL,2,2025,36243.473,31093.219,1.1656065
6360,NPL,2,2030,40612.62,32450.637,1.2512298
6361,NPL,2,2035,45912.555,33467.51,1.3711118
6362,NPL,2,2040,50548.617,34228.992,1.4756855
6363,NPL,2,2045,57013.742,34796.45,1.6368439
6364,NPL,2,2050,63771.57,35203.75,1.8102759
6365,NPL,2,2055,71324.46,35449.61,2.0109186
6366,NPL,2,2060,78266.78,35457.844,2.2065601
6367,NPL,2,2065,86067.79,35236.6,2.4424052
6368,NPL,2,2070,93736.75,34861.24,2.6919632
6369,NPL,2,2075,101908.766,34277.426,2.9758928
6370,NPL,2,2080,107887.38,33476.63,3.2308264
6371,NPL,2,2085,112372.445,32520.717,3.4643486
6372,NPL,2,2090,117911.63,31484.484,3.7596161
6373,NPL,2,2095,127535.07,30429.121,4.2127366
6374,NPL,2,2100,134379.36,29407.361,4.6025057
6375,NZL,0,2020,204337.84,5090.2,40.14338
6376,NZL,0,2025,238815.95,5267.899,45.338127
6377,NZL,0,2030,280918.2,5420.4893,51.833324
6378,NZL,0,2035,319020.1,5539.7925,57.599957
6379,NZL,0,2040,374553.0,5634.742,66.49536
6380,NZL,0,2045,420791.66,5709.197,73.73739
6381,NZL,0,2050,480657.0,5756.083,83.53813
6382,NZL,0,2055,545646.25,5789.666,94.27615
6383,NZL,0,2060,628556.6,5812.8657,108.208084
6384,NZL,0,2065,719424.44,5832.04,123.424034
6385,NZL,0,2070,809965.0,5848.91,138.58527
6386,NZL,0,2075,926989.44,5855.375,158.53903
6387,NZL,0,2080,1026908.8,5853.4727,175.68683
6388,NZL,0,2085,1146848.6,5834.665,196.92995
6389,NZL,0,2090,1267991.2,5808.8574,218.69618
6390,NZL,0,2095,1395465.5,5776.112,241.86026
6391,NZL,0,2100,1541032.6,5745.405,268.47974
6392,NZL,1,2020,204337.84,5090.2,40.14338
6393,NZL,1,2025,246586.12,5271.1914,46.77028
6394,NZL,1,2030,302461.84,5436.71,55.59378
6395,NZL,1,2035,374584.72,5570.072,67.19125
6396,NZL,1,2040,462158.28,5694.4307,81.09612
6397,NZL,1,2045,552083.0,5781.9004,95.47485
6398,NZL,1,2050,661255.25,5844.9434,113.12465
6399,NZL,1,2055,828781.5,5898.0435,140.75063
6400,NZL,1,2060,960174.4,5936.1084,162.15576
6401,NZL,1,2065,1198109.4,5980.019,201.30211
6402,NZL,1,2070,1510570.1,6010.1445,252.80037
6403,NZL,1,2075,1913058.0,6032.9585,319.02625
6404,NZL,1,2080,2278026.2,6039.9824,379.31964
6405,NZL,1,2085,2593714.2,6030.968,433.61224
6406,NZL,1,2090,3257802.0,6028.164,546.70465
6407,NZL,1,2095,3836441.0,6011.2554,649.64246
6408,NZL,1,2100,4440739.0,5993.873,755.55853
6409,NZL,2,2020,204337.86,5090.2,40.14338
6410,NZL,2,2025,228425.06,5271.8,43.32915
6411,NZL,2,2030,251168.47,5427.7554,46.27855
6412,NZL,2,2035,267744.2,5548.1973,48.272884
6413,NZL,2,2040,290813.16,5646.004,51.522816
6414,NZL,2,2045,311801.78,5722.1846,54.51282
6415,NZL,2,2050,334639.78,5775.2305,57.950874
6416,NZL,2,2055,358058.25,5811.465,61.593987
6417,NZL,2,2060,385723.8,5838.904,66.04083
6418,NZL,2,2065,421635.0,5862.1484,71.87637
6419,NZL,2,2070,445721.9,5886.0635,75.68211
6420,NZL,2,2075,484226.62,5900.7896,82.00178
6421,NZL,2,2080,511709.97,5904.5317,86.64756
6422,NZL,2,2085,542587.5,5887.7817,92.19609
6423,NZL,2,2090,576327.2,5862.6455,98.41344
6424,NZL,2,2095,617719.4,5831.689,106.166466
6425,NZL,2,2100,659059.56,5801.5527,113.88294
6426,OMN,0,2020,81331.555,4543.399,17.901037
6427,OMN,0,2025,101456.89,5115.5176,19.832174
6428,OMN,0,2030,130461.02,5628.6187,23.172571
6429,OMN,0,2035,154943.42,6068.5103,25.606646
6430,OMN,0,2040,188456.55,6489.2285,29.186205
6431,OMN,0,2045,223553.4,6911.52,32.514175
6432,OMN,0,2050,262787.72,7342.512,36.017944
6433,OMN,0,2055,313265.94,7704.7046,41.0051
6434,OMN,0,2060,362135.75,7980.8193,45.790894
6435,OMN,0,2065,402771.34,8205.68,49.4532
6436,OMN,0,2070,455981.22,8378.726,54.867085
6437,OMN,0,2075,520513.62,8523.158,61.688778
6438,OMN,0,2080,603394.25,8649.874,70.400604
6439,OMN,0,2085,690759.9,8754.08,79.59229
6440,OMN,0,2090,792087.2,8849.666,90.17886
6441,OMN,0,2095,863941.25,8932.605,97.40663
6442,OMN,0,2100,977907.0,8997.332,109.28528
6443,OMN,1,2020,81331.555,4543.399,17.901037
6444,OMN,1,2025,105993.73,5114.453,20.754742
6445,OMN,1,2030,141569.83,5661.823,25.072338
6446,OMN,1,2035,187991.17,6079.375,30.96601
6447,OMN,1,2040,225894.6,6543.931,34.82586
6448,OMN,1,2045,309237.5,6946.125,44.872574
6449,OMN,1,2050,396756.12,7358.909,54.159443
6450,OMN,1,2055,544039.56,7691.9253,70.987144
6451,OMN,1,2060,642776.9,8008.54,80.27357
6452,OMN,1,2065,918681.1,8255.9795,110.92818
6453,OMN,1,2070,1084314.4,8431.74,128.46693
6454,OMN,1,2075,1364022.6,8603.087,158.52255
6455,OMN,1,2080,1582127.8,8702.637,181.98337
6456,OMN,1,2085,1860485.8,8782.039,211.7537
6457,OMN,1,2090,2426645.5,8911.304,272.57092
6458,OMN,1,2095,2598988.5,8986.537,289.1993
6459,OMN,1,2100,3132549.5,9071.374,343.30084
6460,OMN,2,2020,81331.555,4543.399,17.901037
6461,OMN,2,2025,95194.69,5110.5034,18.62259
6462,OMN,2,2030,113761.23,5624.6294,20.217644
6463,OMN,2,2035,126996.22,6067.035,20.94317
6464,OMN,2,2040,144114.9,6504.3716,22.163382
6465,OMN,2,2045,157633.77,6928.0366,22.763405
6466,OMN,2,2050,175674.95,7364.2734,23.8479
6467,OMN,2,2055,193831.31,7737.768,25.119356
6468,OMN,2,2060,213185.33,8019.5967,26.635235
6469,OMN,2,2065,236818.83,8259.955,28.673399
6470,OMN,2,2070,248000.86,8431.322,29.377806
6471,OMN,2,2075,277685.72,8577.828,32.316666
6472,OMN,2,2080,296183.62,8710.076,34.012707
6473,OMN,2,2085,317445.75,8812.645,35.98164
6474,OMN,2,2090,335487.34,8912.196,37.488823
6475,OMN,2,2095,378282.6,8997.53,42.013836
6476,OMN,2,2100,425700.28,9068.565,47.114082
6477,PAK,0,2020,363462.5,227196.73,1.59977
6478,PAK,0,2025,460669.7,249422.2,1.8468975
6479,PAK,0,2030,585137.1,270868.25,2.16026
6480,PAK,0,2035,721453.7,291401.5,2.4761405
6481,PAK,0,2040,884389.5,311323.97,2.8416755
6482,PAK,0,2045,1072905.0,330516.72,3.2473972
6483,PAK,0,2050,1318197.8,348519.1,3.7840323
6484,PAK,0,2055,1669206.8,364868.28,4.5763597
6485,PAK,0,2060,2015612.9,378952.0,5.3227525
6486,PAK,0,2065,2364769.2,391037.53,6.052655
6487,PAK,0,2070,2796796.5,401110.28,6.976619
6488,PAK,0,2075,3338599.8,409533.88,8.155234
6489,PAK,0,2080,3801182.0,416097.5,9.137778
6490,PAK,0,2085,4533048.5,420787.2,10.765481
6491,PAK,0,2090,5244699.0,423843.72,12.360878
6492,PAK,0,2095,6004446.0,425215.28,14.10636
6493,PAK,0,2100,6869364.5,425199.72,16.15359
6494,PAK,1,2020,363462.5,227196.73,1.59977
6495,PAK,1,2025,497038.6,249298.28,1.9935441
6496,PAK,1,2030,646858.1,270793.94,2.387929
6497,PAK,1,2035,845600.3,291384.9,2.8998296
6498,PAK,1,2040,1203755.0,311448.5,3.8606837
6499,PAK,1,2045,1546953.4,330202.78,4.6725082
6500,PAK,1,2050,2198585.5,347458.5,6.302278
6501,PAK,1,2055,2897360.0,363535.06,7.9388175
6502,PAK,1,2060,3611137.2,377505.28,9.50387
6503,PAK,1,2065,4653159.0,389664.16,11.834233
6504,PAK,1,2070,6292042.5,400071.84,15.595339
6505,PAK,1,2075,8164427.5,408808.72,19.782036
6506,PAK,1,2080,8858644.0,415704.0,21.089565
6507,PAK,1,2085,11231181.0,420951.38,26.417555
6508,PAK,1,2090,13921950.0,424815.06,32.402866
6509,PAK,1,2095,16629995.0,427428.28,38.418037
6510,PAK,1,2100,20514098.0,428422.94,47.219078
6511,PAK,2,2020,363462.5,227196.75,1.59977
6512,PAK,2,2025,441257.12,249410.45,1.7692531
6513,PAK,2,2030,523116.56,270770.28,1.9321525
6514,PAK,2,2035,598492.9,291129.88,2.0562406
6515,PAK,2,2040,699228.4,310826.2,2.2495537
6516,PAK,2,2045,810594.3,329821.88,2.4575152
6517,PAK,2,2050,927919.56,347509.38,2.6695578
6518,PAK,2,2055,1064424.2,363469.06,2.927981
6519,PAK,2,2060,1194572.9,377165.84,3.1665435
6520,PAK,2,2065,1353932.8,388717.0,3.48198
6521,PAK,2,2070,1527900.2,398318.03,3.836569
6522,PAK,2,2075,1697819.4,406318.84,4.179868
6523,PAK,2,2080,1895415.2,412415.56,4.5969257
6524,PAK,2,2085,2107777.8,416710.8,5.0607514
6525,PAK,2,2090,2327069.8,419261.44,5.553756
6526,PAK,2,2095,2561266.5,420193.2,6.09852
6527,PAK,2,2100,2764928.8,419779.1,6.58648
6528,PAN,0,2020,53566.81,4294.396,12.473654
6529,PAN,0,2025,63992.188,4625.8833,13.833482
6530,PAN,0,2030,77885.35,4947.8325,15.7422495
6531,PAN,0,2035,92523.54,5260.066,17.592161
6532,PAN,0,2040,111022.73,5554.797,19.991121
6533,PAN,0,2045,132342.34,5826.8135,22.714348
6534,PAN,0,2050,159948.42,6073.9946,26.336782
6535,PAN,0,2055,188027.55,6292.9263,29.8985
6536,PAN,0,2060,220634.97,6478.8687,34.083008
6537,PAN,0,2065,256171.97,6636.0283,38.634384
6538,PAN,0,2070,301432.34,6768.0127,44.5633
6539,PAN,0,2075,350326.72,6877.9165,50.948135
6540,PAN,0,2080,395763.4,6964.9077,56.8085
6541,PAN,0,2085,458741.94,7029.27,65.27391
6542,PAN,0,2090,511143.03,7072.2915,72.35299
6543,PAN,0,2095,588080.44,7097.1924,83.029686
6544,PAN,0,2100,650648.56,7101.956,91.76418
6545,PAN,1,2020,53566.81,4294.396,12.473654
6546,PAN,1,2025,67776.64,4633.1577,14.62765
6547,PAN,1,2030,86944.01,4965.6953,17.50305
6548,PAN,1,2035,111389.75,5285.549,21.074131
6549,PAN,1,2040,145166.84,5590.81,25.981192
6550,PAN,1,2045,185064.03,5873.1616,31.544498
6551,PAN,1,2050,244827.56,6131.3394,39.980427
6552,PAN,1,2055,308339.72,6355.5854,48.58832
6553,PAN,1,2060,385412.47,6547.942,58.96776
6554,PAN,1,2065,479831.12,6713.6836,71.68585
6555,PAN,1,2070,617090.94,6850.9688,90.494484
6556,PAN,1,2075,801923.06,6964.7227,115.73855
6557,PAN,1,2080,902932.7,7057.9546,128.76039
6558,PAN,1,2085,1063772.5,7124.939,150.23193
6559,PAN,1,2090,1302248.0,7174.539,182.76988
6560,PAN,1,2095,1525408.2,7209.9497,212.98952
6561,PAN,1,2100,1715762.9,7222.5273,240.41136
6562,PAN,2,2020,53566.812,4294.396,12.473653
6563,PAN,2,2025,62176.168,4626.124,13.440154
6564,PAN,2,2030,71327.47,4948.81,14.413896
6565,PAN,2,2035,78353.92,5261.654,14.893349
6566,PAN,2,2040,87310.0,5558.077,15.709948
6567,PAN,2,2045,99424.055,5830.4297,17.056526
6568,PAN,2,2050,109370.76,6078.5454,18.000187
6569,PAN,2,2055,119435.445,6297.5312,18.97249
6570,PAN,2,2060,133301.11,6483.983,20.572826
6571,PAN,2,2065,147973.02,6642.075,22.302637
6572,PAN,2,2070,160642.22,6775.674,23.729492
6573,PAN,2,2075,177654.14,6886.35,25.813395
6574,PAN,2,2080,185739.27,6972.9155,26.644096
6575,PAN,2,2085,204084.2,7036.3706,29.013166
6576,PAN,2,2090,219101.03,7078.567,30.951004
6577,PAN,2,2095,233570.81,7102.127,32.89367
6578,PAN,2,2100,246153.9,7106.914,34.60371
6579,PER,0,2020,194236.98,33304.758,5.832109
6580,PER,0,2025,241760.14,35396.957,6.829956
6581,PER,0,2030,293411.78,37161.227,7.8964972
6582,PER,0,2035,358222.3,38674.28,9.261973
6583,PER,0,2040,421101.3,39914.863,10.548781
6584,PER,0,2045,500034.06,40952.883,12.210524
6585,PER,0,2050,583216.3,41813.867,13.951452
6586,PER,0,2055,689918.94,42444.695,16.258728
6587,PER,0,2060,792120.2,42874.938,18.482944
6588,PER,0,2065,894320.75,43059.42,20.768866
6589,PER,0,2070,1016407.9,43034.156,23.604656
6590,PER,0,2075,1151951.4,42802.887,26.894436
6591,PER,0,2080,1265744.1,42428.438,29.795044
6592,PER,0,2085,1404157.2,41959.426,33.39841
6593,PER,0,2090,1561645.8,41441.855,37.592144
6594,PER,0,2095,1777537.4,40889.17,43.3658
6595,PER,0,2100,1995171.5,40280.73,49.363365
6596,PER,1,2020,194236.98,33304.758,5.832109
6597,PER,1,2025,253271.88,35383.387,7.1582894
6598,PER,1,2030,319452.47,37152.504,8.5985775
6599,PER,1,2035,411009.12,38735.2,10.604988
6600,PER,1,2040,549252.44,40060.887,13.70058
6601,PER,1,2045,676075.3,41158.56,16.410027
6602,PER,1,2050,887165.44,42098.766,21.06246
6603,PER,1,2055,1104078.4,42761.69,25.811289
6604,PER,1,2060,1400343.1,43274.6,32.4075
6605,PER,1,2065,1715850.9,43468.38,39.53089
6606,PER,1,2070,2272418.5,43445.414,52.489277
6607,PER,1,2075,2654342.8,43247.414,61.872482
6608,PER,1,2080,2657952.0,42954.047,62.512226
6609,PER,1,2085,3204488.0,42548.934,76.24406
6610,PER,1,2090,3670814.2,42032.63,88.80667
6611,PER,1,2095,4254760.0,41490.74,104.63889
6612,PER,1,2100,4965560.5,40841.71,124.53573
6613,PER,2,2020,194236.98,33304.758,5.832109
6614,PER,2,2025,224137.25,35403.305,6.331138
6615,PER,2,2030,256306.56,37203.246,6.888964
6616,PER,2,2035,286422.88,38779.4,7.38329
6617,PER,2,2040,315937.34,40090.824,7.873916
6618,PER,2,2045,359085.2,41190.914,8.707145
6619,PER,2,2050,392497.16,42100.53,9.31024
6620,PER,2,2055,425875.53,42778.58,9.936339
6621,PER,2,2060,459686.1,43246.73,10.611693
6622,PER,2,2065,498671.66,43466.508,11.452779
6623,PER,2,2070,536906.1,43495.344,12.335609
6624,PER,2,2075,584118.2,43320.95,13.483065
6625,PER,2,2080,630355.6,43005.594,14.639782
6626,PER,2,2085,667987.8,42586.58,15.647096
6627,PER,2,2090,731498.56,42103.4,17.33927
6628,PER,2,2095,783598.6,41573.336,18.855341
6629,PER,2,2100,816421.25,40997.496,19.929571
6630,PHL,0,2020,363357.7,112190.98,3.2387426
6631,PHL,0,2025,437893.56,119285.82,3.6710956
6632,PHL,0,2030,555963.3,125860.62,4.4176006
6633,PHL,0,2035,688268.75,131781.86,5.2241116
6634,PHL,0,2040,837175.75,136874.34,6.119009
6635,PHL,0,2045,1017497.6,141211.69,7.2101207
6636,PHL,0,2050,1222624.8,144826.89,8.448891
6637,PHL,0,2055,1479425.6,147665.67,10.0288925
6638,PHL,0,2060,1725821.9,149801.4,11.538106
6639,PHL,0,2065,2029073.0,151235.4,13.446642
6640,PHL,0,2070,2353450.0,152013.84,15.528868
6641,PHL,0,2075,2759296.8,152120.92,18.204672
6642,PHL,0,2080,3073671.8,151603.81,20.364752
6643,PHL,0,2085,3554231.8,150594.66,23.71638
6644,PHL,0,2090,3882976.8,149178.84,26.171488
6645,PHL,0,2095,4466994.0,147431.28,30.48973
6646,PHL,0,2100,4957599.0,145426.78,34.331272
6647,PHL,1,2020,363357.7,112190.98,3.2387426
6648,PHL,1,2025,470531.38,119248.57,3.946307
6649,PHL,1,2030,620054.9,125747.734,4.932289
6650,PHL,1,2035,807488.44,131751.22,6.1357923
6651,PHL,1,2040,1049314.6,136875.62,7.673168
6652,PHL,1,2045,1315342.9,141204.78,9.323762
6653,PHL,1,2050,1717118.9,144736.86,11.873913
6654,PHL,1,2055,2214862.2,147293.72,15.052379
6655,PHL,1,2060,2740966.8,149068.16,18.374784
6656,PHL,1,2065,3307405.5,149996.78,22.03171
6657,PHL,1,2070,4304406.0,150436.16,28.614044
6658,PHL,1,2075,5664540.5,150002.69,37.860687
6659,PHL,1,2080,6204349.5,149040.88,41.65031
6660,PHL,1,2085,7998773.0,147661.56,54.26519
6661,PHL,1,2090,9556012.0,145899.53,65.74727
6662,PHL,1,2095,11564322.0,143843.22,80.77536
6663,PHL,1,2100,12598926.0,141582.0,89.379196
6664,PHL,2,2020,363357.7,112190.98,3.2387426
6665,PHL,2,2025,427895.8,119283.87,3.587139
6666,PHL,2,2030,495798.44,125873.984,3.9394727
6667,PHL,2,2035,554911.5,131822.73,4.2108045
6668,PHL,2,2040,625006.3,136930.36,4.5663633
6669,PHL,2,2045,713521.4,141279.06,5.052783
6670,PHL,2,2050,815001.1,144938.16,5.6274233
6671,PHL,2,2055,884094.1,147817.17,5.9854403
6672,PHL,2,2060,964507.5,149965.1,6.437894
6673,PHL,2,2065,1069975.9,151406.67,7.071228
6674,PHL,2,2070,1170654.8,152187.0,7.6953235
6675,PHL,2,2075,1283698.9,152240.73,8.434156
6676,PHL,2,2080,1385929.8,151674.12,9.139322
6677,PHL,2,2085,1490615.2,150607.53,9.900578
6678,PHL,2,2090,1614936.2,149159.52,10.832103
6679,PHL,2,2095,1761604.5,147397.06,11.962001
6680,PHL,2,2100,1884305.1,145362.45,12.9717655
6681,PNG,0,2020,24260.408,9749.64,2.488339
6682,PNG,0,2025,29959.604,10689.281,2.8028376
6683,PNG,0,2030,37905.656,11644.154,3.25558
6684,PNG,0,2035,47409.51,12593.101,3.7657676
6685,PNG,0,2040,59697.31,13528.744,4.4150934
6686,PNG,0,2045,73731.195,14438.219,5.11006
6687,PNG,0,2050,93018.125,15317.915,6.0756598
6688,PNG,0,2055,112695.46,16154.005,6.983111
6689,PNG,0,2060,138180.31,16942.152,8.165064
6690,PNG,0,2065,166093.94,17691.367,9.392865
6691,PNG,0,2070,196846.36,18379.258,10.707691
6692,PNG,0,2075,231313.95,19018.027,12.160117
6693,PNG,0,2080,262049.38,19594.027,13.382429
6694,PNG,0,2085,305659.25,20102.309,15.22554
6695,PNG,0,2090,351187.66,20552.287,17.097221
6696,PNG,0,2095,414434.78,20941.49,19.761532
6697,PNG,0,2100,487633.1,21268.598,22.901823
6698,PNG,1,2020,24260.408,9749.64,2.488339
6699,PNG,1,2025,32228.088,10674.732,3.0188956
6700,PNG,1,2030,40612.117,11620.509,3.494047
6701,PNG,1,2035,55144.363,12572.67,4.384088
6702,PNG,1,2040,77595.266,13511.619,5.737823
6703,PNG,1,2045,97554.64,14441.011,6.7559958
6704,PNG,1,2050,139171.83,15320.718,9.086916
6705,PNG,1,2055,188937.17,16160.995,11.694756
6706,PNG,1,2060,258756.48,16920.043,15.293949
6707,PNG,1,2065,363065.62,17646.674,20.556828
6708,PNG,1,2070,458424.0,18312.809,24.981182
6709,PNG,1,2075,588008.5,18910.852,30.98537
6710,PNG,1,2080,624921.6,19439.549,32.013306
6711,PNG,1,2085,787414.3,19927.664,39.3746
6712,PNG,1,2090,1019935.8,20365.592,49.87349
6713,PNG,1,2095,1238154.4,20760.781,59.448837
6714,PNG,1,2100,1488061.9,21076.912,70.64983
6715,PNG,2,2020,24260.408,9749.64,2.488339
6716,PNG,2,2025,29952.166,10688.637,2.802288
6717,PNG,2,2030,35017.25,11638.902,3.008908
6718,PNG,2,2035,39895.15,12587.529,3.169931
6719,PNG,2,2040,46152.754,13517.803,3.4153397
6720,PNG,2,2045,53837.082,14424.174,3.7331614
6721,PNG,2,2050,61331.15,15296.11,4.010775
6722,PNG,2,2055,68078.516,16124.514,4.2228
6723,PNG,2,2060,79363.89,16904.45,4.696686
6724,PNG,2,2065,89521.266,17643.27,5.075824
6725,PNG,2,2070,98162.6,18324.86,5.3599715
6726,PNG,2,2075,108061.7,18954.938,5.706738
6727,PNG,2,2080,119459.94,19516.375,6.123051
6728,PNG,2,2085,134996.8,20007.023,6.7516823
6729,PNG,2,2090,151341.92,20439.568,7.4052153
6730,PNG,2,2095,165893.06,20813.467,7.9715505
6731,PNG,2,2100,182870.88,21130.535,8.642427
6732,POL,0,2020,567529.0,37899.07,14.974747
6733,POL,0,2025,641833.3,37427.23,17.148766
6734,POL,0,2030,725575.9,36713.734,19.76348
6735,POL,0,2035,800655.5,35821.24,22.353273
6736,POL,0,2040,902725.75,34802.324,25.939857
6737,POL,0,2045,1012255.4,33720.65,30.020535
6738,POL,0,2050,1148597.5,32615.521,35.218903
6739,POL,0,2055,1267861.8,31493.854,40.249603
6740,POL,0,2060,1381007.8,30346.016,45.50946
6741,POL,0,2065,1455859.6,29137.355,49.961678
6742,POL,0,2070,1567820.6,27870.861,56.26815
6743,POL,0,2075,1772107.0,26603.492,66.66645
6744,POL,0,2080,1911433.6,25395.088,75.34842
6745,POL,0,2085,2044026.0,24314.9,84.158646
6746,POL,0,2090,2190812.0,23379.188,93.81285
6747,POL,0,2095,2363575.8,22575.418,104.77565
6748,POL,0,2100,2546520.0,21837.652,116.67289
6749,POL,1,2020,567529.0,37899.07,14.974747
6750,POL,1,2025,678617.94,37412.203,18.13857
6751,POL,1,2030,769457.9,36693.707,20.966654
6752,POL,1,2035,889096.2,35791.0,24.835754
6753,POL,1,2040,1012013.0,34756.387,29.109247
6754,POL,1,2045,1171153.1,33685.723,34.75331
6755,POL,1,2050,1421276.5,32611.068,43.56091
6756,POL,1,2055,1648584.5,31488.441,52.32354
6757,POL,1,2060,1883728.8,30353.145,62.009846
6758,POL,1,2065,2259970.2,29155.52,77.46941
6759,POL,1,2070,2761029.0,27907.656,98.96916
6760,POL,1,2075,3222573.2,26658.71,120.90002
6761,POL,1,2080,3733140.8,25477.205,146.58893
6762,POL,1,2085,4163951.5,24417.912,170.55707
6763,POL,1,2090,4659837.0,23522.033,198.4982
6764,POL,1,2095,5460325.0,22744.842,240.9899
6765,POL,1,2100,6299281.0,22044.941,286.9431
6766,POL,2,2020,567529.0,37899.07,14.974748
6767,POL,2,2025,603839.6,37430.793,16.132092
6768,POL,2,2030,626557.75,36724.32,17.06105
6769,POL,2,2035,642587.2,35839.4,17.928787
6770,POL,2,2040,664541.0,34822.99,19.083542
6771,POL,2,2045,692660.7,33741.336,20.529984
6772,POL,2,2050,717784.94,32633.195,21.996243
6773,POL,2,2055,731128.56,31514.809,23.197596
6774,POL,2,2060,745627.56,30374.488,24.548504
6775,POL,2,2065,774589.8,29171.26,26.553164
6776,POL,2,2070,771981.0,27909.936,27.649363
6777,POL,2,2075,794110.1,26641.947,29.787037
6778,POL,2,2080,798593.44,25436.98,31.373863
6779,POL,2,2085,835877.7,24361.842,34.28816
6780,POL,2,2090,845831.25,23435.605,36.058414
6781,POL,2,2095,882495.06,22639.629,38.920036
6782,POL,2,2100,900717.0,21912.512,41.003548
6783,PRI,0,2020,93587.086,3281.557,28.519112
6784,PRI,0,2025,94220.07,2987.1768,31.545025
6785,PRI,0,2030,99577.945,2769.2024,35.963394
6786,PRI,0,2035,104632.016,2592.9148,40.35535
6787,PRI,0,2040,112128.73,2440.3965,45.923965
6788,PRI,0,2045,116135.695,2299.8933,50.46473
6789,PRI,0,2050,123966.62,2167.3398,57.15363
6790,PRI,0,2055,130908.33,2039.9272,64.0568
6791,PRI,0,2060,140056.42,1920.5265,72.74496
6792,PRI,0,2065,149441.97,1812.5078,82.19343
6793,PRI,0,2070,156330.88,1720.084,90.51775
6794,PRI,0,2075,170080.27,1638.7313,103.33033
6795,PRI,0,2080,182383.64,1569.0703,115.52793
6796,PRI,0,2085,195391.84,1512.8707,128.21431
6797,PRI,0,2090,208957.1,1465.2002,141.54118
6798,PRI,0,2095,227124.03,1421.2305,158.54669
6799,PRI,0,2100,244031.67,1380.2073,175.28094
6800,PRI,1,2020,93587.086,3281.557,28.519112
6801,PRI,1,2025,101243.88,2983.5117,33.931244
6802,PRI,1,2030,110656.71,2774.8032,39.878513
6803,PRI,1,2035,125406.48,2602.8828,48.189262
6804,PRI,1,2040,140946.9,2457.023,57.539146
6805,PRI,1,2045,154153.47,2311.9163,66.902466
6806,PRI,1,2050,174464.39,2172.7449,80.73563
6807,PRI,1,2055,191753.02,2049.328,94.4633
6808,PRI,1,2060,211340.03,1937.2578,110.75519
6809,PRI,1,2065,245403.94,1831.896,136.66707
6810,PRI,1,2070,287930.8,1747.4564,169.61848
6811,PRI,1,2075,346611.7,1670.2693,214.53679
6812,PRI,1,2080,387820.25,1604.2325,250.65205
6813,PRI,1,2085,437757.56,1554.6571,292.89124
6814,PRI,1,2090,522384.1,1519.9077,357.41248
6815,PRI,1,2095,575137.6,1483.7356,404.00546
6816,PRI,1,2100,684636.1,1454.4473,489.82382
6817,PRI,2,2020,93587.086,3281.557,28.51911
6818,PRI,2,2025,92372.16,2989.0945,30.901554
6819,PRI,2,2030,90672.44,2770.5098,32.721443
6820,PRI,2,2035,88766.02,2594.898,34.188187
6821,PRI,2,2040,89485.625,2443.1672,36.583393
6822,PRI,2,2045,88514.266,2302.4336,38.375484
6823,PRI,2,2050,88419.71,2170.923,40.63107
6824,PRI,2,2055,88205.555,2044.5228,43.01312
6825,PRI,2,2060,89052.54,1925.2443,46.04787
6826,PRI,2,2065,90444.7,1816.662,49.46651
6827,PRI,2,2070,90240.85,1721.9226,51.9654
6828,PRI,2,2075,90859.75,1640.8119,54.821716
6829,PRI,2,2080,92169.26,1571.2023,57.953224
6830,PRI,2,2085,92816.68,1517.0208,60.398605
6831,PRI,2,2090,95129.16,1472.282,63.7897
6832,PRI,2,2095,98972.58,1429.8549,68.25688
6833,PRI,2,2100,101100.766,1389.0966,71.68382
6834,PRT,0,2020,206661.97,10297.081,20.069956
6835,PRT,0,2025,227960.73,10093.165,22.586428
6836,PRT,0,2030,252274.77,9870.81,25.560263
6837,PRT,0,2035,273424.75,9618.731,28.427626
6838,PRT,0,2040,306528.03,9360.656,32.74038
6839,PRT,0,2045,337079.56,9067.224,37.16631
6840,PRT,0,2050,373375.25,8744.079,42.647095
6841,PRT,0,2055,417889.34,8415.08,49.578945
6842,PRT,0,2060,455410.62,8069.822,56.334625
6843,PRT,0,2065,498782.94,7722.109,64.45023
6844,PRT,0,2070,531117.0,7407.9062,71.52442
6845,PRT,0,2075,583641.2,7121.508,81.79144
6846,PRT,0,2080,639903.25,6876.961,92.89175
6847,PRT,0,2085,709505.56,6675.516,106.14224
6848,PRT,0,2090,771450.9,6484.627,118.73906
6849,PRT,0,2095,845611.94,6304.0635,133.71347
6850,PRT,0,2100,921286.2,6129.5254,149.58784
6851,PRT,1,2020,206661.97,10297.081,20.069956
6852,PRT,1,2025,238868.8,10103.148,23.645449
6853,PRT,1,2030,276924.16,9900.233,27.983372
6854,PRT,1,2035,316129.66,9705.72,32.620636
6855,PRT,1,2040,379760.88,9524.424,40.035492
6856,PRT,1,2045,423492.9,9317.245,45.711704
6857,PRT,1,2050,519152.53,9117.826,57.49194
6858,PRT,1,2055,625676.3,8878.915,71.54787
6859,PRT,1,2060,720021.7,8601.817,85.39873
6860,PRT,1,2065,863040.9,8302.356,106.896866
6861,PRT,1,2070,1025351.5,8050.6245,132.34764
6862,PRT,1,2075,1219874.5,7810.342,164.55385
6863,PRT,1,2080,1360428.1,7616.292,189.3053
6864,PRT,1,2085,1586874.1,7417.114,227.74187
6865,PRT,1,2090,1916660.4,7245.532,282.86996
6866,PRT,1,2095,2104655.8,7047.044,319.81915
6867,PRT,1,2100,2302684.2,6861.083,359.14987
6868,PRT,2,2020,206661.97,10297.081,20.069956
6869,PRT,2,2025,219216.88,10088.107,21.730362
6870,PRT,2,2030,226079.31,9868.192,22.911469
6871,PRT,2,2035,230806.64,9621.771,23.987467
6872,PRT,2,2040,235943.97,9375.974,25.170902
6873,PRT,2,2045,243222.83,9094.03,26.74913
6874,PRT,2,2050,252275.83,8784.198,28.744665
6875,PRT,2,2055,257360.58,8467.358,30.420872
6876,PRT,2,2060,265557.38,8125.674,32.714287
6877,PRT,2,2065,273998.94,7781.1353,35.243336
6878,PRT,2,2070,277920.8,7469.869,37.24841
6879,PRT,2,2075,292439.6,7192.1455,40.69472
6880,PRT,2,2080,299719.2,6952.4385,43.097504
6881,PRT,2,2085,312668.03,6748.792,46.296394
6882,PRT,2,2090,321300.9,6552.5996,48.989304
6883,PRT,2,2095,334403.22,6365.5366,52.503185
6884,PRT,2,2100,347032.78,6188.471,56.121502
6885,PRY,0,2020,40888.98,6618.695,6.177801
6886,PRY,0,2025,48540.324,7015.233,6.9191685
6887,PRY,0,2030,60265.375,7374.9478,8.171318
6888,PRY,0,2035,72728.305,7694.4204,9.451091
6889,PRY,0,2040,85626.79,7980.515,10.727848
6890,PRY,0,2045,101044.99,8233.957,12.269846
6891,PRY,0,2050,121060.81,8455.632,14.314104
6892,PRY,0,2055,145207.88,8636.58,16.81486
6893,PRY,0,2060,173803.2,8780.85,19.81048
6894,PRY,0,2065,207119.2,8880.488,23.35584
6895,PRY,0,2070,240517.64,8935.794,26.954231
6896,PRY,0,2075,283302.28,8945.753,31.711267
6897,PRY,0,2080,313756.0,8918.298,35.197105
6898,PRY,0,2085,360471.44,8861.096,40.692783
6899,PRY,0,2090,391367.16,8782.327,44.510273
6900,PRY,0,2095,443173.38,8690.28,50.943
6901,PRY,0,2100,515162.38,8583.016,60.040375
6902,PRY,1,2020,40888.98,6618.695,6.177801
6903,PRY,1,2025,51281.875,7010.9473,7.314435
6904,PRY,1,2030,67387.016,7366.91,9.148402
6905,PRY,1,2035,92523.04,7682.677,12.039904
6906,PRY,1,2040,118947.11,7959.517,14.940372
6907,PRY,1,2045,148889.89,8205.385,18.1333
6908,PRY,1,2050,194017.11,8420.441,23.047447
6909,PRY,1,2055,239607.6,8593.044,27.921274
6910,PRY,1,2060,309143.34,8725.468,35.509747
6911,PRY,1,2065,423392.5,8815.626,48.062027
6912,PRY,1,2070,598107.3,8856.752,67.61525
6913,PRY,1,2075,762491.06,8855.23,86.248085
6914,PRY,1,2080,699730.75,8814.781,79.54377
6915,PRY,1,2085,875272.94,8748.134,100.47285
6916,PRY,1,2090,1095802.6,8659.563,127.35993
6917,PRY,1,2095,1348642.5,8559.237,158.95512
6918,PRY,1,2100,1630752.5,8449.456,195.3056
6919,PRY,2,2020,40888.98,6618.695,6.177801
6920,PRY,2,2025,47322.566,7011.3105,6.7494807
6921,PRY,2,2030,55262.816,7365.5366,7.5024543
6922,PRY,2,2035,61636.684,7680.5894,8.02418
6923,PRY,2,2040,68336.64,7959.4927,8.582915
6924,PRY,2,2045,76898.12,8206.83,9.365399
6925,PRY,2,2050,84950.74,8421.375,10.081785
6926,PRY,2,2055,96724.94,8593.384,11.248878
6927,PRY,2,2060,108408.43,8727.697,12.41666
6928,PRY,2,2065,117686.75,8819.8545,13.342094
6929,PRY,2,2070,129076.445,8865.006,14.55279
6930,PRY,2,2075,141696.92,8863.785,15.977063
6931,PRY,2,2080,156201.1,8825.583,17.68801
6932,PRY,2,2085,165308.9,8758.292,18.85917
6933,PRY,2,2090,183945.0,8668.958,21.208292
6934,PRY,2,2095,198424.03,8567.517,23.16133
6935,PRY,2,2100,216842.48,8452.421,25.6289
6936,PSE,0,2020,14227.187,4803.269,2.9619799
6937,PSE,0,2025,18463.232,5371.0615,3.4374301
6938,PSE,0,2030,24547.764,5978.374,4.106543
6939,PSE,0,2035,32989.836,6592.17,5.0061173
6940,PSE,0,2040,42375.938,7230.616,5.864491
6941,PSE,0,2045,54197.7,7862.9897,6.902524
6942,PSE,0,2050,65563.75,8472.602,7.756236
6943,PSE,0,2055,83183.2,9071.656,9.196789
6944,PSE,0,2060,100870.06,9634.22,10.517773
6945,PSE,0,2065,123559.414,10178.774,12.183123
6946,PSE,0,2070,147874.58,10698.488,13.854827
6947,PSE,0,2075,181118.67,11209.348,16.20689
6948,PSE,0,2080,212497.3,11697.422,18.21235
6949,PSE,0,2085,254456.83,12150.552,21.017092
6950,PSE,0,2090,298211.7,12553.305,23.826273
6951,PSE,0,2095,364835.44,12917.068,28.38613
6952,PSE,0,2100,430431.4,13214.561,32.795544
6953,PSE,1,2020,14227.187,4803.269,2.9619799
6954,PSE,1,2025,19644.666,5373.961,3.6537027
6955,PSE,1,2030,27125.025,5953.712,4.548292
6956,PSE,1,2035,37769.145,6519.0054,5.772713
6957,PSE,1,2040,49707.94,7102.259,6.979564
6958,PSE,1,2045,66996.62,7629.0444,8.731293
6959,PSE,1,2050,85280.46,8108.8394,10.413326
6960,PSE,1,2055,105682.94,8617.336,12.16868
6961,PSE,1,2060,138404.81,9018.079,15.159464
6962,PSE,1,2065,188237.8,9440.192,19.587015
6963,PSE,1,2070,251084.81,9873.444,24.7225
6964,PSE,1,2075,331101.34,10307.732,31.038673
6965,PSE,1,2080,390898.56,10701.311,35.16348
6966,PSE,1,2085,514903.38,11081.126,44.546654
6967,PSE,1,2090,655007.2,11452.964,54.823658
6968,PSE,1,2095,839548.8,11862.762,67.63279
6969,PSE,1,2100,1105669.4,12185.607,85.74304
6970,PSE,2,2020,14227.1875,4803.269,2.9619799
6971,PSE,2,2025,17763.86,5371.2256,3.3070803
6972,PSE,2,2030,21646.652,5972.16,3.6229134
6973,PSE,2,2035,26108.227,6565.3423,3.9750886
6974,PSE,2,2040,31628.518,7200.326,4.3925395
6975,PSE,2,2045,37974.04,7822.6885,4.8556056
6976,PSE,2,2050,45052.773,8420.203,5.3517747
6977,PSE,2,2055,52948.812,8980.108,5.8821826
6978,PSE,2,2060,59973.957,9497.57,6.302378
6979,PSE,2,2065,67869.3,10005.619,6.7930694
6980,PSE,2,2070,75113.6,10471.654,7.1804934
6981,PSE,2,2075,87485.23,10937.604,8.023021
6982,PSE,2,2080,96540.88,11359.387,8.521592
6983,PSE,2,2085,110879.69,11761.6,9.460528
6984,PSE,2,2090,127331.766,12123.377,10.548869
6985,PSE,2,2095,145888.94,12437.9375,11.7921715
6986,PSE,2,2100,158916.56,12704.732,12.589096
6987,PYF,0,2020,5606.424,301.92,18.569235
6988,PYF,0,2025,6461.4946,310.49173,20.81094
6989,PYF,0,2030,7795.2114,317.78683,24.527725
6990,PYF,0,2035,8931.791,323.62473,27.603409
6991,PYF,0,2040,10224.772,328.16504,31.17034
6992,PYF,0,2045,11856.815,331.246,35.79353
6993,PYF,0,2050,13368.229,332.56192,40.2265
6994,PYF,0,2055,15246.8955,332.5516,45.843605
6995,PYF,0,2060,17502.895,331.72873,52.715992
6996,PYF,0,2065,19009.578,329.92987,57.587795
6997,PYF,0,2070,20891.79,327.38553,63.769672
6998,PYF,0,2075,22544.36,324.9176,69.267044
6999,PYF,0,2080,24739.23,321.92383,76.6789
7000,PYF,0,2085,27839.297,318.76855,86.96031
7001,PYF,0,2090,30177.137,315.43295,95.22391
7002,PYF,0,2095,33380.16,311.4849,106.61205
7003,PYF,0,2100,38132.496,306.99603,123.673454
7004,PYF,1,2020,5606.424,301.92,18.569235
7005,PYF,1,2025,7202.3823,311.87985,23.095612
7006,PYF,1,2030,8332.863,320.38974,26.020702
7007,PYF,1,2035,10040.033,328.4988,30.627995
7008,PYF,1,2040,12417.5,335.12314,37.196384
7009,PYF,1,2045,14996.028,341.1253,44.005943
7010,PYF,1,2050,19387.414,345.87817,56.269497
7011,PYF,1,2055,23689.883,349.0762,68.44672
7012,PYF,1,2060,29949.393,351.49667,86.264565
7013,PYF,1,2065,35733.047,353.2193,103.24783
7014,PYF,1,2070,47728.074,353.22382,138.78484
7015,PYF,1,2075,65777.87,352.70288,194.04929
7016,PYF,1,2080,63846.777,350.97925,189.19658
7017,PYF,1,2085,77049.54,348.35214,230.5011
7018,PYF,1,2090,90206.0,345.6149,273.04865
7019,PYF,1,2095,102376.95,342.1187,312.00626
7020,PYF,1,2100,113089.055,337.74442,350.36755
7021,PYF,2,2020,5606.424,301.92,18.569235
7022,PYF,2,2025,6251.2363,310.66513,20.12336
7023,PYF,2,2030,6705.6187,318.20654,21.074377
7024,PYF,2,2035,6980.412,324.53714,21.504848
7025,PYF,2,2040,7475.093,329.33273,22.691221
7026,PYF,2,2045,7829.637,332.53485,23.524727
7027,PYF,2,2050,8117.853,334.17416,24.264542
7028,PYF,2,2055,8382.607,334.6973,25.030628
7029,PYF,2,2060,8870.052,334.3524,26.492962
7030,PYF,2,2065,9528.775,333.1619,28.5595
7031,PYF,2,2070,9976.5205,331.01266,30.086645
7032,PYF,2,2075,10592.938,328.65918,32.184498
7033,PYF,2,2080,11304.852,325.8973,34.674343
7034,PYF,2,2085,12052.146,322.7661,37.35797
7035,PYF,2,2090,12622.53,319.31848,39.49227
7036,PYF,2,2095,13292.809,315.37863,42.150356
7037,PYF,2,2100,14272.998,311.00177,45.911278
7038,QAT,0,2020,163599.17,2760.385,59.266796
7039,QAT,0,2025,209756.8,3204.8408,65.43705
7040,QAT,0,2030,276689.5,3649.9558,75.78235
7041,QAT,0,2035,341348.75,4067.798,83.91598
7042,QAT,0,2040,416075.88,4448.8804,93.5407
7043,QAT,0,2045,518416.16,4844.422,107.14453
7044,QAT,0,2050,624640.0,5181.7812,120.79805
7045,QAT,0,2055,748572.4,5477.759,136.81012
7046,QAT,0,2060,880780.1,5734.0137,153.99449
7047,QAT,0,2065,1003860.0,5950.4487,169.09468
7048,QAT,0,2070,1116303.1,6123.6206,182.80788
7049,QAT,0,2075,1269612.8,6293.519,202.53293
7050,QAT,0,2080,1399681.1,6449.5474,217.83195
7051,QAT,0,2085,1628286.5,6583.4717,248.41202
7052,QAT,0,2090,1757648.9,6722.849,262.65817
7053,QAT,0,2095,1977333.2,6832.9297,291.09338
7054,QAT,0,2100,2279751.8,6939.586,330.44626
7055,QAT,1,2020,163599.17,2760.385,59.266796
7056,QAT,1,2025,221374.22,3135.1868,70.464516
7057,QAT,1,2030,285745.0,3579.997,79.667984
7058,QAT,1,2035,381785.56,3879.8264,97.80677
7059,QAT,1,2040,503043.28,4249.5786,117.38066
7060,QAT,1,2045,641988.1,4642.889,136.48761
7061,QAT,1,2050,845915.06,4958.0913,166.9532
7062,QAT,1,2055,1160533.8,5241.6445,216.5534
7063,QAT,1,2060,1508517.4,5544.21,265.97913
7064,QAT,1,2065,1887226.0,5809.2764,317.09372
7065,QAT,1,2070,2589609.2,6005.8145,420.86456
7066,QAT,1,2075,3776329.8,6156.906,598.0893
7067,QAT,1,2080,3839174.2,6295.214,592.6822
7068,QAT,1,2085,4482944.0,6404.0645,681.6482
7069,QAT,1,2090,5185394.5,6568.4043,777.9243
7070,QAT,1,2095,5929167.0,6673.497,869.98883
7071,QAT,1,2100,6899518.5,6788.5464,998.7431
7072,QAT,2,2020,163599.17,2760.385,59.266796
7073,QAT,2,2025,198389.72,3188.7659,62.2277
7074,QAT,2,2030,238944.9,3645.0593,65.66435
7075,QAT,2,2035,273850.0,4061.465,67.496155
7076,QAT,2,2040,315088.75,4454.709,70.81283
7077,QAT,2,2045,350652.38,4841.4507,72.51458
7078,QAT,2,2050,384147.9,5175.287,74.39501
7079,QAT,2,2055,408681.3,5446.7524,75.12666
7080,QAT,2,2060,446497.25,5689.434,78.52304
7081,QAT,2,2065,488990.34,5893.903,82.95322
7082,QAT,2,2070,530459.44,6051.038,87.50179
7083,QAT,2,2075,577962.94,6211.1978,92.917274
7084,QAT,2,2080,642130.6,6372.6323,100.60531
7085,QAT,2,2085,704964.0,6491.6016,108.428085
7086,QAT,2,2090,771161.7,6617.993,116.44724
7087,QAT,2,2095,804813.0,6739.94,119.45026
7088,QAT,2,2100,888406.25,6828.17,130.22133
7089,ROU,0,2020,212809.25,19265.25,11.046275
7090,ROU,0,2025,228395.66,18572.195,12.298184
7091,ROU,0,2030,258354.84,17854.242,14.470439
7092,ROU,0,2035,277572.34,17118.566,16.213907
7093,ROU,0,2040,306509.8,16397.506,18.684671
7094,ROU,0,2045,326449.78,15703.302,20.777515
7095,ROU,0,2050,358306.53,15048.816,23.801304
7096,ROU,0,2055,403591.22,14417.378,27.977585
7097,ROU,0,2060,446209.1,13794.176,32.336926
7098,ROU,0,2065,482527.16,13185.478,36.61523
7099,ROU,0,2070,518797.22,12623.283,41.10322
7100,ROU,0,2075,555642.6,12126.604,45.835526
7101,ROU,0,2080,586604.25,11694.14,50.191288
7102,ROU,0,2085,644831.5,11321.0205,56.8909
7103,ROU,0,2090,693814.3,10996.171,63.087738
7104,ROU,0,2095,785767.56,10695.206,73.534386
7105,ROU,0,2100,834471.9,10400.997,80.206795
7106,ROU,1,2020,212809.25,19265.25,11.046275
7107,ROU,1,2025,239348.4,18578.861,12.884697
7108,ROU,1,2030,281488.3,17870.457,15.748187
7109,ROU,1,2035,354762.84,17143.186,20.690437
7110,ROU,1,2040,437209.25,16414.02,26.64558
7111,ROU,1,2045,479883.3,15712.147,30.55992
7112,ROU,1,2050,517948.1,15062.909,34.398533
7113,ROU,1,2055,572186.06,14436.682,39.59908
7114,ROU,1,2060,627912.56,13820.74,45.421124
7115,ROU,1,2065,759054.4,13193.183,57.5933
7116,ROU,1,2070,861215.0,12597.701,68.41309
7117,ROU,1,2075,1149651.6,12062.743,95.30439
7118,ROU,1,2080,1425732.4,11609.954,122.4678
7119,ROU,1,2085,1695703.5,11216.735,150.68178
7120,ROU,1,2090,2023738.9,10875.359,185.56328
7121,ROU,1,2095,2437342.0,10563.796,230.27245
7122,ROU,1,2100,2781870.5,10259.159,271.154
7123,ROU,2,2020,212809.25,19265.25,11.046275
7124,ROU,2,2025,227866.34,18567.639,12.272165
7125,ROU,2,2030,238394.66,17851.045,13.354946
7126,ROU,2,2035,244638.48,17126.617,14.291496
7127,ROU,2,2040,245125.1,16415.947,14.942836
7128,ROU,2,2045,248327.25,15726.618,15.807239
7129,ROU,2,2050,254117.02,15072.868,16.877016
7130,ROU,2,2055,254547.9,14441.835,17.659687
7131,ROU,2,2060,262088.02,13817.35,18.996445
7132,ROU,2,2065,271176.72,13209.589,20.58484
7133,ROU,2,2070,270862.25,12643.438,21.4824
7134,ROU,2,2075,269330.72,12143.092,22.267578
7135,ROU,2,2080,279050.88,11709.567,23.940348
7136,ROU,2,2085,280682.2,11330.585,24.9106
7137,ROU,2,2090,290093.9,10996.993,26.574001
7138,ROU,2,2095,307313.53,10688.153,28.948458
7139,ROU,2,2100,316364.06,10385.966,30.732351
7140,RUS,0,2020,1442002.6,144073.14,10.008823
7141,RUS,0,2025,1601262.5,143483.12,11.159813
7142,RUS,0,2030,1889279.0,141888.14,13.314746
7143,RUS,0,2035,2113884.0,139636.94,15.138521
7144,RUS,0,2040,2355071.8,137486.3,17.125908
7145,RUS,0,2045,2620533.5,135788.22,19.298788
7146,RUS,0,2050,2966197.8,134306.88,22.091093
7147,RUS,0,2055,3476187.0,132724.55,26.188257
7148,RUS,0,2060,4063709.2,130926.37,31.02782
7149,RUS,0,2065,4481705.0,128989.31,34.761852
7150,RUS,0,2070,5150413.0,127158.234,40.518703
7151,RUS,0,2075,5680445.5,125754.98,45.16951
7152,RUS,0,2080,6164542.5,124809.64,49.3081
7153,RUS,0,2085,7217396.0,124177.875,58.00554
7154,RUS,0,2090,8182385.0,123571.734,66.08133
7155,RUS,0,2095,8817911.0,122877.195,71.62373
7156,RUS,0,2100,9677132.0,121994.19,79.169586
7157,RUS,1,2020,1442002.6,144073.14,10.008823
7158,RUS,1,2025,1686127.9,143548.3,11.747092
7159,RUS,1,2030,1811070.4,142055.42,12.752993
7160,RUS,1,2035,2431905.2,140050.25,17.369553
7161,RUS,1,2040,3022363.0,138103.2,21.908264
7162,RUS,1,2045,3646819.2,136544.31,26.74191
7163,RUS,1,2050,3852072.5,135324.39,28.53385
7164,RUS,1,2055,4675024.5,133895.33,35.06632
7165,RUS,1,2060,5183147.5,132225.84,39.445675
7166,RUS,1,2065,6575379.5,130383.01,50.824295
7167,RUS,1,2070,8080641.5,128601.35,63.445568
7168,RUS,1,2075,10630790.0,127195.04,84.50214
7169,RUS,1,2080,12754738.0,126209.75,102.24236
7170,RUS,1,2085,15961439.0,125577.21,128.52837
7171,RUS,1,2090,19814846.0,124998.65,160.66895
7172,RUS,1,2095,21523430.0,124147.695,175.55975
7173,RUS,1,2100,24342136.0,123268.734,200.00885
7174,RUS,2,2020,1442002.6,144073.14,10.008823
7175,RUS,2,2025,1566645.6,143443.12,10.921966
7176,RUS,2,2030,1677412.0,141853.3,11.825776
7177,RUS,2,2035,1812086.5,139602.84,12.983705
7178,RUS,2,2040,1907106.6,137462.16,13.877858
7179,RUS,2,2045,2016719.1,135782.39,14.857848
7180,RUS,2,2050,2113324.2,134316.55,15.735271
7181,RUS,2,2055,2165601.5,132738.81,16.320765
7182,RUS,2,2060,2252481.0,130938.805,17.213299
7183,RUS,2,2065,2314941.5,128996.35,17.94992
7184,RUS,2,2070,2370048.8,127165.086,18.640219
7185,RUS,2,2075,2477331.5,125745.05,19.707064
7186,RUS,2,2080,2637138.2,124773.91,21.12887
7187,RUS,2,2085,2842631.5,124137.85,22.882317
7188,RUS,2,2090,3138554.8,123543.82,25.351797
7189,RUS,2,2095,3480088.2,122805.01,28.291952
7190,RUS,2,2100,3641743.8,121879.38,29.815338
7191,RWA,0,2020,10948.864,13146.362,0.83284366
7192,RWA,0,2025,15180.485,15028.665,1.0100393
7193,RWA,0,2030,21388.527,16984.336,1.2585977
7194,RWA,0,2035,27995.613,18983.297,1.4735732
7195,RWA,0,2040,38957.45,21086.373,1.8446332
7196,RWA,0,2045,51310.36,23132.629,2.2183723
7197,RWA,0,2050,66681.46,25248.916,2.641892
7198,RWA,0,2055,88186.375,27327.21,3.2361505
7199,RWA,0,2060,112093.2,29302.988,3.8342586
7200,RWA,0,2065,137470.5,31315.816,4.4045806
7201,RWA,0,2070,172852.67,33302.273,5.198791
7202,RWA,0,2075,211274.7,35037.56,6.037455
7203,RWA,0,2080,247114.84,36751.258,6.729139
7204,RWA,0,2085,304509.03,38141.812,8.004512
7205,RWA,0,2090,364484.38,39598.88,9.237792
7206,RWA,0,2095,438363.38,40829.305,10.726906
7207,RWA,0,2100,519110.12,41961.58,12.323086
7208,RWA,1,2020,10948.864,13146.362,0.83284366
7209,RWA,1,2025,15702.417,14883.606,1.053478
7210,RWA,1,2030,22619.082,16963.6,1.3292384
7211,RWA,1,2035,31932.686,19334.625,1.6493605
7212,RWA,1,2040,44473.15,21773.973,2.054036
7213,RWA,1,2045,66259.82,24129.756,2.7710133
7214,RWA,1,2050,93897.69,26501.523,3.5855315
7215,RWA,1,2055,120676.08,28794.523,4.2209673
7216,RWA,1,2060,170163.22,31023.652,5.555033
7217,RWA,1,2065,256590.75,33417.08,7.7589064
7218,RWA,1,2070,337139.3,35834.152,9.549128
7219,RWA,1,2075,423958.56,38159.4,11.2911
7220,RWA,1,2080,437968.66,40273.69,10.994268
7221,RWA,1,2085,592129.25,41570.82,14.381077
7222,RWA,1,2090,751820.9,43582.875,17.466568
7223,RWA,1,2095,969575.0,45028.098,21.779133
7224,RWA,1,2100,1256927.9,46180.46,27.475933
7225,RWA,2,2020,10948.864,13146.362,0.83284366
7226,RWA,2,2025,14435.587,15034.291,0.9602886
7227,RWA,2,2030,18136.826,16999.936,1.0674918
7228,RWA,2,2035,22265.805,18996.078,1.1725004
7229,RWA,2,2040,27025.898,21100.934,1.2810092
7230,RWA,2,2045,33763.297,23152.861,1.4596257
7231,RWA,2,2050,41726.523,25294.494,1.6516896
7232,RWA,2,2055,50583.69,27363.783,1.8481243
7233,RWA,2,2060,60157.82,29364.61,2.044148
7234,RWA,2,2065,73098.7,31378.012,2.3300378
7235,RWA,2,2070,84221.055,33325.043,2.5285034
7236,RWA,2,2075,98432.984,35047.285,2.808798
7237,RWA,2,2080,115676.86,36770.79,3.1394272
7238,RWA,2,2085,131711.23,38143.918,3.442858
7239,RWA,2,2090,154451.66,39543.36,3.892523
7240,RWA,2,2095,180835.69,40784.496,4.4221487
7241,RWA,2,2100,213055.95,41922.68,5.094097
7242,SAU,0,2020,687971.56,35997.105,19.111858
7243,SAU,0,2025,826228.3,38664.64,21.368813
7244,SAU,0,2030,1035089.94,40834.36,25.346693
7245,SAU,0,2035,1217017.1,42461.973,28.66978
7246,SAU,0,2040,1462588.1,43689.97,33.494556
7247,SAU,0,2045,1673110.6,44564.77,37.526455
7248,SAU,0,2050,1875928.2,45083.37,41.643185
7249,SAU,0,2055,2205453.2,45141.676,48.853794
7250,SAU,0,2060,2484082.8,44751.11,55.46835
7251,SAU,0,2065,2852315.0,44062.066,64.76795
7252,SAU,0,2070,3006243.2,43268.016,69.57672
7253,SAU,0,2075,3279264.2,42496.285,77.41845
7254,SAU,0,2080,3447429.0,41790.715,82.82848
7255,SAU,0,2085,3801359.5,41219.48,92.54177
7256,SAU,0,2090,4303798.5,40622.08,106.21049
7257,SAU,0,2095,4459812.0,39936.023,112.04692
7258,SAU,0,2100,5161638.5,39239.152,132.11101
7259,SAU,1,2020,687971.56,35997.105,19.111858
7260,SAU,1,2025,849525.9,38719.168,21.929781
7261,SAU,1,2030,1085948.2,40924.664,26.529701
7262,SAU,1,2035,1385209.5,42787.88,32.413403
7263,SAU,1,2040,1807689.5,44175.25,41.071686
7264,SAU,1,2045,2284357.2,45245.895,50.742073
7265,SAU,1,2050,2686215.2,46030.688,58.759285
7266,SAU,1,2055,3382415.8,46336.293,73.64147
7267,SAU,1,2060,4484770.0,46085.094,98.44742
7268,SAU,1,2065,5552361.5,45481.855,123.425995
7269,SAU,1,2070,6231450.0,44745.082,140.2503
7270,SAU,1,2075,7376148.0,44101.176,169.0274
7271,SAU,1,2080,8560521.0,43423.555,200.22067
7272,SAU,1,2085,9973447.0,42770.805,237.75603
7273,SAU,1,2090,11663761.0,42097.562,282.1975
7274,SAU,1,2095,12139964.0,41336.844,296.44373
7275,SAU,1,2100,13524884.0,40591.59,333.4621
7276,SAU,2,2020,687971.56,35997.105,19.111858
7277,SAU,2,2025,776701.44,38686.727,20.074537
7278,SAU,2,2030,922392.6,40835.062,22.574978
7279,SAU,2,2035,1023236.75,42463.65,24.09482
7280,SAU,2,2040,1129763.8,43716.355,25.843584
7281,SAU,2,2045,1193627.5,44609.14,26.745115
7282,SAU,2,2050,1277942.0,45160.02,28.27977
7283,SAU,2,2055,1382245.0,45224.465,30.53394
7284,SAU,2,2060,1423340.9,44840.03,31.697716
7285,SAU,2,2065,1480373.8,44156.594,33.51211
7286,SAU,2,2070,1522894.5,43385.09,35.10869
7287,SAU,2,2075,1600613.6,42621.785,37.509327
7288,SAU,2,2080,1676143.2,41937.617,39.93265
7289,SAU,2,2085,1818364.0,41369.777,43.855026
7290,SAU,2,2090,1952231.1,40770.766,47.736156
7291,SAU,2,2095,1982532.6,40079.3,49.378006
7292,SAU,2,2100,2094329.9,39349.56,53.08045
7293,SDN,0,2020,82342.29,44440.484,1.8528666
7294,SDN,0,2025,109391.12,49822.766,2.1955986
7295,SDN,0,2030,149549.47,55508.664,2.694321
7296,SDN,0,2035,194612.88,61461.08,3.166443
7297,SDN,0,2040,255468.84,67527.96,3.781973
7298,SDN,0,2045,327405.22,73613.336,4.446176
7299,SDN,0,2050,424491.12,79637.94,5.330139
7300,SDN,0,2055,536946.4,85737.84,6.2610936
7301,SDN,0,2060,673510.44,91784.45,7.3408637
7302,SDN,0,2065,826800.56,97718.266,8.465964
7303,SDN,0,2070,1008492.1,103554.66,9.745608
7304,SDN,0,2075,1228374.8,109100.516,11.281486
7305,SDN,0,2080,1415093.6,114511.11,12.387378
7306,SDN,0,2085,1742870.1,119719.01,14.583199
7307,SDN,0,2090,2084949.4,124671.52,16.753778
7308,SDN,0,2095,2507540.2,129430.984,19.42174
7309,SDN,0,2100,2904778.2,133866.11,21.79963
7310,SDN,1,2020,82342.29,44440.484,1.8528666
7311,SDN,1,2025,113454.74,49869.73,2.2750797
7312,SDN,1,2030,153565.44,55513.184,2.76536
7313,SDN,1,2035,215185.8,61348.973,3.507359
7314,SDN,1,2040,300889.56,67165.49,4.479405
7315,SDN,1,2045,399243.75,73037.18,5.4657974
7316,SDN,1,2050,566056.56,78988.23,7.1541324
7317,SDN,1,2055,795824.2,85154.555,9.357861
7318,SDN,1,2060,1153569.2,91208.26,12.721147
7319,SDN,1,2065,1640765.1,97193.25,16.99121
7320,SDN,1,2070,2318720.0,103147.58,22.62803
7321,SDN,1,2075,2966569.0,108921.484,27.432032
7322,SDN,1,2080,2726895.8,114321.13,24.001863
7323,SDN,1,2085,3769717.0,119763.94,31.613743
7324,SDN,1,2090,4841459.0,124823.69,38.966194
7325,SDN,1,2095,6085162.5,129679.12,47.25447
7326,SDN,1,2100,7948042.5,134281.8,59.628887
7327,SDN,2,2020,82342.29,44440.484,1.8528666
7328,SDN,2,2025,104889.85,49787.66,2.1067202
7329,SDN,2,2030,128496.86,55438.63,2.3177276
7330,SDN,2,2035,154161.77,61372.492,2.511688
7331,SDN,2,2040,186722.7,67412.66,2.768531
7332,SDN,2,2045,229654.14,73453.27,3.1252644
7333,SDN,2,2050,278739.22,79398.766,3.5072854
7334,SDN,2,2055,324385.6,85380.4,3.7934883
7335,SDN,2,2060,386438.84,91325.83,4.2247233
7336,SDN,2,2065,457380.66,97156.71,4.7061353
7337,SDN,2,2070,525321.25,102907.62,5.101898
7338,SDN,2,2075,614584.2,108397.4,5.6675806
7339,SDN,2,2080,719279.1,113736.78,6.319212
7340,SDN,2,2085,806938.94,118875.49,6.7759542
7341,SDN,2,2090,907682.9,123723.79,7.322121
7342,SDN,2,2095,1018697.25,128314.35,7.915299
7343,SDN,2,2100,1168462.1,132594.45,8.78141
7344,SEN,0,2020,23172.527,16436.12,1.4098539
7345,SEN,0,2025,32258.637,18648.635,1.7297627
7346,SEN,0,2030,44934.348,20977.129,2.1417344
7347,SEN,0,2035,57638.65,23468.959,2.4557393
7348,SEN,0,2040,78163.42,26087.846,2.9960904
7349,SEN,0,2045,104765.63,28777.332,3.6409678
7350,SEN,0,2050,139375.64,31494.008,4.426986
7351,SEN,0,2055,182848.42,34261.496,5.340105
7352,SEN,0,2060,236029.66,37028.695,6.378474
7353,SEN,0,2065,295802.38,39755.914,7.449294
7354,SEN,0,2070,367396.94,42489.484,8.661011
7355,SEN,0,2075,470545.06,45179.52,10.422301
7356,SEN,0,2080,536764.2,47817.758,11.242829
7357,SEN,0,2085,661162.56,50367.594,13.16299
7358,SEN,0,2090,796749.94,52794.29,15.105871
7359,SEN,0,2095,971214.06,55115.504,17.66811
7360,SEN,0,2100,1145150.2,57312.977,20.030334
7361,SEN,1,2020,23172.527,16436.12,1.4098539
7362,SEN,1,2025,35150.766,18658.664,1.8844551
7363,SEN,1,2030,51498.246,20992.834,2.4544296
7364,SEN,1,2035,72581.28,23461.615,3.094702
7365,SEN,1,2040,100754.445,26076.166,3.8695557
7366,SEN,1,2045,142025.16,28771.123,4.95651
7367,SEN,1,2050,202613.95,31571.336,6.470622
7368,SEN,1,2055,274061.28,34377.66,8.050891
7369,SEN,1,2060,364082.78,37237.4,9.900478
7370,SEN,1,2065,492714.5,40022.008,12.47801
7371,SEN,1,2070,648776.1,42822.03,15.381902
7372,SEN,1,2075,894106.44,45553.445,19.943848
7373,SEN,1,2080,903637.75,48179.492,18.95246
7374,SEN,1,2085,1232271.9,50698.406,24.639246
7375,SEN,1,2090,1577822.9,53240.73,30.072905
7376,SEN,1,2095,2036894.0,55732.086,37.211536
7377,SEN,1,2100,2709669.8,58008.805,47.68342
7378,SEN,2,2020,23172.527,16436.12,1.4098539
7379,SEN,2,2025,29521.982,18652.867,1.5827236
7380,SEN,2,2030,37648.254,20983.793,1.7941571
7381,SEN,2,2035,45978.336,23484.598,1.9583347
7382,SEN,2,2040,56921.832,26101.232,2.182111
7383,SEN,2,2045,70375.914,28775.35,2.4483745
7384,SEN,2,2050,84584.11,31490.512,2.690114
7385,SEN,2,2055,103193.3,34242.566,3.016582
7386,SEN,2,2060,122803.555,37002.305,3.3220127
7387,SEN,2,2065,149792.45,39717.086,3.7789228
7388,SEN,2,2070,172352.44,42452.504,4.066346
7389,SEN,2,2075,203791.45,45159.445,4.517879
7390,SEN,2,2080,242785.27,47817.523,5.0822997
7391,SEN,2,2085,278749.44,50394.055,5.5362506
7392,SEN,2,2090,328263.4,52878.59,6.2127404
7393,SEN,2,2095,369981.62,55247.383,6.7002234
7394,SEN,2,2100,407218.94,57484.332,7.073786
7395,SGP,0,2020,341011.22,5685.807,59.97587
7396,SGP,0,2025,396242.6,5868.9385,67.497604
7397,SGP,0,2030,466106.44,6007.73,77.50608
7398,SGP,0,2035,519529.22,6092.0684,85.17834
7399,SGP,0,2040,598324.1,6123.706,97.53535
7400,SGP,0,2045,663558.4,6118.226,108.27823
7401,SGP,0,2050,754173.7,6081.4287,123.99493
7402,SGP,0,2055,869510.56,6017.7944,144.19014
7403,SGP,0,2060,981536.6,5934.6265,164.76355
7404,SGP,0,2065,1055877.2,5835.0884,180.05107
7405,SGP,0,2070,1093206.6,5737.032,189.48302
7406,SGP,0,2075,1171489.9,5624.647,206.39854
7407,SGP,0,2080,1269077.9,5510.0576,228.20914
7408,SGP,0,2085,1427476.5,5413.7305,260.93274
7409,SGP,0,2090,1525201.4,5321.3403,283.23303
7410,SGP,0,2095,1607910.9,5240.943,302.9159
7411,SGP,0,2100,1877098.2,5153.817,356.27216
7412,SGP,1,2020,341011.22,5685.807,59.97587
7413,SGP,1,2025,438774.5,5881.8584,74.62772
7414,SGP,1,2030,517077.44,6037.057,85.753716
7415,SGP,1,2035,644487.8,6132.2197,105.281136
7416,SGP,1,2040,778762.1,6195.522,126.38644
7417,SGP,1,2045,872897.9,6197.6714,141.61528
7418,SGP,1,2050,1093370.9,6168.7637,178.41833
7419,SGP,1,2055,1353229.5,6090.6343,222.4568
7420,SGP,1,2060,1650477.9,5986.9023,275.92508
7421,SGP,1,2065,1905227.9,5888.416,324.0825
7422,SGP,1,2070,2492270.5,5783.0796,432.68204
7423,SGP,1,2075,3601573.0,5721.331,628.80133
7424,SGP,1,2080,3393347.0,5655.98,599.4779
7425,SGP,1,2085,3968205.0,5603.8716,714.6204
7426,SGP,1,2090,4399538.5,5525.2876,804.6737
7427,SGP,1,2095,4801681.5,5455.6436,894.86676
7428,SGP,1,2100,5171180.5,5383.3735,980.5968
7429,SGP,2,2020,341011.22,5685.807,59.975864
7430,SGP,2,2025,367774.72,5865.7715,62.6949
7431,SGP,2,2030,394804.62,6017.3154,65.62276
7432,SGP,2,2035,406870.4,6110.7363,66.57597
7433,SGP,2,2040,433385.94,6152.5835,70.36895
7434,SGP,2,2045,436588.84,6155.638,70.9238
7435,SGP,2,2050,436819.5,6127.57,71.23519
7436,SGP,2,2055,436297.12,6068.734,71.77777
7437,SGP,2,2060,449441.94,5983.7925,74.839005
7438,SGP,2,2065,459077.12,5880.488,77.62496
7439,SGP,2,2070,467312.7,5781.125,80.22006
7440,SGP,2,2075,488579.56,5679.8916,85.228645
7441,SGP,2,2080,512887.22,5571.642,91.21743
7442,SGP,2,2085,542181.25,5482.1772,98.143364
7443,SGP,2,2090,577172.56,5398.7905,106.235
7444,SGP,2,2095,583220.7,5322.331,108.77396
7445,SGP,2,2100,611536.6,5232.9873,115.71828
7446,SLB,0,2020,1456.8066,691.191,2.107676
7447,SLB,0,2025,1847.9573,778.3848,2.3740633
7448,SLB,0,2030,2395.2932,868.5705,2.7575452
7449,SLB,0,2035,3074.265,963.75055,3.189685
7450,SLB,0,2040,3978.9412,1064.0089,3.7396781
7451,SLB,0,2045,5053.2646,1167.7115,4.32833
7452,SLB,0,2050,6550.082,1273.336,5.146213
7453,SLB,0,2055,8156.1567,1379.895,5.9148436
7454,SLB,0,2060,10275.219,1487.2728,6.9159827
7455,SLB,0,2065,12676.561,1595.4185,7.9559565
7456,SLB,0,2070,15435.772,1704.7207,9.069643
7457,SLB,0,2075,18626.781,1813.8335,10.299877
7458,SLB,0,2080,21670.371,1920.5146,11.335202
7459,SLB,0,2085,25981.477,2024.4265,12.896357
7460,SLB,0,2090,30613.37,2124.1335,14.48171
7461,SLB,0,2095,36993.848,2220.1296,16.738438
7462,SLB,0,2100,44586.08,2311.1309,19.39833
7463,SLB,1,2020,1456.8066,691.191,2.107676
7464,SLB,1,2025,1991.4111,778.8657,2.5570688
7465,SLB,1,2030,2572.8945,869.09766,2.959532
7466,SLB,1,2035,3586.1575,965.5064,3.713416
7467,SLB,1,2040,5187.5957,1068.498,4.860058
7468,SLB,1,2045,6722.9556,1175.9501,5.7224717
7469,SLB,1,2050,9880.167,1287.5085,7.696811
7470,SLB,1,2055,13825.446,1402.9216,9.905707
7471,SLB,1,2060,19465.092,1517.5132,12.9543
7472,SLB,1,2065,28015.195,1635.5752,17.41207
7473,SLB,1,2070,36457.7,1756.0427,21.159592
7474,SLB,1,2075,48223.79,1877.802,26.245266
7475,SLB,1,2080,52973.977,1996.994,27.115952
7476,SLB,1,2085,68703.25,2113.4463,33.351124
7477,SLB,1,2090,91283.234,2224.867,42.243908
7478,SLB,1,2095,114040.77,2339.3,50.35443
7479,SLB,1,2100,141418.98,2448.4275,59.84191
7480,SLB,2,2020,1456.8066,691.191,2.107676
7481,SLB,2,2025,1847.6201,778.43604,2.3735976
7482,SLB,2,2030,2212.7249,868.32245,2.5486093
7483,SLB,2,2035,2584.7837,962.9902,2.684999
7484,SLB,2,2040,3072.7378,1062.8094,2.8928657
7485,SLB,2,2045,3683.166,1165.5156,3.1620674
7486,SLB,2,2050,4310.169,1269.7415,3.3972118
7487,SLB,2,2055,4913.3193,1374.559,3.5768013
7488,SLB,2,2060,5886.234,1480.0355,3.9781928
7489,SLB,2,2065,6822.2305,1586.2073,4.2993307
7490,SLB,2,2070,7691.87,1693.9298,4.54001
7491,SLB,2,2075,8706.929,1800.8932,4.8337283
7492,SLB,2,2080,9885.471,1904.9565,5.1863546
7493,SLB,2,2085,11464.458,2006.0723,5.718819
7494,SLB,2,2090,13171.609,2102.5625,6.272375
7495,SLB,2,2095,14824.116,2195.1526,6.752073
7496,SLB,2,2100,16726.742,2282.9832,7.3203197
7497,SLE,0,2020,5076.76,8233.97,0.61656284
7498,SLE,0,2025,7227.6597,9109.024,0.7934427
7499,SLE,0,2030,10708.538,10034.658,1.0663463
7500,SLE,0,2035,14508.169,10972.497,1.321414
7501,SLE,0,2040,18779.775,11886.071,1.5799943
7502,SLE,0,2045,24368.994,12811.903,1.9033645
7503,SLE,0,2050,31804.035,13708.561,2.3192859
7504,SLE,0,2055,39795.11,14591.777,2.726618
7505,SLE,0,2060,51776.32,15421.554,3.3593223
7506,SLE,0,2065,66001.07,16227.293,4.067923
7507,SLE,0,2070,83497.31,16993.658,4.91505
7508,SLE,0,2075,100001.67,17728.89,5.6424284
7509,SLE,0,2080,105720.875,18403.234,5.7372847
7510,SLE,0,2085,128764.54,18950.133,6.7938023
7511,SLE,0,2090,156791.0,19489.176,8.035845
7512,SLE,0,2095,192298.02,19906.408,9.646844
7513,SLE,0,2100,225648.45,20246.252,11.102826
7514,SLE,1,2020,5076.76,8233.97,0.61656284
7515,SLE,1,2025,7182.3843,9087.84,0.7906444
7516,SLE,1,2030,11863.9375,9989.691,1.1855972
7517,SLE,1,2035,19166.705,10946.25,1.7429242
7518,SLE,1,2040,25362.395,11924.012,2.1200376
7519,SLE,1,2045,31730.004,12920.209,2.448421
7520,SLE,1,2050,42289.543,13787.036,3.055458
7521,SLE,1,2055,51633.027,14673.608,3.5076113
7522,SLE,1,2060,70795.24,15615.909,4.5295763
7523,SLE,1,2065,94625.8,16538.303,5.756184
7524,SLE,1,2070,123917.914,17403.48,7.154785
7525,SLE,1,2075,157382.83,18282.76,8.675982
7526,SLE,1,2080,175247.28,19047.787,9.312687
7527,SLE,1,2085,227484.16,19673.893,11.703364
7528,SLE,1,2090,292467.06,20239.02,14.617545
7529,SLE,1,2095,383076.3,20795.107,18.72221
7530,SLE,1,2100,468543.7,21184.713,22.52556
7531,SLE,2,2020,5076.76,8233.97,0.61656284
7532,SLE,2,2025,6574.956,9111.856,0.72144926
7533,SLE,2,2030,8243.098,10032.639,0.8214031
7534,SLE,2,2035,10307.042,10954.577,0.9413035
7535,SLE,2,2040,12420.197,11868.287,1.046974
7536,SLE,2,2045,15809.572,12779.903,1.2366575
7537,SLE,2,2050,19448.209,13674.039,1.4216094
7538,SLE,2,2055,23782.38,14573.844,1.6300348
7539,SLE,2,2060,28857.936,15420.887,1.8695931
7540,SLE,2,2065,34454.42,16244.542,2.1200867
7541,SLE,2,2070,40067.66,17037.387,2.3481183
7542,SLE,2,2075,45689.324,17768.22,2.5619857
7543,SLE,2,2080,51395.56,18429.846,2.7834961
7544,SLE,2,2085,61015.215,18970.643,3.2023368
7545,SLE,2,2090,71800.53,19482.184,3.6714501
7546,SLE,2,2095,84995.22,19886.58,4.270888
7547,SLE,2,2100,100699.445,20241.543,4.9984784
7548,SLV,0,2020,24079.9,6292.731,3.8266218
7549,SLV,0,2025,28921.615,6427.109,4.499883
7550,SLV,0,2030,34689.37,6509.8164,5.328634
7551,SLV,0,2035,40786.78,6561.9487,6.2162213
7552,SLV,0,2040,48119.457,6588.83,7.3046165
7553,SLV,0,2045,57218.72,6599.512,8.671818
7554,SLV,0,2050,67535.85,6599.4575,10.235719
7555,SLV,0,2055,77910.67,6588.281,11.82866
7556,SLV,0,2060,92768.49,6557.343,14.1426325
7557,SLV,0,2065,105143.94,6509.218,16.154518
7558,SLV,0,2070,115747.23,6441.3804,17.972849
7559,SLV,0,2075,129834.58,6357.4917,20.427277
7560,SLV,0,2080,140516.9,6252.861,22.464216
7561,SLV,0,2085,155773.14,6132.074,25.410149
7562,SLV,0,2090,174369.39,6003.5127,29.027172
7563,SLV,0,2095,201230.64,5874.179,34.266735
7564,SLV,0,2100,229726.22,5747.148,39.934147
7565,SLV,1,2020,24079.9,6292.731,3.8266215
7566,SLV,1,2025,31126.164,6431.465,4.8396506
7567,SLV,1,2030,38720.11,6527.35,5.931963
7568,SLV,1,2035,48315.496,6589.833,7.333981
7569,SLV,1,2040,61286.48,6633.8433,9.250349
7570,SLV,1,2045,77811.805,6660.008,11.713856
7571,SLV,1,2050,97306.13,6671.7183,14.645046
7572,SLV,1,2055,117362.21,6658.34,17.72658
7573,SLV,1,2060,145966.84,6624.3027,22.19356
7574,SLV,1,2065,171903.7,6576.182,26.334421
7575,SLV,1,2070,215178.52,6499.859,33.37199
7576,SLV,1,2075,272732.34,6411.0757,42.902138
7577,SLV,1,2080,292379.38,6309.5957,46.80617
7578,SLV,1,2085,356582.2,6190.3247,58.17559
7579,SLV,1,2090,414605.4,6059.6855,69.30868
7580,SLV,1,2095,484741.75,5933.435,83.18288
7581,SLV,1,2100,572746.4,5805.382,100.47688
7582,SLV,2,2020,24079.9,6292.731,3.8266218
7583,SLV,2,2025,27150.568,6428.4087,4.223497
7584,SLV,2,2030,30013.424,6515.4688,4.6069775
7585,SLV,2,2035,32409.84,6568.7007,4.9346175
7586,SLV,2,2040,35501.62,6595.769,5.3840704
7587,SLV,2,2045,39672.91,6606.086,6.0075507
7588,SLV,2,2050,43260.57,6604.659,6.550282
7589,SLV,2,2055,46281.914,6590.913,7.0219
7590,SLV,2,2060,50762.348,6557.219,7.739953
7591,SLV,2,2065,54904.96,6507.1016,8.4351
7592,SLV,2,2070,58997.79,6436.7417,9.164197
7593,SLV,2,2075,64735.74,6349.6606,10.196394
7594,SLV,2,2080,69627.625,6243.9956,11.157358
7595,SLV,2,2085,74375.945,6120.898,12.155834
7596,SLV,2,2090,79534.49,5988.7446,13.281864
7597,SLV,2,2095,86139.85,5854.9883,14.714409
7598,SLV,2,2100,90902.47,5722.914,15.880436
7599,SOM,0,2020,8579.7295,16537.016,0.5188197
7600,SOM,0,2025,12766.979,19967.416,0.6395848
7601,SOM,0,2030,19638.2,23955.348,0.82003003
7602,SOM,0,2035,27998.625,28426.922,0.98457193
7603,SOM,0,2040,40395.344,33168.613,1.21612
7604,SOM,0,2045,55733.008,38254.3,1.4561509
7605,SOM,0,2050,78676.65,43995.27,1.7886888
7606,SOM,0,2055,108835.516,50336.74,2.1622689
7607,SOM,0,2060,151345.58,57137.586,2.646733
7608,SOM,0,2065,205199.6,64260.082,3.1963387
7609,SOM,0,2070,277620.47,71933.6,3.8775206
7610,SOM,0,2075,374438.6,80115.83,4.7017217
7611,SOM,0,2080,437708.16,88615.28,4.9651537
7612,SOM,0,2085,599102.44,97711.016,6.163737
7613,SOM,0,2090,774702.56,106640.09,7.309571
7614,SOM,0,2095,1014167.56,115348.69,8.859926
7615,SOM,0,2100,1265515.8,124808.65,10.24031
7616,SOM,1,2020,8579.7295,16537.016,0.5188197
7617,SOM,1,2025,13838.063,20295.678,0.68422025
7618,SOM,1,2030,22842.777,24253.57,0.946416
7619,SOM,1,2035,38777.0,29301.16,1.3406308
7620,SOM,1,2040,56058.75,34272.07,1.6585891
7621,SOM,1,2045,80140.95,39428.547,2.061236
7622,SOM,1,2050,121154.016,44880.04,2.7304041
7623,SOM,1,2055,163490.4,51574.88,3.2140749
7624,SOM,1,2060,228901.31,58172.72,3.9928422
7625,SOM,1,2065,345021.62,65900.375,5.3760533
7626,SOM,1,2070,498567.62,73800.97,6.928324
7627,SOM,1,2075,686992.25,83613.46,8.516076
7628,SOM,1,2080,703845.94,92279.96,7.8528
7629,SOM,1,2085,1039625.7,101708.266,10.464454
7630,SOM,1,2090,1349730.6,111034.49,12.446175
7631,SOM,1,2095,1842397.6,120898.19,15.676199
7632,SOM,1,2100,2579088.2,129627.73,20.348
7633,SOM,2,2020,8579.7295,16537.016,0.5188197
7634,SOM,2,2025,12196.772,20003.508,0.60981846
7635,SOM,2,2030,16327.743,24030.998,0.6790427
7636,SOM,2,2035,22123.035,28561.91,0.7735168
7637,SOM,2,2040,29777.86,33281.566,0.89259017
7638,SOM,2,2045,40485.383,38435.273,1.0506122
7639,SOM,2,2050,53051.305,44163.57,1.1984835
7640,SOM,2,2055,70130.82,50574.188,1.3833435
7641,SOM,2,2060,90353.82,57519.9,1.5672281
7642,SOM,2,2065,117395.92,64900.06,1.8032526
7643,SOM,2,2070,147183.1,72494.17,2.0239131
7644,SOM,2,2075,184261.98,80594.34,2.2766206
7645,SOM,2,2080,228952.75,89056.08,2.5601172
7646,SOM,2,2085,284578.03,98056.31,2.8749464
7647,SOM,2,2090,361540.1,107286.42,3.326123
7648,SOM,2,2095,453530.78,116407.164,3.8348832
7649,SOM,2,2100,549115.75,126265.84,4.2823544
7650,SRB,0,2020,45814.81,6899.126,6.6406684
7651,SRB,0,2025,52125.688,6717.173,7.7612677
7652,SRB,0,2030,63757.348,6520.834,9.779544
7653,SRB,0,2035,71508.414,6304.397,11.344877
7654,SRB,0,2040,78190.9,6074.8438,12.867724
7655,SRB,0,2045,86765.77,5848.7607,14.823224
7656,SRB,0,2050,95228.21,5629.0977,16.901167
7657,SRB,0,2055,108758.46,5413.1523,20.06644
7658,SRB,0,2060,127033.25,5194.6787,24.4131
7659,SRB,0,2065,135333.27,4977.8037,27.139662
7660,SRB,0,2070,149287.02,4764.3174,31.260973
7661,SRB,0,2075,164179.58,4556.5527,35.976128
7662,SRB,0,2080,166586.86,4352.9126,38.235886
7663,SRB,0,2085,187993.73,4163.0454,45.051327
7664,SRB,0,2090,206940.5,3990.2378,51.734867
7665,SRB,0,2095,213597.2,3828.9646,55.576477
7666,SRB,0,2100,241612.3,3679.651,65.460625
7667,SRB,1,2020,45814.81,6899.126,6.6406684
7668,SRB,1,2025,55532.56,6716.388,8.266225
7669,SRB,1,2030,68241.13,6531.3,10.444628
7670,SRB,1,2035,93564.62,6316.7974,14.818156
7671,SRB,1,2040,106582.32,6079.2373,17.56815
7672,SRB,1,2045,114530.53,5852.1323,19.630104
7673,SRB,1,2050,125530.984,5626.49,22.381735
7674,SRB,1,2055,133497.89,5417.774,24.71514
7675,SRB,1,2060,156594.38,5206.4126,30.156164
7676,SRB,1,2065,187152.67,4999.192,37.673695
7677,SRB,1,2070,221860.94,4787.1714,46.68669
7678,SRB,1,2075,264943.4,4582.497,58.271996
7679,SRB,1,2080,299720.34,4380.086,69.16459
7680,SRB,1,2085,385623.16,4189.3047,92.95241
7681,SRB,1,2090,466577.97,4028.976,117.4689
7682,SRB,1,2095,489971.66,3871.9377,128.34793
7683,SRB,1,2100,560712.7,3728.5657,152.35538
7684,SRB,2,2020,45814.81,6899.1265,6.6406684
7685,SRB,2,2025,50268.707,6717.9243,7.4831743
7686,SRB,2,2030,54835.74,6520.242,8.410721
7687,SRB,2,2035,59704.39,6300.9307,9.478329
7688,SRB,2,2040,61965.082,6069.525,10.210621
7689,SRB,2,2045,65693.45,5842.8384,11.247589
7690,SRB,2,2050,67755.16,5622.806,12.051077
7691,SRB,2,2055,69125.41,5408.5024,12.788537
7692,SRB,2,2060,70207.914,5191.7275,13.530619
7693,SRB,2,2065,70657.69,4975.2007,14.21415
7694,SRB,2,2070,72802.04,4763.237,15.310255
7695,SRB,2,2075,74256.31,4558.9834,16.33657
7696,SRB,2,2080,76621.7,4356.9517,17.631601
7697,SRB,2,2085,80433.37,4168.628,19.32744
7698,SRB,2,2090,85386.836,3997.3894,21.431032
7699,SRB,2,2095,94294.23,3838.314,24.601696
7700,SRB,2,2100,96342.125,3689.5356,26.11893
7701,STP,0,2020,315.3212,218.641,1.4421871
7702,STP,0,2025,402.88644,242.80981,1.6591641
7703,STP,0,2030,546.37256,269.80524,2.026162
7704,STP,0,2035,707.44464,297.8019,2.3783512
7705,STP,0,2040,906.00946,326.6986,2.7752442
7706,STP,0,2045,1157.7986,356.08237,3.2541478
7707,STP,0,2050,1495.4395,385.6553,3.879771
7708,STP,0,2055,1924.3583,415.02176,4.634299
7709,STP,0,2060,2483.1555,444.95746,5.5871263
7710,STP,0,2065,3056.392,474.50052,6.4404783
7711,STP,0,2070,3779.0896,503.25357,7.4975085
7712,STP,0,2075,4590.113,532.09973,8.623433
7713,STP,0,2080,5326.876,559.174,9.525722
7714,STP,0,2085,6572.2188,584.6536,11.235836
7715,STP,0,2090,7774.0713,609.0332,12.745415
7716,STP,0,2095,9590.203,632.65106,15.122485
7717,STP,0,2100,11495.868,654.505,17.50847
7718,STP,1,2020,315.32123,218.641,1.4421871
7719,STP,1,2025,430.5324,242.59378,1.7760799
7720,STP,1,2030,609.176,271.30957,2.2513063
7721,STP,1,2035,896.0579,300.12274,2.997308
7722,STP,1,2040,1205.4166,330.97876,3.6584747
7723,STP,1,2045,1594.2008,360.38165,4.445747
7724,STP,1,2050,2313.5315,392.24585,5.9456463
7725,STP,1,2055,3067.5146,427.54803,7.302798
7726,STP,1,2060,4014.8513,463.9842,8.886674
7727,STP,1,2065,5326.007,501.26416,11.059412
7728,STP,1,2070,7046.206,538.05304,13.819678
7729,STP,1,2075,9293.041,574.5193,17.231312
7730,STP,1,2080,10555.388,609.99384,18.498652
7731,STP,1,2085,12852.973,638.32184,21.530682
7732,STP,1,2090,16373.564,662.7209,26.49484
7733,STP,1,2095,21036.756,687.2929,33.197643
7734,STP,1,2100,24884.91,710.78125,37.978203
7735,STP,2,2020,315.32123,218.64099,1.4421871
7736,STP,2,2025,384.80148,242.7711,1.5850297
7737,STP,2,2030,474.9293,269.8896,1.7597604
7738,STP,2,2035,579.49536,297.82108,1.945815
7739,STP,2,2040,703.377,326.2359,2.1557176
7740,STP,2,2045,852.3982,354.7185,2.4015648
7741,STP,2,2050,1026.58,383.70474,2.6714895
7742,STP,2,2055,1207.6128,412.61118,2.9214509
7743,STP,2,2060,1404.1753,442.04675,3.1717997
7744,STP,2,2065,1582.192,470.85165,3.3581753
7745,STP,2,2070,1801.1815,499.3245,3.59811
7746,STP,2,2075,2111.9707,527.7129,3.984243
7747,STP,2,2080,2458.1716,554.1801,4.4277678
7748,STP,2,2085,2856.437,578.9544,4.929702
7749,STP,2,2090,3244.8064,602.6053,5.3839526
7750,STP,2,2095,3682.1096,626.07355,5.8819633
7751,STP,2,2100,4177.7583,646.73517,6.4740458
7752,SUR,0,2020,4476.332,607.065,7.373728
7753,SUR,0,2025,5276.1826,632.1652,8.34815
7754,SUR,0,2030,6205.7544,654.64087,9.484433
7755,SUR,0,2035,7310.731,674.4324,10.846999
7756,SUR,0,2040,8814.509,692.2863,12.735683
7757,SUR,0,2045,10437.254,707.11414,14.753749
7758,SUR,0,2050,12253.584,720.0879,17.00607
7759,SUR,0,2055,14509.967,732.28253,19.810406
7760,SUR,0,2060,16938.262,741.51276,22.83163
7761,SUR,0,2065,19454.36,747.70685,26.046268
7762,SUR,0,2070,21490.25,751.5269,28.67083
7763,SUR,0,2075,24895.154,752.994,33.19121
7764,SUR,0,2080,27479.137,752.8163,36.677837
7765,SUR,0,2085,30694.385,752.62714,40.946754
7766,SUR,0,2090,33789.6,751.61536,45.040096
7767,SUR,0,2095,37999.22,749.62036,50.78711
7768,SUR,0,2100,42396.113,747.45416,56.723972
7769,SUR,1,2020,4476.332,607.065,7.373728
7770,SUR,1,2025,5484.9727,631.5211,8.687662
7771,SUR,1,2030,6674.0664,656.06866,10.176126
7772,SUR,1,2035,8387.779,675.26886,12.424736
7773,SUR,1,2040,10497.687,690.5895,15.185144
7774,SUR,1,2045,13455.707,705.12164,19.038103
7775,SUR,1,2050,16981.252,719.51904,23.506767
7776,SUR,1,2055,20884.32,733.7933,28.316769
7777,SUR,1,2060,25312.914,747.1431,33.726498
7778,SUR,1,2065,31877.137,756.3369,42.014862
7779,SUR,1,2070,39819.133,761.7013,52.24762
7780,SUR,1,2075,50893.547,763.8356,66.761566
7781,SUR,1,2080,63664.76,769.7503,83.0002
7782,SUR,1,2085,74530.95,775.17664,96.79591
7783,SUR,1,2090,93423.17,778.47876,121.266594
7784,SUR,1,2095,114511.58,780.6443,149.08693
7785,SUR,1,2100,131471.88,784.0057,172.28618
7786,SUR,2,2020,4476.332,607.065,7.3737283
7787,SUR,2,2025,4999.5923,632.65955,7.9026613
7788,SUR,2,2030,5553.0303,656.13385,8.461868
7789,SUR,2,2035,6102.1187,676.86945,9.015804
7790,SUR,2,2040,6606.0967,695.8421,9.490524
7791,SUR,2,2045,7352.5327,712.6789,10.311415
7792,SUR,2,2050,7993.285,727.39575,10.970379
7793,SUR,2,2055,8835.316,740.90533,11.904659
7794,SUR,2,2060,9563.179,752.2771,12.682852
7795,SUR,2,2065,10472.233,760.3456,13.731737
7796,SUR,2,2070,11234.519,765.64246,14.635192
7797,SUR,2,2075,12209.151,768.1414,15.8607855
7798,SUR,2,2080,13218.031,768.89703,17.162344
7799,SUR,2,2085,14278.639,770.2358,18.473015
7800,SUR,2,2090,15437.018,769.4295,19.975243
7801,SUR,2,2095,16565.326,767.5445,21.493914
7802,SUR,2,2100,17416.982,765.9407,22.637701
7803,SVK,0,2020,97470.836,5458.827,17.855637
7804,SVK,0,2025,114868.234,5428.515,21.159807
7805,SVK,0,2030,132875.44,5355.1265,24.809952
7806,SVK,0,2035,153880.55,5243.3823,29.34573
7807,SVK,0,2040,178241.6,5110.9077,34.87803
7808,SVK,0,2045,203019.42,4971.421,40.842094
7809,SVK,0,2050,225261.2,4831.124,46.6363
7810,SVK,0,2055,250801.48,4690.039,53.491398
7811,SVK,0,2060,271683.4,4541.1084,59.827343
7812,SVK,0,2065,305898.2,4380.741,69.85391
7813,SVK,0,2070,353104.38,4215.135,83.79166
7814,SVK,0,2075,388382.8,4054.5027,95.860214
7815,SVK,0,2080,412324.06,3909.1213,105.58885
7816,SVK,0,2085,456931.16,3782.235,120.9111
7817,SVK,0,2090,476987.34,3675.4426,129.89397
7818,SVK,0,2095,520025.16,3580.943,145.34315
7819,SVK,0,2100,582877.56,3494.3435,167.00562
7820,SVK,1,2020,97470.836,5458.827,17.855637
7821,SVK,1,2025,118238.99,5435.4756,21.754436
7822,SVK,1,2030,129411.92,5367.3496,24.116228
7823,SVK,1,2035,158423.77,5260.4927,30.138706
7824,SVK,1,2040,184754.45,5132.8315,36.040924
7825,SVK,1,2045,224696.12,4997.616,45.006535
7826,SVK,1,2050,278988.1,4861.718,57.482174
7827,SVK,1,2055,336147.16,4724.994,71.362305
7828,SVK,1,2060,384886.1,4580.7163,84.26838
7829,SVK,1,2065,421319.28,4427.517,95.550354
7830,SVK,1,2070,507553.75,4267.901,119.46119
7831,SVK,1,2075,610066.7,4113.568,149.47575
7832,SVK,1,2080,718145.1,3974.1785,182.20566
7833,SVK,1,2085,781683.44,3851.755,204.4445
7834,SVK,1,2090,933862.5,3749.0261,251.71207
7835,SVK,1,2095,1149271.1,3659.569,318.13712
7836,SVK,1,2100,1248734.8,3578.8042,353.81332
7837,SVK,2,2020,97470.836,5458.827,17.855637
7838,SVK,2,2025,110758.38,5428.4727,20.4032
7839,SVK,2,2030,117061.01,5354.6284,21.861862
7840,SVK,2,2035,125279.664,5243.1094,23.895298
7841,SVK,2,2040,132464.81,5109.881,25.926384
7842,SVK,2,2045,136937.23,4969.6934,27.555716
7843,SVK,2,2050,146576.19,4828.976,30.346182
7844,SVK,2,2055,154595.84,4686.924,32.979507
7845,SVK,2,2060,167813.55,4538.0396,36.95338
7846,SVK,2,2065,169235.72,4378.4053,38.620373
7847,SVK,2,2070,173784.88,4213.071,41.188248
7848,SVK,2,2075,186960.02,4053.1262,46.08292
7849,SVK,2,2080,188486.12,3908.971,48.189255
7850,SVK,2,2085,193568.42,3783.0464,51.14796
7851,SVK,2,2090,204147.6,3677.0862,55.474506
7852,SVK,2,2095,222207.92,3583.4614,61.99938
7853,SVK,2,2100,228147.9,3497.0613,65.168625
7854,SVN,0,2020,48932.555,2102.419,23.274406
7855,SVN,0,2025,54304.477,2096.8535,25.897509
7856,SVN,0,2030,61639.086,2080.6543,29.621729
7857,SVN,0,2035,69247.16,2057.5022,33.652657
7858,SVN,0,2040,78668.15,2029.5402,38.760338
7859,SVN,0,2045,86636.02,1998.3074,43.363686
7860,SVN,0,2050,96762.85,1961.8044,49.33324
7861,SVN,0,2055,107502.445,1920.044,56.007656
7862,SVN,0,2060,119643.984,1874.5977,63.845222
7863,SVN,0,2065,132667.98,1830.6289,72.49272
7864,SVN,0,2070,143840.56,1787.8375,80.44139
7865,SVN,0,2075,156137.61,1747.9672,89.220345
7866,SVN,0,2080,170184.78,1713.8896,99.13498
7867,SVN,0,2085,188391.56,1686.8064,111.43947
7868,SVN,0,2090,207737.11,1665.6512,124.44476
7869,SVN,0,2095,228748.33,1648.581,138.37152
7870,SVN,0,2100,249037.45,1631.1604,152.17374
7871,SVN,1,2020,48932.555,2102.419,23.274406
7872,SVN,1,2025,56144.527,2097.8462,26.767632
7873,SVN,1,2030,66811.45,2089.3145,32.006516
7874,SVN,1,2035,78407.88,2071.872,37.894684
7875,SVN,1,2040,92894.01,2047.4344,45.47386
7876,SVN,1,2045,110051.1,2016.3804,54.782177
7877,SVN,1,2050,134559.2,1979.08,68.42229
7878,SVN,1,2055,168409.58,1934.3177,87.73117
7879,SVN,1,2060,202712.55,1888.2603,108.41106
7880,SVN,1,2065,243433.75,1844.8019,133.80815
7881,SVN,1,2070,303079.56,1802.4677,171.10558
7882,SVN,1,2075,358376.62,1763.1158,206.59096
7883,SVN,1,2080,395517.94,1731.9435,232.39275
7884,SVN,1,2085,451978.75,1705.93,269.9155
7885,SVN,1,2090,529205.06,1684.6729,320.46774
7886,SVN,1,2095,600641.44,1667.8945,369.15237
7887,SVN,1,2100,677533.2,1650.8475,422.28766
7888,SVN,2,2020,48932.555,2102.419,23.274406
7889,SVN,2,2025,52760.684,2095.882,25.173916
7890,SVN,2,2030,55387.008,2077.8596,26.656073
7891,SVN,2,2035,57669.23,2052.3333,28.100273
7892,SVN,2,2040,60106.496,2022.797,29.71938
7893,SVN,2,2045,62026.652,1989.9388,31.17799
7894,SVN,2,2050,63714.58,1952.645,32.635727
7895,SVN,2,2055,65211.418,1909.6527,34.143616
7896,SVN,2,2060,68258.23,1862.9131,36.6594
7897,SVN,2,2065,71249.42,1817.8457,39.22643
7898,SVN,2,2070,72397.35,1774.6566,40.84195
7899,SVN,2,2075,76579.23,1734.5004,44.226223
7900,SVN,2,2080,81254.8,1700.2086,47.91847
7901,SVN,2,2085,85413.29,1672.4327,51.200798
7902,SVN,2,2090,89179.164,1650.5864,54.150238
7903,SVN,2,2095,93552.875,1633.1937,57.426758
7904,SVN,2,2100,98012.7,1615.5442,60.846687
7905,SWE,0,2020,545161.3,10353.442,52.655075
7906,SWE,0,2025,617216.7,10648.438,57.962128
7907,SWE,0,2030,717479.5,10896.262,65.84706
7908,SWE,0,2035,816947.3,11082.243,73.72466
7909,SWE,0,2040,946754.9,11241.152,84.2281
7910,SWE,0,2045,1109676.8,11400.503,97.34284
7911,SWE,0,2050,1256702.2,11556.025,108.74807
7912,SWE,0,2055,1441132.9,11691.29,123.272575
7913,SWE,0,2060,1640648.8,11798.526,139.0917
7914,SWE,0,2065,1859001.9,11886.492,156.42175
7915,SWE,0,2070,2053063.8,11968.191,171.55995
7916,SWE,0,2075,2346996.2,12047.782,194.96704
7917,SWE,0,2080,2661293.2,12116.03,219.98033
7918,SWE,0,2085,3006972.8,12163.686,247.73894
7919,SWE,0,2090,3301299.0,12210.231,270.82834
7920,SWE,0,2095,3712225.5,12267.506,302.9975
7921,SWE,0,2100,4138550.0,12325.437,336.0882
7922,SWE,1,2020,545161.3,10353.442,52.655075
7923,SWE,1,2025,639802.1,10650.24,60.07723
7924,SWE,1,2030,773058.2,10882.003,71.031784
7925,SWE,1,2035,938878.94,11057.055,84.88716
7926,SWE,1,2040,1142288.9,11212.088,101.78897
7927,SWE,1,2045,1367593.9,11362.77,120.20497
7928,SWE,1,2050,1740128.6,11517.485,150.79654
7929,SWE,1,2055,2106562.2,11636.559,180.43384
7930,SWE,1,2060,2573503.8,11739.633,218.23598
7931,SWE,1,2065,3079212.0,11831.672,259.02853
7932,SWE,1,2070,3862045.5,11919.616,322.85764
7933,SWE,1,2075,4651931.5,12003.275,386.50363
7934,SWE,1,2080,5698391.0,12066.645,472.1659
7935,SWE,1,2085,6504891.5,12106.367,536.73676
7936,SWE,1,2090,7813741.0,12156.236,642.2291
7937,SWE,1,2095,8600673.0,12206.022,704.2258
7938,SWE,1,2100,10018105.0,12284.57,815.88495
7939,SWE,2,2020,545161.3,10353.442,52.65508
7940,SWE,2,2025,603393.6,10647.747,56.66715
7941,SWE,2,2030,648420.5,10893.381,59.52306
7942,SWE,2,2035,685838.8,11077.278,61.912605
7943,SWE,2,2040,724770.56,11233.242,64.52498
7944,SWE,2,2045,776282.5,11388.321,68.177444
7945,SWE,2,2050,832601.7,11542.502,72.14343
7946,SWE,2,2055,892198.6,11672.477,76.44284
7947,SWE,2,2060,959341.44,11778.426,81.4668
7948,SWE,2,2065,1028180.56,11865.95,86.688255
7949,SWE,2,2070,1086906.8,11948.232,91.04295
7950,SWE,2,2075,1174019.4,12027.891,97.73936
7951,SWE,2,2080,1258307.4,12093.719,104.2282
7952,SWE,2,2085,1324407.5,12137.1875,109.347664
7953,SWE,2,2090,1402051.0,12178.508,115.37111
7954,SWE,2,2095,1501274.4,12228.739,123.01129
7955,SWE,2,2100,1579478.5,12282.012,128.78796
7956,SWZ,0,2020,4394.761,1180.655,3.7223077
7957,SWZ,0,2025,5226.384,1238.7893,4.2187896
7958,SWZ,0,2030,6416.479,1296.1215,4.949924
7959,SWZ,0,2035,7651.142,1351.9299,5.6578107
7960,SWZ,0,2040,9330.634,1402.5231,6.649225
7961,SWZ,0,2045,11058.058,1446.099,7.639714
7962,SWZ,0,2050,13039.152,1481.417,8.795825
7963,SWZ,0,2055,15469.748,1507.3386,10.258397
7964,SWZ,0,2060,18251.035,1523.2634,11.9833975
7965,SWZ,0,2065,20935.775,1530.9817,13.672432
7966,SWZ,0,2070,23636.416,1531.0114,15.4280405
7967,SWZ,0,2075,27203.89,1524.6803,17.818027
7968,SWZ,0,2080,30246.646,1512.0729,19.97389
7969,SWZ,0,2085,33794.805,1494.2281,22.573277
7970,SWZ,0,2090,37081.33,1471.1964,25.152733
7971,SWZ,0,2095,40973.0,1444.4728,28.298048
7972,SWZ,0,2100,45011.867,1415.6306,31.717701
7973,SWZ,1,2020,4394.761,1180.655,3.7223077
7974,SWZ,1,2025,5950.51,1241.1981,4.7948446
7975,SWZ,1,2030,7557.3438,1300.5023,5.8122797
7976,SWZ,1,2035,10410.542,1357.0131,7.6771464
7977,SWZ,1,2040,13306.888,1406.1685,9.483844
7978,SWZ,1,2045,16798.705,1446.0277,11.656747
7979,SWZ,1,2050,22569.797,1478.6626,15.317197
7980,SWZ,1,2055,27129.795,1501.877,18.116566
7981,SWZ,1,2060,35270.797,1516.5776,23.354288
7982,SWZ,1,2065,43779.875,1520.0765,28.918203
7983,SWZ,1,2070,54281.797,1518.73,35.848824
7984,SWZ,1,2075,66801.664,1509.6168,44.265957
7985,SWZ,1,2080,69521.17,1493.6735,46.48906
7986,SWZ,1,2085,88424.04,1475.541,59.715538
7987,SWZ,1,2090,108069.71,1452.206,73.85236
7988,SWZ,1,2095,129984.836,1424.6377,90.39035
7989,SWZ,1,2100,157072.23,1395.0189,110.561714
7990,SWZ,2,2020,4394.761,1180.655,3.7223077
7991,SWZ,2,2025,5157.5273,1238.951,4.162981
7992,SWZ,2,2030,5826.2764,1296.8,4.4932885
7993,SWZ,2,2035,6521.726,1353.2405,4.820155
7994,SWZ,2,2040,7353.591,1404.0198,5.238162
7995,SWZ,2,2045,8365.177,1447.377,5.7800694
7996,SWZ,2,2050,9142.219,1482.6512,6.169251
7997,SWZ,2,2055,9998.64,1508.7502,6.6335163
7998,SWZ,2,2060,11065.907,1524.6172,7.266529
7999,SWZ,2,2065,12408.027,1532.2991,8.108869
8000,SWZ,2,2070,13143.413,1532.6306,8.589354
8001,SWZ,2,2075,14167.948,1525.7448,9.298497
8002,SWZ,2,2080,15498.284,1512.6464,10.260503
8003,SWZ,2,2085,16519.068,1494.2056,11.056849
8004,SWZ,2,2090,17550.418,1470.7106,11.920741
8005,SWZ,2,2095,18801.146,1444.1234,13.001967
8006,SWZ,2,2100,19411.31,1415.8503,13.677551
8007,SYR,0,2020,15887.901,20772.596,0.7648491
8008,SYR,0,2025,20677.236,22424.475,0.9220332
8009,SYR,0,2030,29115.998,24463.133,1.1900222
8010,SYR,0,2035,37723.3,26396.49,1.4303015
8011,SYR,0,2040,50739.523,28131.777,1.8035375
8012,SYR,0,2045,65768.8,29664.324,2.2205017
8013,SYR,0,2050,82767.36,30977.828,2.6720026
8014,SYR,0,2055,106156.29,32346.225,3.2863572
8015,SYR,0,2060,133344.16,33454.88,3.9999576
8016,SYR,0,2065,163158.19,34442.426,4.746179
8017,SYR,0,2070,200231.92,35430.727,5.6710243
8018,SYR,0,2075,243288.25,36134.96,6.748661
8019,SYR,0,2080,263392.22,36773.457,7.183027
8020,SYR,0,2085,317072.9,37268.547,8.525574
8021,SYR,0,2090,368545.94,37819.582,9.719209
8022,SYR,0,2095,451703.75,38371.242,11.7435875
8023,SYR,0,2100,546864.1,38696.94,14.072828
8024,SYR,1,2020,15887.9,20772.596,0.7648491
8025,SYR,1,2025,21529.56,22435.309,0.95949996
8026,SYR,1,2030,29547.336,24726.326,1.1957726
8027,SYR,1,2035,39298.957,26469.29,1.4860433
8028,SYR,1,2040,55355.79,28141.838,1.9724947
8029,SYR,1,2045,71827.58,29681.104,2.428353
8030,SYR,1,2050,97380.89,30866.295,3.1757863
8031,SYR,1,2055,143761.86,32182.656,4.487748
8032,SYR,1,2060,178632.05,33621.668,5.3369403
8033,SYR,1,2065,236699.05,34749.594,6.8884754
8034,SYR,1,2070,288483.06,35958.49,8.13719
8035,SYR,1,2075,375115.0,36725.43,10.363558
8036,SYR,1,2080,410634.03,37354.92,11.111747
8037,SYR,1,2085,525115.6,38211.297,14.016835
8038,SYR,1,2090,616868.5,39029.914,16.211096
8039,SYR,1,2095,815010.25,39706.27,21.061628
8040,SYR,1,2100,1035122.94,40373.184,26.075178
8041,SYR,2,2020,15887.902,20772.596,0.7648491
8042,SYR,2,2025,20323.24,22424.92,0.90612936
8043,SYR,2,2030,25580.479,24495.068,1.0445195
8044,SYR,2,2035,32574.062,26382.525,1.234327
8045,SYR,2,2040,39143.44,28135.135,1.3916357
8046,SYR,2,2045,48174.59,29672.307,1.6217306
8047,SYR,2,2050,56245.734,30967.105,1.8129402
8048,SYR,2,2055,70389.65,32353.361,2.1700814
8049,SYR,2,2060,83700.5,33525.613,2.4909732
8050,SYR,2,2065,101021.03,34559.293,2.9213464
8051,SYR,2,2070,114419.555,35490.703,3.2167475
8052,SYR,2,2075,128719.05,36244.02,3.5431023
8053,SYR,2,2080,143242.42,36922.305,3.8638272
8054,SYR,2,2085,166603.6,37444.266,4.4388595
8055,SYR,2,2090,184060.17,38022.875,4.8297424
8056,SYR,2,2095,211317.2,38543.656,5.4751954
8057,SYR,2,2100,228081.28,38911.598,5.852202
8058,TCD,0,2020,10497.675,16644.701,0.6306917
8059,TCD,0,2025,14741.471,19192.975,0.76806504
8060,TCD,0,2030,21162.254,21922.902,0.965176
8061,TCD,0,2035,27756.697,24804.205,1.1194117
8062,TCD,0,2040,37553.42,27796.926,1.3516445
8063,TCD,0,2045,52666.156,30873.12,1.7067028
8064,TCD,0,2050,73149.35,33972.164,2.1533325
8065,TCD,0,2055,95269.8,37063.82,2.573117
8066,TCD,0,2060,118093.08,40139.41,2.9432316
8067,TCD,0,2065,148618.69,43180.742,3.4418206
8068,TCD,0,2070,197451.89,46148.996,4.289543
8069,TCD,0,2075,252120.97,48994.816,5.161012
8070,TCD,0,2080,278708.22,51734.98,5.4043117
8071,TCD,0,2085,357057.3,54296.848,6.5971503
8072,TCD,0,2090,434238.16,56691.234,7.676541
8073,TCD,0,2095,541086.2,58937.965,9.193229
8074,TCD,0,2100,665697.5,60982.93,10.906268
8075,TCD,1,2020,10497.675,16644.701,0.6306917
8076,TCD,1,2025,15496.718,19143.578,0.8093655
8077,TCD,1,2030,22866.348,21845.854,1.0464717
8078,TCD,1,2035,36641.992,24688.338,1.4845146
8079,TCD,1,2040,53592.305,27658.664,1.9381784
8080,TCD,1,2045,70038.234,30764.465,2.282694
8081,TCD,1,2050,93801.35,33982.44,2.7673447
8082,TCD,1,2055,121167.39,37194.99,3.272106
8083,TCD,1,2060,182889.69,40431.344,4.561109
8084,TCD,1,2065,271932.6,43807.86,6.3301854
8085,TCD,1,2070,359321.44,47061.13,7.7731705
8086,TCD,1,2075,439041.12,50319.03,8.861408
8087,TCD,1,2080,456151.03,53360.87,8.716553
8088,TCD,1,2085,566293.5,56263.984,10.225139
8089,TCD,1,2090,731754.56,58992.434,12.708089
8090,TCD,1,2095,940219.6,61721.2,15.871014
8091,TCD,1,2100,1234682.0,64298.543,20.118305
8092,TCD,2,2020,10497.675,16644.701,0.6306917
8093,TCD,2,2025,14115.75,19184.697,0.73578185
8094,TCD,2,2030,17854.64,21902.488,0.8151283
8095,TCD,2,2035,22536.244,24750.898,0.9105404
8096,TCD,2,2040,28689.824,27708.133,1.0359037
8097,TCD,2,2045,36677.805,30745.402,1.1937221
8098,TCD,2,2050,46650.55,33795.484,1.381323
8099,TCD,2,2055,57213.46,36845.996,1.5543826
8100,TCD,2,2060,69278.29,39890.254,1.7373128
8101,TCD,2,2065,87068.586,42909.89,2.030098
8102,TCD,2,2070,101211.67,45869.164,2.2047093
8103,TCD,2,2075,120397.01,48712.766,2.4693608
8104,TCD,2,2080,142856.78,51438.074,2.7764313
8105,TCD,2,2085,164865.9,54001.434,3.0550706
8106,TCD,2,2090,190363.83,56381.855,3.3790135
8107,TCD,2,2095,227457.22,58601.574,3.8922555
8108,TCD,2,2100,266160.3,60610.098,4.39761
8109,TGO,0,2020,7102.485,8442.58,0.8412695
8110,TGO,0,2025,9710.937,9444.39,1.0282273
8111,TGO,0,2030,14087.427,10507.125,1.3403434
8112,TGO,0,2035,18379.975,11598.809,1.584091
8113,TGO,0,2040,24875.604,12680.538,1.9608413
8114,TGO,0,2045,32097.412,13779.26,2.3279707
8115,TGO,0,2050,42332.805,14841.018,2.851727
8116,TGO,0,2055,53802.91,15902.35,3.382064
8117,TGO,0,2060,69480.26,16964.21,4.097313
8118,TGO,0,2065,87570.36,17985.117,4.878396
8119,TGO,0,2070,110130.92,18959.457,5.82076
8120,TGO,0,2075,138665.0,19868.697,6.9966536
8121,TGO,0,2080,153439.8,20715.746,7.4329476
8122,TGO,0,2085,193326.88,21516.137,9.020257
8123,TGO,0,2090,230647.34,22267.398,10.409094
8124,TGO,0,2095,277267.06,22890.328,12.170787
8125,TGO,0,2100,332607.22,23463.572,14.255408
8126,TGO,1,2020,7102.485,8442.58,0.8412695
8127,TGO,1,2025,10913.835,9472.903,1.152117
8128,TGO,1,2030,15953.817,10506.482,1.518944
8129,TGO,1,2035,24023.146,11570.374,2.0749695
8130,TGO,1,2040,34479.11,12634.918,2.7212625
8131,TGO,1,2045,49473.46,13655.589,3.5975728
8132,TGO,1,2050,70884.35,14718.0205,4.7804856
8133,TGO,1,2055,87797.53,15792.355,5.5147724
8134,TGO,1,2060,113909.34,16738.713,6.720271
8135,TGO,1,2065,159868.28,17679.201,8.903295
8136,TGO,1,2070,211131.75,18648.715,11.1111145
8137,TGO,1,2075,301734.8,19570.912,15.054145
8138,TGO,1,2080,285285.0,20429.033,13.658575
8139,TGO,1,2085,378318.0,21258.158,17.368366
8140,TGO,1,2090,502575.75,21997.068,22.262247
8141,TGO,1,2095,638720.94,22713.559,27.282902
8142,TGO,1,2100,775412.25,23364.035,32.10756
8143,TGO,2,2020,7102.4854,8442.58,0.8412695
8144,TGO,2,2025,9219.486,9447.498,0.97580594
8145,TGO,2,2030,11564.597,10512.112,1.1003028
8146,TGO,2,2035,14359.032,11611.217,1.2365321
8147,TGO,2,2040,17861.432,12704.134,1.4055147
8148,TGO,2,2045,22999.436,13798.755,1.666156
8149,TGO,2,2050,27042.125,14876.237,1.8174479
8150,TGO,2,2055,32113.3,15928.358,2.0166674
8151,TGO,2,2060,38222.47,16982.484,2.2533948
8152,TGO,2,2065,45852.652,17994.213,2.5526552
8153,TGO,2,2070,55043.6,18978.43,2.905418
8154,TGO,2,2075,66630.445,19898.855,3.3560612
8155,TGO,2,2080,79334.95,20743.28,3.8329334
8156,TGO,2,2085,91264.93,21546.059,4.244125
8157,TGO,2,2090,106357.48,22284.822,4.7784667
8158,TGO,2,2095,128433.414,22955.086,5.605507
8159,TGO,2,2100,144955.52,23557.607,6.151459
8160,THA,0,2020,438136.53,71475.664,6.1298704
8161,THA,0,2025,503109.03,72041.99,6.9838552
8162,THA,0,2030,595457.3,72201.5,8.24762
8163,THA,0,2035,663042.44,71863.414,9.226837
8164,THA,0,2040,758773.8,71094.65,10.669998
8165,THA,0,2045,845813.94,69881.64,12.09956
8166,THA,0,2050,969869.6,68274.414,14.206535
8167,THA,0,2055,1100684.5,66354.27,16.590725
8168,THA,0,2060,1233268.8,64264.47,19.196175
8169,THA,0,2065,1336032.1,62128.38,21.505146
8170,THA,0,2070,1396437.4,60052.445,23.251913
8171,THA,0,2075,1490885.1,58081.5,25.676975
8172,THA,0,2080,1628204.8,56180.19,28.987513
8173,THA,0,2085,1791127.8,54330.82,32.95486
8174,THA,0,2090,1884577.4,52508.195,35.880966
8175,THA,0,2095,2036550.5,50736.668,40.140347
8176,THA,0,2100,2309978.0,49059.105,47.08661
8177,THA,1,2020,438136.56,71475.664,6.1298704
8178,THA,1,2025,551991.5,71999.25,7.666201
8179,THA,1,2030,634864.9,72161.39,8.796927
8180,THA,1,2035,762307.8,71799.34,10.612739
8181,THA,1,2040,926632.94,71007.04,13.044005
8182,THA,1,2045,1016593.75,69784.41,14.568526
8183,THA,1,2050,1229576.1,68172.4,18.056578
8184,THA,1,2055,1497684.2,66288.09,22.617281
8185,THA,1,2060,1795729.5,64205.35,28.01412
8186,THA,1,2065,2138373.5,62081.65,34.52812
8187,THA,1,2070,2774163.8,59976.797,46.344536
8188,THA,1,2075,4155509.2,57973.42,71.7731
8189,THA,1,2080,3814652.0,56071.1,68.07494
8190,THA,1,2085,4453224.0,54218.133,82.19076
8191,THA,1,2090,5011697.5,52405.086,95.77226
8192,THA,1,2095,5520595.5,50665.273,108.951775
8193,THA,1,2100,6423370.5,48991.434,131.41212
8194,THA,2,2020,438136.6,71475.664,6.1298704
8195,THA,2,2025,474486.88,72047.42,6.5857153
8196,THA,2,2030,517735.12,72186.59,7.1727448
8197,THA,2,2035,534846.0,71854.23,7.4442773
8198,THA,2,2040,565495.75,71080.64,7.9559236
8199,THA,2,2045,566805.75,69856.88,8.115251
8200,THA,2,2050,568350.94,68269.77,8.325714
8201,THA,2,2055,568355.44,66380.04,8.561114
8202,THA,2,2060,585044.0,64297.594,9.0986185
8203,THA,2,2065,609937.06,62167.93,9.804322
8204,THA,2,2070,613530.56,60098.8,10.193544
8205,THA,2,2075,644676.0,58140.58,11.070848
8206,THA,2,2080,669788.94,56269.445,11.892231
8207,THA,2,2085,709271.25,54446.723,13.006118
8208,THA,2,2090,749104.0,52643.85,14.204797
8209,THA,2,2095,768907.9,50894.676,15.070513
8210,THA,2,2100,801964.5,49233.93,16.238794
8211,TJK,0,2020,11579.699,9543.207,1.213397
8212,TJK,0,2025,15948.198,10574.969,1.5080565
8213,TJK,0,2030,23122.426,11581.053,1.9964473
8214,TJK,0,2035,30885.396,12671.526,2.4383535
8215,TJK,0,2040,42250.293,13877.674,3.0469472
8216,TJK,0,2045,56792.656,15107.668,3.764561
8217,TJK,0,2050,72155.54,16293.354,4.433592
8218,TJK,0,2055,94624.37,17437.465,5.432948
8219,TJK,0,2060,124422.81,18603.648,6.685436
8220,TJK,0,2065,162092.95,19756.305,8.196171
8221,TJK,0,2070,203909.1,20870.695,9.75515
8222,TJK,0,2075,251156.86,21921.477,11.429898
8223,TJK,0,2080,271805.62,22907.87,11.870494
8224,TJK,0,2085,336592.0,23871.986,14.105089
8225,TJK,0,2090,412301.16,24824.96,16.602448
8226,TJK,0,2095,530683.25,25701.336,20.58967
8227,TJK,0,2100,641096.4,26493.234,24.102251
8228,TJK,1,2020,11579.699,9543.207,1.213397
8229,TJK,1,2025,16762.75,10558.694,1.5874332
8230,TJK,1,2030,23004.107,11558.164,1.9904321
8231,TJK,1,2035,32801.33,12659.595,2.5923312
8232,TJK,1,2040,45312.57,13875.053,3.2655122
8233,TJK,1,2045,62020.383,15084.021,4.1145406
8234,TJK,1,2050,87549.07,16265.432,5.3972635
8235,TJK,1,2055,138377.14,17345.441,7.9798303
8236,TJK,1,2060,182373.94,18452.223,9.886864
8237,TJK,1,2065,243752.5,19492.863,12.4836855
8238,TJK,1,2070,323324.75,20506.053,15.76077
8239,TJK,1,2075,452751.53,21472.145,21.016644
8240,TJK,1,2080,422895.53,22376.271,18.76476
8241,TJK,1,2085,554682.7,23299.605,23.65677
8242,TJK,1,2090,678880.94,24209.783,27.862156
8243,TJK,1,2095,896643.5,25050.053,35.5012
8244,TJK,1,2100,1154773.6,25816.516,44.4644
8245,TJK,2,2020,11579.699,9543.207,1.213397
8246,TJK,2,2025,15225.541,10578.497,1.4393041
8247,TJK,2,2030,19183.525,11585.214,1.6559821
8248,TJK,2,2035,24883.656,12680.025,1.9623351
8249,TJK,2,2040,31340.814,13894.205,2.2566376
8250,TJK,2,2045,40223.0,15129.721,2.6593387
8251,TJK,2,2050,48262.766,16306.266,2.9585936
8252,TJK,2,2055,62625.547,17449.68,3.5907981
8253,TJK,2,2060,76673.68,18617.879,4.118876
8254,TJK,2,2065,96309.45,19789.605,4.8718715
8255,TJK,2,2070,113949.2,20927.926,5.447032
8256,TJK,2,2075,131944.9,21998.625,5.9984117
8257,TJK,2,2080,146585.12,23013.791,6.3720818
8258,TJK,2,2085,175054.64,24008.855,7.299393
8259,TJK,2,2090,202460.72,24992.934,8.112313
8260,TJK,2,2095,236786.05,25916.354,9.144046
8261,TJK,2,2100,270598.34,26745.498,10.119166
8262,TKM,0,2020,44752.87,6250.438,7.159958
8263,TKM,0,2025,54434.816,6672.8193,8.157449
8264,TKM,0,2030,67734.8,7031.6235,9.633581
8265,TKM,0,2035,79339.26,7361.891,10.777351
8266,TKM,0,2040,95794.195,7687.737,12.463026
8267,TKM,0,2045,113038.67,7999.2065,14.132817
8268,TKM,0,2050,137105.83,8267.594,16.593857
8269,TKM,0,2055,164144.27,8475.164,19.378695
8270,TKM,0,2060,193439.72,8630.959,22.421974
8271,TKM,0,2065,219729.78,8749.712,25.118956
8272,TKM,0,2070,240243.17,8846.665,27.159254
8273,TKM,0,2075,267997.38,8931.07,29.991835
8274,TKM,0,2080,304809.94,9000.893,33.85869
8275,TKM,0,2085,347667.94,9044.181,38.49272
8276,TKM,0,2090,378901.34,9063.452,41.910545
8277,TKM,0,2095,424197.25,9067.702,46.885685
8278,TKM,0,2100,496336.8,9048.261,54.99923
8279,TKM,1,2020,44752.87,6250.438,7.159958
8280,TKM,1,2025,59783.85,6676.7266,8.954459
8281,TKM,1,2030,72363.57,7043.827,10.275198
8282,TKM,1,2035,91566.914,7387.326,12.396144
8283,TKM,1,2040,117705.664,7724.718,15.2359705
8284,TKM,1,2045,136977.64,8043.856,17.016676
8285,TKM,1,2050,175564.17,8321.69,21.090876
8286,TKM,1,2055,225666.16,8541.538,26.417978
8287,TKM,1,2060,285001.62,8710.683,32.72172
8288,TKM,1,2065,356795.12,8843.844,40.330357
8289,TKM,1,2070,483776.12,8949.405,54.132454
8290,TKM,1,2075,755101.7,9032.636,83.83414
8291,TKM,1,2080,720917.5,9106.265,79.51452
8292,TKM,1,2085,873074.75,9151.184,96.00242
8293,TKM,1,2090,1017364.25,9164.031,111.86621
8294,TKM,1,2095,1159037.1,9167.608,127.26045
8295,TKM,1,2100,1396415.0,9153.903,153.49513
8296,TKM,2,2020,44752.87,6250.4385,7.1599584
8297,TKM,2,2025,51312.15,6670.738,7.6924047
8298,TKM,2,2030,58888.445,7028.4585,8.378081
8299,TKM,2,2035,63982.68,7357.1323,8.695243
8300,TKM,2,2040,71394.4,7681.946,9.292868
8301,TKM,2,2045,75708.99,7987.2964,9.478969
8302,TKM,2,2050,80216.27,8249.984,9.724799
8303,TKM,2,2055,84506.35,8451.643,9.999757
8304,TKM,2,2060,91389.2,8604.099,10.627585
8305,TKM,2,2065,99833.12,8721.191,11.451879
8306,TKM,2,2070,104945.78,8818.222,11.9065075
8307,TKM,2,2075,114964.31,8899.502,12.931237
8308,TKM,2,2080,124228.984,8965.642,13.890647
8309,TKM,2,2085,136417.81,9004.268,15.191717
8310,TKM,2,2090,149267.0,9020.505,16.591825
8311,TKM,2,2095,158206.69,9016.341,17.60302
8312,TKM,2,2100,170038.19,8992.178,18.967625
8313,TLS,0,2020,2617.8604,1299.995,2.0137465
8314,TLS,0,2025,3614.1152,1430.9922,2.5257645
8315,TLS,0,2030,4802.662,1562.4355,3.072481
8316,TLS,0,2035,6214.716,1689.4015,3.6765158
8317,TLS,0,2040,8107.654,1808.3533,4.481404
8318,TLS,0,2045,10173.197,1919.9348,5.30329
8319,TLS,0,2050,13542.815,2028.5509,6.69203
8320,TLS,0,2055,16412.264,2132.6475,7.71584
8321,TLS,0,2060,20273.47,2233.3123,9.108605
8322,TLS,0,2065,25463.807,2320.0725,10.998646
8323,TLS,0,2070,30438.846,2391.6328,12.744386
8324,TLS,0,2075,36857.44,2448.587,15.0893345
8325,TLS,0,2080,41774.43,2490.3218,16.79068
8326,TLS,0,2085,50711.44,2525.766,20.080227
8327,TLS,0,2090,56879.51,2551.0623,22.327074
8328,TLS,0,2095,64734.574,2563.5122,25.271782
8329,TLS,0,2100,75330.94,2563.8467,29.415646
8330,TLS,1,2020,2617.8604,1299.995,2.0137465
8331,TLS,1,2025,3774.8547,1432.7856,2.6333613
8332,TLS,1,2030,5238.859,1571.8217,3.3335352
8333,TLS,1,2035,7654.8677,1695.1598,4.5190725
8334,TLS,1,2040,10550.857,1810.4204,5.831255
8335,TLS,1,2045,13399.381,1920.0488,6.9663835
8336,TLS,1,2050,20273.65,2033.2931,9.966667
8337,TLS,1,2055,24655.072,2140.8743,11.523307
8338,TLS,1,2060,34024.71,2243.6067,15.174248
8339,TLS,1,2065,43230.996,2342.0806,18.461134
8340,TLS,1,2070,56245.117,2425.3542,23.236698
8341,TLS,1,2075,71639.57,2491.9302,28.927626
8342,TLS,1,2080,69593.31,2548.9165,27.624
8343,TLS,1,2085,90627.68,2602.8586,35.40644
8344,TLS,1,2090,107004.4,2645.976,41.27443
8345,TLS,1,2095,125744.26,2676.0894,48.05194
8346,TLS,1,2100,153295.8,2699.25,58.469597
8347,TLS,2,2020,2617.8604,1299.995,2.0137465
8348,TLS,2,2025,3330.2407,1431.7611,2.325602
8349,TLS,2,2030,4091.7542,1564.302,2.6155307
8350,TLS,2,2035,4785.128,1690.8667,2.829332
8351,TLS,2,2040,5747.624,1810.3019,3.1744041
8352,TLS,2,2045,7202.5503,1925.7311,3.7359219
8353,TLS,2,2050,8184.7026,2035.0813,4.019042
8354,TLS,2,2055,9042.679,2138.5618,4.227982
8355,TLS,2,2060,10367.439,2239.3877,4.636994
8356,TLS,2,2065,11877.185,2324.742,5.1104584
8357,TLS,2,2070,13615.661,2394.7205,5.6866007
8358,TLS,2,2075,15680.442,2449.6416,6.4040923
8359,TLS,2,2080,18133.828,2488.8198,7.2945976
8360,TLS,2,2085,19778.426,2519.7925,7.8564963
8361,TLS,2,2090,20831.12,2541.0098,8.235629
8362,TLS,2,2095,22724.055,2550.8938,8.968933
8363,TLS,2,2100,24934.023,2549.7288,9.817365
8364,TON,0,2020,494.73346,105.25399,4.7003775
8365,TON,0,2025,586.90985,111.00321,5.2874503
8366,TON,0,2030,722.3193,117.85073,6.130061
8367,TON,0,2035,901.5288,125.75604,7.176104
8368,TON,0,2040,1153.5026,134.53038,8.592716
8369,TON,0,2045,1422.628,143.501,9.9416485
8370,TON,0,2050,1795.4187,152.52649,11.794241
8371,TON,0,2055,2249.161,161.48381,13.94698
8372,TON,0,2060,2763.2388,170.80016,16.179094
8373,TON,0,2065,3391.1746,180.16779,18.847607
8374,TON,0,2070,3991.6846,190.19353,21.027807
8375,TON,0,2075,4765.128,200.31859,23.906364
8376,TON,0,2080,5528.0527,209.7184,26.500118
8377,TON,0,2085,6518.148,218.69499,29.92713
8378,TON,0,2090,7647.192,227.2431,33.843422
8379,TON,0,2095,9253.519,234.92961,39.44655
8380,TON,0,2100,10951.1875,241.99698,45.460773
8381,TON,1,2020,494.73346,105.254,4.700377
8382,TON,1,2025,641.7437,111.403046,5.757604
8383,TON,1,2030,825.4365,118.427895,6.9506392
8384,TON,1,2035,1101.0532,126.20831,8.6900425
8385,TON,1,2040,1481.3119,135.43202,10.896055
8386,TON,1,2045,1731.5703,144.82109,11.895891
8387,TON,1,2050,2141.858,154.15898,13.882573
8388,TON,1,2055,2932.8513,163.56827,17.917461
8389,TON,1,2060,3947.7732,173.61328,22.851091
8390,TON,1,2065,5447.2173,183.54892,30.01058
8391,TON,1,2070,7878.8403,193.90373,40.9968
8392,TON,1,2075,12137.824,204.58598,60.30672
8393,TON,1,2080,11868.622,216.09613,56.32096
8394,TON,1,2085,15534.92,227.63112,70.7004
8395,TON,1,2090,20052.82,237.8596,87.576965
8396,TON,1,2095,24099.234,247.51904,101.59885
8397,TON,1,2100,27848.15,255.67421,113.99192
8398,TON,2,2020,494.73346,105.25399,4.700377
8399,TON,2,2025,578.37317,111.181595,5.203053
8400,TON,2,2030,660.7068,117.964676,5.601862
8401,TON,2,2035,730.87067,125.60541,5.816689
8402,TON,2,2040,845.99945,134.20656,6.2921867
8403,TON,2,2045,966.2268,143.04088,6.7378597
8404,TON,2,2050,1085.0099,151.98529,7.1190767
8405,TON,2,2055,1213.4172,161.0114,7.519505
8406,TON,2,2060,1386.087,170.18849,8.13139
8407,TON,2,2065,1598.2793,179.57953,8.871926
8408,TON,2,2070,1763.4868,189.35759,9.275382
8409,TON,2,2075,1977.5751,199.3494,9.873508
8410,TON,2,2080,2198.845,208.60738,10.476807
8411,TON,2,2085,2511.7642,217.53032,11.480054
8412,TON,2,2090,2890.5469,225.83871,12.693916
8413,TON,2,2095,3212.1782,233.29239,13.680973
8414,TON,2,2100,3579.723,239.9364,14.811588
8415,TTO,0,2020,21871.283,1518.147,14.406566
8416,TTO,0,2025,24393.406,1526.7153,15.977113
8417,TTO,0,2030,27577.318,1516.4708,18.181662
8418,TTO,0,2035,30386.693,1495.5474,20.318237
8419,TTO,0,2040,33915.992,1469.2328,23.088938
8420,TTO,0,2045,37710.31,1437.3856,26.234154
8421,TTO,0,2050,42603.402,1400.6272,30.417917
8422,TTO,0,2055,46991.527,1360.982,34.53156
8423,TTO,0,2060,51928.363,1318.3933,39.3645
8424,TTO,0,2065,56823.914,1273.5083,44.62115
8425,TTO,0,2070,63104.797,1227.6864,51.468815
8426,TTO,0,2075,69345.66,1181.7717,58.843037
8427,TTO,0,2080,74596.305,1138.8988,65.61152
8428,TTO,0,2085,82739.68,1099.4283,75.388725
8429,TTO,0,2090,88892.05,1062.7272,83.56477
8430,TTO,0,2095,98572.13,1028.191,95.895935
8431,TTO,0,2100,105516.41,995.67926,105.98392
8432,TTO,1,2020,21871.283,1518.147,14.406566
8433,TTO,1,2025,25827.266,1528.7692,16.894346
8434,TTO,1,2030,30725.676,1519.0618,20.215315
8435,TTO,1,2035,36545.613,1499.733,24.339767
8436,TTO,1,2040,44352.316,1477.1581,30.007227
8437,TTO,1,2045,52789.797,1450.0337,36.432617
8438,TTO,1,2050,65331.02,1415.3278,46.175777
8439,TTO,1,2055,77177.984,1376.9298,56.117546
8440,TTO,1,2060,90721.87,1335.3173,68.10537
8441,TTO,1,2065,106452.54,1292.6849,82.79426
8442,TTO,1,2070,129468.7,1247.627,104.51747
8443,TTO,1,2075,159407.89,1206.1366,133.67334
8444,TTO,1,2080,171205.5,1167.1235,148.71304
8445,TTO,1,2085,193547.53,1133.5032,173.51183
8446,TTO,1,2090,226872.7,1102.4077,211.09184
8447,TTO,1,2095,256386.47,1071.759,245.99428
8448,TTO,1,2100,280871.78,1040.9655,277.6654
8449,TTO,2,2020,21871.283,1518.147,14.406567
8450,TTO,2,2025,23701.096,1526.8069,15.522834
8451,TTO,2,2030,25240.645,1515.9994,16.647465
8452,TTO,2,2035,25721.191,1495.2957,17.201216
8453,TTO,2,2040,26648.096,1468.4734,18.144354
8454,TTO,2,2045,28317.219,1437.0604,19.699598
8455,TTO,2,2050,29094.234,1399.935,20.78949
8456,TTO,2,2055,29780.318,1360.2523,21.912458
8457,TTO,2,2060,31274.078,1318.1309,23.760784
8458,TTO,2,2065,32778.71,1273.2565,25.758646
8459,TTO,2,2070,33602.97,1227.0165,27.406605
8460,TTO,2,2075,35215.625,1180.9716,29.813425
8461,TTO,2,2080,35028.73,1137.7817,30.772852
8462,TTO,2,2085,36821.207,1097.6655,33.509033
8463,TTO,2,2090,38008.79,1060.0,35.747158
8464,TTO,2,2095,38993.285,1024.7642,37.99086
8465,TTO,2,2100,39757.215,991.3597,39.96589
8466,TUN,0,2020,45597.92,12161.723,3.749298
8467,TUN,0,2025,53406.57,12660.765,4.2182817
8468,TUN,0,2030,62718.06,13031.185,4.8120017
8469,TUN,0,2035,74084.23,13309.131,5.5657105
8470,TUN,0,2040,86912.086,13523.948,6.4274583
8471,TUN,0,2045,102479.05,13710.177,7.478751
8472,TUN,0,2050,119926.42,13842.942,8.672923
8473,TUN,0,2055,144157.83,13921.768,10.37359
8474,TUN,0,2060,167719.56,13916.02,12.078785
8475,TUN,0,2065,191615.5,13843.336,13.867885
8476,TUN,0,2070,209159.1,13723.382,15.282989
8477,TUN,0,2075,242926.77,13583.957,17.936026
8478,TUN,0,2080,275710.22,13443.089,20.577103
8479,TUN,0,2085,304887.94,13316.415,23.014677
8480,TUN,0,2090,331626.12,13188.497,25.304462
8481,TUN,0,2095,363558.66,13030.3125,28.098103
8482,TUN,0,2100,404929.7,12845.152,31.754402
8483,TUN,1,2020,45597.92,12161.723,3.7492979
8484,TUN,1,2025,56698.25,12655.513,4.4803543
8485,TUN,1,2030,71616.93,13058.217,5.48927
8486,TUN,1,2035,92164.94,13382.255,6.8943543
8487,TUN,1,2040,114964.836,13639.26,8.446667
8488,TUN,1,2045,141305.02,13880.302,10.2263565
8489,TUN,1,2050,181074.67,14061.871,12.958791
8490,TUN,1,2055,218416.6,14181.143,15.523469
8491,TUN,1,2060,255305.75,14232.042,18.119003
8492,TUN,1,2065,313519.3,14271.237,22.269302
8493,TUN,1,2070,386267.3,14216.206,27.719055
8494,TUN,1,2075,480152.5,14116.605,34.731316
8495,TUN,1,2080,572246.6,13981.905,41.826096
8496,TUN,1,2085,683354.3,13859.26,50.294662
8497,TUN,1,2090,852649.75,13720.083,63.5109
8498,TUN,1,2095,1024589.9,13570.937,77.17476
8499,TUN,1,2100,1173642.6,13411.412,89.40308
8500,TUN,2,2020,45597.92,12161.723,3.749298
8501,TUN,2,2025,51379.61,12662.582,4.0577583
8502,TUN,2,2030,57574.168,13023.165,4.421524
8503,TUN,2,2035,63547.53,13294.835,4.780184
8504,TUN,2,2040,70311.984,13499.037,5.2099986
8505,TUN,2,2045,77664.51,13679.691,5.679011
8506,TUN,2,2050,84908.18,13810.137,6.150225
8507,TUN,2,2055,92502.46,13889.373,6.6607695
8508,TUN,2,2060,98057.24,13876.431,7.065062
8509,TUN,2,2065,105762.14,13799.322,7.6613307
8510,TUN,2,2070,111046.93,13671.308,8.112766
8511,TUN,2,2075,116495.45,13534.587,8.5920315
8512,TUN,2,2080,125437.625,13397.533,9.337632
8513,TUN,2,2085,136345.77,13273.82,10.240057
8514,TUN,2,2090,145328.28,13149.479,11.025306
8515,TUN,2,2095,155035.55,12995.012,11.902135
8516,TUN,2,2100,161175.33,12812.353,12.557324
8517,TUR,0,2020,1029328.0,83384.68,12.34433
8518,TUR,0,2025,1200914.6,88509.26,13.566974
8519,TUR,0,2030,1452028.2,93221.55,15.572256
8520,TUR,0,2035,1716725.0,97549.6,17.59251
8521,TUR,0,2040,2072096.2,101407.72,20.426056
8522,TUR,0,2045,2473081.0,104684.83,23.6136
8523,TUR,0,2050,2819510.0,107383.49,26.244904
8524,TUR,0,2055,3361489.0,109508.9,30.67583
8525,TUR,0,2060,3807826.8,111029.61,34.25844
8526,TUR,0,2065,4478142.0,112030.12,39.95081
8527,TUR,0,2070,4996492.5,112518.63,44.351055
8528,TUR,0,2075,5612323.5,112586.586,49.798912
8529,TUR,0,2080,6415620.5,112304.99,57.102966
8530,TUR,0,2085,7061593.0,111712.69,63.155254
8531,TUR,0,2090,7577379.5,110847.83,68.22289
8532,TUR,0,2095,8469329.0,109718.48,76.93271
8533,TUR,0,2100,9278222.0,108409.85,85.19542
8534,TUR,1,2020,1029328.0,83384.68,12.34433
8535,TUR,1,2025,1252628.1,88432.01,14.164437
8536,TUR,1,2030,1507663.6,93093.695,16.19511
8537,TUR,1,2035,2099683.8,97385.55,21.57389
8538,TUR,1,2040,2713506.8,101111.67,26.894564
8539,TUR,1,2045,3282569.0,104402.93,31.521858
8540,TUR,1,2050,4079115.8,107059.7,38.204918
8541,TUR,1,2055,4762673.5,109145.18,43.78487
8542,TUR,1,2060,5666150.0,110643.44,51.40137
8543,TUR,1,2065,6992956.5,111654.62,63.025436
8544,TUR,1,2070,8847852.0,112142.99,79.4679
8545,TUR,1,2075,11412045.0,112360.15,102.8249
8546,TUR,1,2080,13867070.0,112393.82,124.93374
8547,TUR,1,2085,17642738.0,112138.61,160.27922
8548,TUR,1,2090,20545720.0,111703.71,188.4409
8549,TUR,1,2095,23175436.0,110875.98,214.77916
8550,TUR,1,2100,27275654.0,109822.62,256.63577
8551,TUR,2,2020,1029328.0,83384.68,12.344331
8552,TUR,2,2025,1166775.5,88470.72,13.188108
8553,TUR,2,2030,1305632.9,93139.82,14.016415
8554,TUR,2,2035,1457948.4,97435.07,14.960823
8555,TUR,2,2040,1597108.1,101269.33,15.768183
8556,TUR,2,2045,1744311.9,104537.53,16.675196
8557,TUR,2,2050,1898115.8,107223.18,17.686764
8558,TUR,2,2055,2046376.9,109317.13,18.712353
8559,TUR,2,2060,2213319.2,110818.695,19.97141
8560,TUR,2,2065,2381925.8,111804.555,21.29368
8561,TUR,2,2070,2572683.2,112282.445,22.903606
8562,TUR,2,2075,2770325.2,112326.99,24.656466
8563,TUR,2,2080,2896739.2,112039.3,25.824877
8564,TUR,2,2085,3072173.2,111422.98,27.502275
8565,TUR,2,2090,3325842.0,110529.05,30.005024
8566,TUR,2,2095,3577733.5,109377.85,32.5946
8567,TUR,2,2100,3740235.2,108035.96,34.46052
8568,TWN,0,2020,627754.3,23.561,26643.787
8569,TWN,0,2025,706452.56,23.66754,29850.143
8570,TWN,0,2030,824653.44,23.651773,34867.83
8571,TWN,0,2035,912208.56,23.484632,38847.016
8572,TWN,0,2040,1019194.1,23.109056,44110.508
8573,TWN,0,2045,1107578.1,22.566484,49085.12
8574,TWN,0,2050,1211789.0,21.922132,55307.043
8575,TWN,0,2055,1359156.1,21.208864,64123.87
8576,TWN,0,2060,1501577.4,20.465286,73418.11
8577,TWN,0,2065,1553744.5,19.697363,78982.55
8578,TWN,0,2070,1600797.6,18.917477,84707.57
8579,TWN,0,2075,1681765.1,18.12364,92817.75
8580,TWN,0,2080,1792266.2,17.375854,103277.05
8581,TWN,0,2085,1931763.1,16.683933,115918.766
8582,TWN,0,2090,2098292.0,16.072327,130597.266
8583,TWN,0,2095,2190368.8,15.549093,140934.58
8584,TWN,0,2100,2515517.2,15.091248,166814.67
8585,TWN,1,2020,627754.3,23.561,26643.787
8586,TWN,1,2025,766483.94,23.619009,32443.162
8587,TWN,1,2030,864241.3,23.562807,36654.87
8588,TWN,1,2035,1063933.6,23.37657,45450.902
8589,TWN,1,2040,1252130.5,22.985228,54350.65
8590,TWN,1,2045,1366959.2,22.407866,60738.145
8591,TWN,1,2050,1681755.2,21.754824,76908.0
8592,TWN,1,2055,1994303.0,21.00876,94279.34
8593,TWN,1,2060,2490588.8,20.252134,121742.7
8594,TWN,1,2065,2781235.0,19.473976,141069.72
8595,TWN,1,2070,3793831.0,18.680786,199670.42
8596,TWN,1,2075,4968440.5,17.877268,273015.5
8597,TWN,1,2080,4585819.5,17.121353,264126.97
8598,TWN,1,2085,5211071.5,16.435455,312740.1
8599,TWN,1,2090,5852250.5,15.853942,362581.5
8600,TWN,1,2095,6456888.0,15.345036,412982.5
8601,TWN,1,2100,7131422.5,14.90636,469358.22
8602,TWN,2,2020,627754.3,23.561,26643.785
8603,TWN,2,2025,658168.5,23.66705,27810.38
8604,TWN,2,2030,686479.5,23.65399,29022.934
8605,TWN,2,2035,674378.56,23.489243,28705.914
8606,TWN,2,2040,691244.6,23.120533,29891.002
8607,TWN,2,2045,696065.06,22.570314,30835.332
8608,TWN,2,2050,682965.9,21.917896,31165.271
8609,TWN,2,2055,665718.0,21.199934,31402.793
8610,TWN,2,2060,670433.75,20.451023,32788.62
8611,TWN,2,2065,680666.25,19.681168,34596.156
8612,TWN,2,2070,687140.6,18.8971,36378.832
8613,TWN,2,2075,698006.94,18.105406,38534.453
8614,TWN,2,2080,733776.44,17.356506,42227.617
8615,TWN,2,2085,757070.7,16.665161,45353.082
8616,TWN,2,2090,790919.94,16.053793,49183.906
8617,TWN,2,2095,797656.0,15.533578,51264.008
8618,TWN,2,2100,825649.25,15.080167,54726.305
8619,TZA,0,2020,62398.31,61704.52,1.0112437
8620,TZA,0,2025,85472.38,71326.43,1.1982405
8621,TZA,0,2030,118727.49,81990.02,1.447946
8622,TZA,0,2035,157355.69,93671.86,1.6796685
8623,TZA,0,2040,215098.08,106379.03,2.0216033
8624,TZA,0,2045,294594.84,120018.06,2.454117
8625,TZA,0,2050,394891.9,134481.58,2.936534
8626,TZA,0,2055,533146.06,149765.73,3.5594878
8627,TZA,0,2060,691068.3,165756.5,4.165932
8628,TZA,0,2065,845374.2,182464.34,4.6284623
8629,TZA,0,2070,1069146.4,199767.36,5.3455977
8630,TZA,0,2075,1349891.0,217626.31,6.18769
8631,TZA,0,2080,1606703.6,236003.06,6.7938685
8632,TZA,0,2085,2077753.9,254563.98,8.13736
8633,TZA,0,2090,2571007.5,273391.2,9.370593
8634,TZA,0,2095,3268090.5,292322.4,11.154103
8635,TZA,0,2100,4040258.5,311232.06,12.967569
8636,TZA,1,2020,62398.31,61704.52,1.0112437
8637,TZA,1,2025,88945.7,71258.336,1.2480824
8638,TZA,1,2030,124626.31,81836.39,1.5225549
8639,TZA,1,2035,183263.28,93608.016,1.9578068
8640,TZA,1,2040,278475.53,106361.11,2.6177158
8641,TZA,1,2045,376412.06,120215.74,3.1353998
8642,TZA,1,2050,563323.9,135247.11,4.1825194
8643,TZA,1,2055,758910.8,151397.75,5.046026
8644,TZA,1,2060,1054872.5,168531.84,6.326106
8645,TZA,1,2065,1389769.2,186246.86,7.5536513
8646,TZA,1,2070,1933810.9,204120.4,9.595238
8647,TZA,1,2075,2681361.0,222816.55,12.176298
8648,TZA,1,2080,2808638.0,242406.62,11.77724
8649,TZA,1,2085,3854353.8,262906.66,14.966443
8650,TZA,1,2090,4965820.0,283662.94,17.977486
8651,TZA,1,2095,6504803.5,304499.28,22.0367
8652,TZA,1,2100,8441169.0,325392.56,26.696047
8653,TZA,2,2020,62398.305,61704.516,1.0112437
8654,TZA,2,2025,82143.8,71343.664,1.1513655
8655,TZA,2,2030,103245.555,82020.26,1.2585803
8656,TZA,2,2035,128344.56,93755.21,1.3688143
8657,TZA,2,2040,161948.16,106536.78,1.5195572
8658,TZA,2,2045,205129.77,120268.805,1.7051549
8659,TZA,2,2050,254907.25,134823.12,1.8909606
8660,TZA,2,2055,310249.16,150236.98,2.0653746
8661,TZA,2,2060,384358.12,166402.47,2.3091693
8662,TZA,2,2065,468579.66,183305.83,2.5559306
8663,TZA,2,2070,559851.25,200854.34,2.7866938
8664,TZA,2,2075,673415.75,218926.86,3.0764914
8665,TZA,2,2080,799509.7,237526.52,3.365914
8666,TZA,2,2085,939874.8,256426.08,3.6586788
8667,TZA,2,2090,1125116.9,275512.7,4.0744095
8668,TZA,2,2095,1322175.2,294712.47,4.480718
8669,TZA,2,2100,1556872.6,313965.3,4.9467983
8670,UGA,0,2020,41319.96,44404.61,0.9305331
8671,UGA,0,2025,57738.844,51687.406,1.1170716
8672,UGA,0,2030,83152.87,59173.824,1.4052174
8673,UGA,0,2035,111394.86,66832.08,1.6669894
8674,UGA,0,2040,150145.28,74547.89,2.0145447
8675,UGA,0,2045,201755.92,82199.15,2.4538465
8676,UGA,0,2050,277873.66,89637.64,3.099162
8677,UGA,0,2055,359214.7,96911.04,3.7049387
8678,UGA,0,2060,438682.75,103877.81,4.2246737
8679,UGA,0,2065,524925.3,110524.664,4.748599
8680,UGA,0,2070,657708.94,116792.16,5.626493
8681,UGA,0,2075,819409.6,122587.766,6.6802673
8682,UGA,0,2080,965234.7,127842.14,7.5469675
8683,UGA,0,2085,1212671.9,132375.61,9.1549635
8684,UGA,0,2090,1452632.1,136319.1,10.655757
8685,UGA,0,2095,1786257.0,139689.2,12.807466
8686,UGA,0,2100,2178433.2,142470.08,15.321006
8687,UGA,1,2020,41319.96,44404.61,0.9305331
8688,UGA,1,2025,60782.45,51705.438,1.1753647
8689,UGA,1,2030,90689.805,59438.31,1.5248779
8690,UGA,1,2035,141499.22,67369.805,2.1007097
8691,UGA,1,2040,182823.3,75342.76,2.4282467
8692,UGA,1,2045,242795.88,83440.91,2.9102974
8693,UGA,1,2050,350019.34,91683.4,3.818721
8694,UGA,1,2055,460168.7,99874.1,4.610444
8695,UGA,1,2060,638489.25,107622.2,5.9395127
8696,UGA,1,2065,844756.06,114961.46,7.349874
8697,UGA,1,2070,1195437.8,121625.22,9.797896
8698,UGA,1,2075,1721723.5,127911.1,13.437776
8699,UGA,1,2080,1890500.1,133887.64,14.163193
8700,UGA,1,2085,2482897.0,139141.34,17.86491
8701,UGA,1,2090,3084139.8,144128.08,21.496403
8702,UGA,1,2095,3805914.2,148431.66,25.769518
8703,UGA,1,2100,5028524.5,152043.6,33.226562
8704,UGA,2,2020,41319.96,44404.61,0.9305331
8705,UGA,2,2025,55334.918,51690.484,1.0704848
8706,UGA,2,2030,71018.54,59188.355,1.1998143
8707,UGA,2,2035,88507.164,66854.28,1.3238995
8708,UGA,2,2040,109062.38,74600.21,1.46216
8709,UGA,2,2045,134595.44,82294.69,1.6357133
8710,UGA,2,2050,166580.75,89832.57,1.8533912
8711,UGA,2,2055,207322.08,97174.77,2.1335285
8712,UGA,2,2060,256494.86,104180.17,2.4643304
8713,UGA,2,2065,305721.22,110894.8,2.7602255
8714,UGA,2,2070,347061.6,117221.445,2.9678082
8715,UGA,2,2075,416050.72,123079.45,3.3912432
8716,UGA,2,2080,477714.12,128421.2,3.734667
8717,UGA,2,2085,552536.1,133030.11,4.173966
8718,UGA,2,2090,658789.7,136973.05,4.8423023
8719,UGA,2,2095,787691.2,140366.69,5.6526146
8720,UGA,2,2100,911234.0,143197.92,6.4282756
8721,UKR,0,2020,99444.914,44132.05,2.253349
8722,UKR,0,2025,114650.49,42768.707,2.680666
8723,UKR,0,2030,132288.08,41345.066,3.2000592
8724,UKR,0,2035,155585.44,39889.773,3.900838
8725,UKR,0,2040,174634.6,38461.684,4.540606
8726,UKR,0,2045,201699.72,37105.277,5.434737
8727,UKR,0,2050,235293.23,35769.79,6.5817475
8728,UKR,0,2055,260874.92,34407.777,7.591872
8729,UKR,0,2060,280067.78,33022.516,8.496549
8730,UKR,0,2065,315902.88,31652.715,9.996487
8731,UKR,0,2070,342673.7,30377.707,11.296647
8732,UKR,0,2075,389120.5,29302.475,13.290837
8733,UKR,0,2080,382963.0,28408.344,13.487975
8734,UKR,0,2085,413430.1,27653.555,14.963076
8735,UKR,0,2090,467609.28,26980.953,17.335981
8736,UKR,0,2095,515899.6,26315.428,19.619164
8737,UKR,0,2100,548730.1,25667.69,21.36609
8738,UKR,1,2020,99444.914,44132.05,2.253349
8739,UKR,1,2025,122140.06,42768.574,2.856597
8740,UKR,1,2030,137354.42,41379.652,3.3224251
8741,UKR,1,2035,164771.72,39918.836,4.1343455
8742,UKR,1,2040,190578.48,38495.438,4.9637017
8743,UKR,1,2045,231914.55,37177.754,6.2582135
8744,UKR,1,2050,303060.0,35859.93,8.476878
8745,UKR,1,2055,322021.62,34478.035,9.370456
8746,UKR,1,2060,388076.84,33121.94,11.779786
8747,UKR,1,2065,539720.75,31774.938,17.120247
8748,UKR,1,2070,652109.9,30540.738,21.535162
8749,UKR,1,2075,787805.1,29494.621,27.012495
8750,UKR,1,2080,676777.2,28655.479,23.88343
8751,UKR,1,2085,827152.44,27939.414,30.053543
8752,UKR,1,2090,1065775.8,27287.535,39.674362
8753,UKR,1,2095,1318734.6,26659.068,50.381298
8754,UKR,1,2100,1558004.1,26068.025,61.055977
8755,UKR,2,2020,99444.914,44132.05,2.253349
8756,UKR,2,2025,105974.91,42778.242,2.4772892
8757,UKR,2,2030,113634.875,41356.28,2.7478373
8758,UKR,2,2035,113645.9,39903.633,2.8476992
8759,UKR,2,2040,115767.81,38476.02,3.0085847
8760,UKR,2,2045,121705.25,37109.34,3.280156
8761,UKR,2,2050,120883.65,35771.617,3.3797944
8762,UKR,2,2055,124467.39,34403.098,3.6216333
8763,UKR,2,2060,124467.625,33013.77,3.7741318
8764,UKR,2,2065,133632.27,31645.11,4.2253785
8765,UKR,2,2070,136587.94,30377.55,4.4993896
8766,UKR,2,2075,140768.62,29299.037,4.810123
8767,UKR,2,2080,143124.12,28398.848,5.0436106
8768,UKR,2,2085,154116.6,27640.297,5.5801964
8769,UKR,2,2090,164491.6,26967.75,6.110478
8770,UKR,2,2095,178097.38,26304.209,6.769968
8771,UKR,2,2100,192611.8,25651.498,7.510305
8772,URY,0,2020,57205.78,3429.086,16.682516
8773,URY,0,2025,67606.484,3461.8545,19.528948
8774,URY,0,2030,80057.53,3479.5703,23.009789
8775,URY,0,2035,91440.75,3484.769,26.239988
8776,URY,0,2040,102964.086,3477.7317,29.609735
8777,URY,0,2045,120606.74,3462.8945,34.81871
8778,URY,0,2050,135851.12,3440.886,39.455467
8779,URY,0,2055,160303.28,3408.0305,46.998028
8780,URY,0,2060,188654.55,3368.8196,55.95293
8781,URY,0,2065,214262.38,3321.4023,64.39591
8782,URY,0,2070,232221.27,3265.2488,70.90871
8783,URY,0,2075,268460.56,3203.426,83.41374
8784,URY,0,2080,281075.38,3137.8328,89.179535
8785,URY,0,2085,304388.06,3068.6846,98.78674
8786,URY,0,2090,330784.66,2998.632,109.74944
8787,URY,0,2095,373539.56,2925.378,127.17864
8788,URY,0,2100,411579.16,2853.4436,143.45277
8789,URY,1,2020,57205.78,3429.086,16.682516
8790,URY,1,2025,68436.08,3464.229,19.756752
8791,URY,1,2030,86208.05,3487.4226,24.729635
8792,URY,1,2035,105348.234,3504.0725,30.114243
8793,URY,1,2040,129290.16,3511.8613,36.90741
8794,URY,1,2045,151439.53,3514.405,43.295506
8795,URY,1,2050,200715.42,3506.6865,57.626297
8796,URY,1,2055,240688.03,3489.2458,69.60175
8797,URY,1,2060,296390.22,3465.567,86.40983
8798,URY,1,2065,368689.03,3431.7024,108.652534
8799,URY,1,2070,415373.34,3387.7295,124.30928
8800,URY,1,2075,507649.66,3342.3704,154.38545
8801,URY,1,2080,534039.25,3295.2686,165.02165
8802,URY,1,2085,631294.1,3240.1821,199.76926
8803,URY,1,2090,760424.44,3183.9695,245.649
8804,URY,1,2095,856356.3,3129.2537,282.04016
8805,URY,1,2100,1029727.06,3077.2246,345.55084
8806,URY,2,2020,57205.78,3429.0857,16.682516
8807,URY,2,2025,62570.156,3461.7705,18.074265
8808,URY,2,2030,66350.32,3479.5215,19.066635
8809,URY,2,2035,70552.67,3485.8733,20.232676
8810,URY,2,2040,75465.05,3479.087,21.680958
8811,URY,2,2045,80707.305,3462.9487,23.301876
8812,URY,2,2050,85470.7,3439.8042,24.843739
8813,URY,2,2055,89873.1,3405.1975,26.39949
8814,URY,2,2060,96678.6,3362.334,28.764494
8815,URY,2,2065,101181.73,3311.737,30.5664
8816,URY,2,2070,105726.16,3252.3062,32.535126
8817,URY,2,2075,112056.18,3187.8403,35.159695
8818,URY,2,2080,117348.6,3120.537,37.588634
8819,URY,2,2085,123264.36,3050.9014,40.364086
8820,URY,2,2090,130625.664,2979.7131,43.79582
8821,URY,2,2095,140442.78,2905.3494,48.28056
8822,URY,2,2100,143553.14,2832.9724,50.618336
8823,USA,0,2020,19639362.0,331511.5,59.24187
8824,USA,0,2025,22348006.0,341056.06,65.52751
8825,USA,0,2030,26122074.0,349695.34,74.70565
8826,USA,0,2035,29946572.0,357297.38,83.828926
8827,USA,0,2040,34658812.0,363383.03,95.39643
8828,USA,0,2045,38577364.0,368054.97,104.82882
8829,USA,0,2050,44133650.0,371766.12,118.72348
8830,USA,0,2055,49877370.0,374913.97,133.0632
8831,USA,0,2060,57123830.0,378035.72,151.11086
8832,USA,0,2065,65062090.0,381144.9,170.73788
8833,USA,0,2070,72181080.0,384085.16,188.02974
8834,USA,0,2075,82840410.0,386299.8,214.6449
8835,USA,0,2080,92979656.0,387760.22,239.9826
8836,USA,0,2085,103457800.0,388762.28,266.33563
8837,USA,0,2090,114203000.0,389049.22,294.01913
8838,USA,0,2095,127902024.0,389193.9,329.34415
8839,USA,0,2100,141487140.0,389386.1,364.1057
8840,USA,1,2020,19639362.0,331511.5,59.241867
8841,USA,1,2025,24021462.0,340786.44,70.48433
8842,USA,1,2030,28937726.0,349267.56,82.83841
8843,USA,1,2035,35697676.0,356548.75,100.102066
8844,USA,1,2040,43323150.0,362479.7,119.524284
8845,USA,1,2045,50987450.0,366963.47,138.97444
8846,USA,1,2050,62110028.0,370564.3,167.70963
8847,USA,1,2055,73257250.0,373563.7,196.22571
8848,USA,1,2060,86579224.0,376718.9,230.06834
8849,USA,1,2065,107555790.0,379593.25,283.8943
8850,USA,1,2070,134272430.0,382162.72,352.34326
8851,USA,1,2075,170405800.0,384197.38,445.65063
8852,USA,1,2080,199621620.0,385879.3,520.6718
8853,USA,1,2085,233445010.0,387301.66,608.4139
8854,USA,1,2090,284820320.0,388173.84,742.4419
8855,USA,1,2095,321276540.0,389018.3,839.2281
8856,USA,1,2100,389289180.0,389706.1,1017.49603
8857,USA,2,2020,19639362.0,331511.5,59.241867
8858,USA,2,2025,21893874.0,341070.3,64.19085
8859,USA,2,2030,23775566.0,349793.94,67.971245
8860,USA,2,2035,25380154.0,357391.12,71.01807
8861,USA,2,2040,27618284.0,363457.84,75.99355
8862,USA,2,2045,29334906.0,368059.25,79.71622
8863,USA,2,2050,31377430.0,371761.72,84.401665
8864,USA,2,2055,33495448.0,374864.53,89.34983
8865,USA,2,2060,36137944.0,377950.88,95.65382
8866,USA,2,2065,39146676.0,381010.03,102.75526
8867,USA,2,2070,41425988.0,383872.53,107.94613
8868,USA,2,2075,43972416.0,386086.97,113.879456
8869,USA,2,2080,46675164.0,387600.16,120.38444
8870,USA,2,2085,48786276.0,388593.75,125.46415
8871,USA,2,2090,51572784.0,388922.16,132.50838
8872,USA,2,2095,55207988.0,389125.12,141.78792
8873,USA,2,2100,58026920.0,389441.97,148.90659
8874,UZB,0,2020,110574.24,34232.05,3.2301378
8875,UZB,0,2025,147490.69,36407.453,4.0514374
8876,UZB,0,2030,188204.42,38191.902,4.928395
8877,UZB,0,2035,234456.12,39763.22,5.897293
8878,UZB,0,2040,296000.94,41183.06,7.188368
8879,UZB,0,2045,360697.12,42412.387,8.506711
8880,UZB,0,2050,464976.44,43359.848,10.73431
8881,UZB,0,2055,543332.6,43994.164,12.376546
8882,UZB,0,2060,646357.3,44373.58,14.610602
8883,UZB,0,2065,782901.5,44551.004,17.64231
8884,UZB,0,2070,907730.94,44558.37,20.442554
8885,UZB,0,2075,1071594.5,44407.84,24.203957
8886,UZB,0,2080,1186070.1,44174.89,26.932987
8887,UZB,0,2085,1407359.2,43900.777,32.209564
8888,UZB,0,2090,1553594.8,43588.086,35.81361
8889,UZB,0,2095,1735179.6,43176.934,40.53705
8890,UZB,0,2100,1995494.0,42688.633,47.183987
8891,UZB,1,2020,110574.24,34232.05,3.2301378
8892,UZB,1,2025,153451.6,36324.625,4.2240276
8893,UZB,1,2030,203939.4,38142.46,5.347137
8894,UZB,1,2035,288243.5,39790.42,7.248791
8895,UZB,1,2040,385808.56,41302.89,9.353589
8896,UZB,1,2045,475976.56,42648.84,11.174386
8897,UZB,1,2050,695772.7,43731.17,15.986974
8898,UZB,1,2055,817333.9,44469.383,18.483889
8899,UZB,1,2060,1086037.9,44981.965,24.34016
8900,UZB,1,2065,1331369.9,45271.695,29.612469
8901,UZB,1,2070,1676700.6,45364.492,37.272686
8902,UZB,1,2075,2074833.4,45285.047,46.40118
8903,UZB,1,2080,1977118.0,45254.668,44.310112
8904,UZB,1,2085,2519167.5,45206.688,56.793488
8905,UZB,1,2090,2915586.0,45014.29,66.206
8906,UZB,1,2095,3382733.8,44749.906,77.07742
8907,UZB,1,2100,4080896.0,44368.58,93.787796
8908,UZB,2,2020,110574.24,34232.05,3.2301378
8909,UZB,2,2025,135836.5,36415.055,3.730368
8910,UZB,2,2030,160270.94,38203.41,4.1954265
8911,UZB,2,2035,180531.83,39778.777,4.5383735
8912,UZB,2,2040,209746.5,41190.953,5.091884
8913,UZB,2,2045,254129.52,42409.176,5.992583
8914,UZB,2,2050,279388.06,43332.434,6.4467206
8915,UZB,2,2055,298053.6,43952.082,6.781869
8916,UZB,2,2060,330010.94,44317.082,7.437942
8917,UZB,2,2065,364859.12,44485.535,8.1974
8918,UZB,2,2070,405709.4,44486.72,9.121557
8919,UZB,2,2075,455017.88,44332.99,10.272446
8920,UZB,2,2080,515759.97,44091.652,11.700855
8921,UZB,2,2085,551524.2,43813.047,12.602164
8922,UZB,2,2090,572901.56,43469.227,13.210312
8923,UZB,2,2095,617462.0,43035.523,14.386562
8924,UZB,2,2100,668870.4,42521.97,15.747484
8925,VCT,0,2020,842.9091,104.632,8.05594
8926,VCT,0,2025,978.5777,105.92622,9.237457
8927,VCT,0,2030,1152.0776,106.80714,10.784684
8928,VCT,0,2035,1304.9253,107.179596,12.171322
8929,VCT,0,2040,1483.2943,107.03865,13.853784
8930,VCT,0,2045,1685.5365,106.5513,15.814343
8931,VCT,0,2050,1916.398,105.6701,18.137247
8932,VCT,0,2055,2186.4592,104.588066,20.919998
8933,VCT,0,2060,2503.522,103.33968,24.2383
8934,VCT,0,2065,2775.167,102.08222,27.204002
8935,VCT,0,2070,3066.8196,100.72281,30.475943
8936,VCT,0,2075,3528.264,99.2378,35.66052
8937,VCT,0,2080,3824.2424,97.66876,39.30607
8938,VCT,0,2085,4222.075,96.07568,44.244106
8939,VCT,0,2090,4528.2915,94.37355,48.356953
8940,VCT,0,2095,5061.9727,92.73128,55.097355
8941,VCT,0,2100,5508.048,91.228264,61.198418
8942,VCT,1,2020,842.9091,104.632,8.05594
8943,VCT,1,2025,984.4847,105.90916,9.296114
8944,VCT,1,2030,1219.3646,106.9883,11.404694
8945,VCT,1,2035,1503.354,107.45411,14.005676
8946,VCT,1,2040,1764.4673,107.37485,16.458286
8947,VCT,1,2045,2105.6042,107.10771,19.705992
8948,VCT,1,2050,2570.7407,106.38685,24.277699
8949,VCT,1,2055,3168.3025,105.78747,30.183844
8950,VCT,1,2060,3867.4143,104.858086,37.20178
8951,VCT,1,2065,4844.636,103.72873,47.20254
8952,VCT,1,2070,5950.748,102.51689,58.886414
8953,VCT,1,2075,7362.8037,101.17132,73.92847
8954,VCT,1,2080,8631.9375,99.82567,88.28166
8955,VCT,1,2085,10630.729,98.321884,110.51459
8956,VCT,1,2090,12738.989,96.83563,134.97292
8957,VCT,1,2095,14880.233,95.44043,160.54607
8958,VCT,1,2100,17210.195,94.25712,188.47066
8959,VCT,2,2020,842.90906,104.631996,8.05594
8960,VCT,2,2025,934.1531,105.92844,8.818686
8961,VCT,2,2030,1004.75604,106.79254,9.408766
8962,VCT,2,2035,1056.9775,107.157875,9.86314
8963,VCT,2,2040,1122.5286,106.97785,10.492568
8964,VCT,2,2045,1214.5839,106.42818,11.413365
8965,VCT,2,2050,1285.9901,105.466125,12.196512
8966,VCT,2,2055,1350.3872,104.31769,12.950749
8967,VCT,2,2060,1453.1218,103.037125,14.122349
8968,VCT,2,2065,1545.452,101.6993,15.223151
8969,VCT,2,2070,1602.5635,100.226654,16.035099
8970,VCT,2,2075,1694.9183,98.65041,17.229355
8971,VCT,2,2080,1803.845,97.04649,18.64776
8972,VCT,2,2085,1942.1774,95.41087,20.424698
8973,VCT,2,2090,2067.8447,93.70411,22.148623
8974,VCT,2,2095,2189.243,92.06266,23.868683
8975,VCT,2,2100,2317.6775,90.58208,25.7153
8976,VEN,0,2020,0.0,28490.453,0.0
8977,VEN,0,2025,0.0,27934.328,0.0
8978,VEN,0,2030,0.0,27662.3,0.0
8979,VEN,0,2035,0.0,27507.41,0.0
8980,VEN,0,2040,0.0,27384.326,0.0
8981,VEN,0,2045,0.0,27263.578,0.0
8982,VEN,0,2050,0.0,27111.74,0.0
8983,VEN,0,2055,0.0,26957.95,0.0
8984,VEN,0,2060,0.0,26798.996,0.0
8985,VEN,0,2065,0.0,26644.207,0.0
8986,VEN,0,2070,0.0,26491.94,0.0
8987,VEN,0,2075,0.0,26360.492,0.0
8988,VEN,0,2080,0.0,26216.21,0.0
8989,VEN,0,2085,0.0,26059.18,0.0
8990,VEN,0,2090,0.0,25848.188,0.0
8991,VEN,0,2095,0.0,25564.377,0.0
8992,VEN,0,2100,0.0,25278.494,0.0
8993,VEN,1,2020,0.0,28490.453,0.0
8994,VEN,1,2025,0.0,27948.21,0.0
8995,VEN,1,2030,0.0,27617.86,0.0
8996,VEN,1,2035,0.0,27472.387,0.0
8997,VEN,1,2040,0.0,27365.48,0.0
8998,VEN,1,2045,0.0,27210.283,0.0
8999,VEN,1,2050,0.0,26964.074,0.0
9000,VEN,1,2055,0.0,26652.951,0.0
9001,VEN,1,2060,0.0,26312.854,0.0
9002,VEN,1,2065,0.0,25970.932,0.0
9003,VEN,1,2070,0.0,25653.82,0.0
9004,VEN,1,2075,0.0,25440.922,0.0
9005,VEN,1,2080,0.0,25214.812,0.0
9006,VEN,1,2085,0.0,24942.42,0.0
9007,VEN,1,2090,0.0,24650.617,0.0
9008,VEN,1,2095,0.0,24245.885,0.0
9009,VEN,1,2100,0.0,23945.98,0.0
9010,VEN,2,2020,0.0,28490.451,0.0
9011,VEN,2,2025,0.0,27913.152,0.0
9012,VEN,2,2030,0.0,27623.326,0.0
9013,VEN,2,2035,0.0,27486.033,0.0
9014,VEN,2,2040,0.0,27394.371,0.0
9015,VEN,2,2045,0.0,27300.904,0.0
9016,VEN,2,2050,0.0,27145.129,0.0
9017,VEN,2,2055,0.0,26999.293,0.0
9018,VEN,2,2060,0.0,26837.203,0.0
9019,VEN,2,2065,0.0,26667.76,0.0
9020,VEN,2,2070,0.0,26482.547,0.0
9021,VEN,2,2075,0.0,26320.543,0.0
9022,VEN,2,2080,0.0,26137.947,0.0
9023,VEN,2,2085,0.0,25960.695,0.0
9024,VEN,2,2090,0.0,25728.176,0.0
9025,VEN,2,2095,0.0,25440.871,0.0
9026,VEN,2,2100,0.0,25146.836,0.0
9027,VNM,0,2020,328352.3,96648.69,3.3973799
9028,VNM,0,2025,391331.38,100534.14,3.892505
9029,VNM,0,2030,465812.75,103674.95,4.4926953
9030,VNM,0,2035,558937.75,105851.76,5.2805142
9031,VNM,0,2040,668138.3,107378.77,6.2227
9032,VNM,0,2045,784807.2,108527.48,7.2334843
9033,VNM,0,2050,917686.4,109302.375,8.400096
9034,VNM,0,2055,1046544.5,109635.58,9.553313
9035,VNM,0,2060,1224218.5,109441.25,11.198828
9036,VNM,0,2065,1404454.2,108755.336,12.921633
9037,VNM,0,2070,1562644.8,107777.92,14.510328
9038,VNM,0,2075,1795059.9,106669.06,16.839382
9039,VNM,0,2080,1985535.8,105498.414,18.833958
9040,VNM,0,2085,2256986.5,104352.88,21.655602
9041,VNM,0,2090,2535935.2,103206.38,24.606213
9042,VNM,0,2095,2899918.0,102061.234,28.469406
9043,VNM,0,2100,3291493.5,100887.6,32.716816
9044,VNM,1,2020,328352.3,96648.69,3.3973799
9045,VNM,1,2025,423919.47,100546.875,4.216115
9046,VNM,1,2030,520085.25,103708.9,5.015445
9047,VNM,1,2035,674377.5,105907.59,6.3700047
9048,VNM,1,2040,953606.7,107441.39,8.882494
9049,VNM,1,2045,1109299.8,108543.22,10.222818
9050,VNM,1,2050,1480168.4,109382.305,13.545837
9051,VNM,1,2055,1886952.5,109781.89,17.220201
9052,VNM,1,2060,2406535.8,109640.16,22.006163
9053,VNM,1,2065,3128372.2,109040.9,28.781147
9054,VNM,1,2070,3752480.2,108186.52,34.819893
9055,VNM,1,2075,4711301.0,107262.34,44.14504
9056,VNM,1,2080,4659913.5,106276.31,44.130188
9057,VNM,1,2085,6059045.5,105341.3,57.92496
9058,VNM,1,2090,7313096.5,104501.586,70.65112
9059,VNM,1,2095,9094193.0,103597.06,88.67111
9060,VNM,1,2100,10152594.0,102714.164,99.83521
9061,VNM,2,2020,328352.3,96648.69,3.39738
9062,VNM,2,2025,376195.34,100522.52,3.742305
9063,VNM,2,2030,414557.28,103663.87,3.9989517
9064,VNM,2,2035,448211.12,105835.44,4.2348123
9065,VNM,2,2040,500463.25,107355.67,4.6619706
9066,VNM,2,2045,559253.56,108494.29,5.1545873
9067,VNM,2,2050,605181.4,109273.73,5.537955
9068,VNM,2,2055,647866.7,109598.75,5.9110622
9069,VNM,2,2060,719450.75,109390.4,6.57593
9070,VNM,2,2065,785228.9,108716.86,7.2212944
9071,VNM,2,2070,819378.9,107726.75,7.605177
9072,VNM,2,2075,875622.06,106599.34,8.212583
9073,VNM,2,2080,948901.06,105420.79,8.996147
9074,VNM,2,2085,1046243.75,104256.56,10.032407
9075,VNM,2,2090,1167414.6,103106.6,11.31479
9076,VNM,2,2095,1225096.5,101952.23,12.009994
9077,VNM,2,2100,1319326.5,100765.22,13.081947
9078,VUT,0,2020,832.15497,311.685,2.669859
9079,VUT,0,2025,1063.0809,347.55692,3.0589569
9080,VUT,0,2030,1354.8169,383.77408,3.5306215
9081,VUT,0,2035,1747.7688,421.31708,4.1497355
9082,VUT,0,2040,2246.0237,459.53323,4.89016
9083,VUT,0,2045,2832.7878,498.47983,5.6844935
9084,VUT,0,2050,3547.8657,537.48346,6.6012845
9085,VUT,0,2055,4322.6597,575.99023,7.5075493
9086,VUT,0,2060,5401.6865,614.25494,8.800691
9087,VUT,0,2065,6616.7354,652.3887,10.154572
9088,VUT,0,2070,7859.213,689.6592,11.403061
9089,VUT,0,2075,9588.481,726.2389,13.233367
9090,VUT,0,2080,11253.558,761.58276,14.800819
9091,VUT,0,2085,13514.765,795.0137,17.018232
9092,VUT,0,2090,15985.507,827.36084,19.336994
9093,VUT,0,2095,19218.521,858.25256,22.372917
9094,VUT,0,2100,22870.295,887.3793,25.710775
9095,VUT,1,2020,832.15497,311.685,2.669859
9096,VUT,1,2025,1150.3707,347.18704,3.313269
9097,VUT,1,2030,1509.9901,382.80505,3.9414284
9098,VUT,1,2035,2103.0461,419.80203,5.0059204
9099,VUT,1,2040,3196.101,457.7139,6.980381
9100,VUT,1,2045,3990.4321,496.56195,8.033686
9101,VUT,1,2050,5703.806,536.0051,10.645108
9102,VUT,1,2055,7778.9644,574.9383,13.532638
9103,VUT,1,2060,10622.419,614.0321,17.293726
9104,VUT,1,2065,14768.357,654.6943,22.617903
9105,VUT,1,2070,18868.645,693.28754,27.3635
9106,VUT,1,2075,25213.629,731.376,34.69174
9107,VUT,1,2080,26460.498,769.3631,34.680073
9108,VUT,1,2085,36221.797,805.29486,45.52081
9109,VUT,1,2090,45880.85,839.58234,55.521763
9110,VUT,1,2095,59786.883,874.9121,69.68292
9111,VUT,1,2100,69945.21,909.7002,78.45632
9112,VUT,2,2020,832.15497,311.685,2.669859
9113,VUT,2,2025,1021.3369,347.29712,2.9409213
9114,VUT,2,2030,1204.931,383.4065,3.142609
9115,VUT,2,2035,1400.3303,420.7448,3.3279617
9116,VUT,2,2040,1682.0487,458.99356,3.663648
9117,VUT,2,2045,2015.8568,497.65964,4.0507746
9118,VUT,2,2050,2333.8777,536.4536,4.3520474
9119,VUT,2,2055,2668.2925,574.7289,4.645257
9120,VUT,2,2060,3167.005,613.0077,5.167749
9121,VUT,2,2065,3698.1252,651.3798,5.674913
9122,VUT,2,2070,4122.6743,688.87744,5.9765906
9123,VUT,2,2075,4687.9307,725.6594,6.453925
9124,VUT,2,2080,5393.2983,761.5784,7.069696
9125,VUT,2,2085,6288.4634,795.77136,7.8840494
9126,VUT,2,2090,7387.0283,828.61005,8.891821
9127,VUT,2,2095,8142.5156,860.05347,9.438151
9128,VUT,2,2100,9187.398,890.04083,10.280555
9129,WSM,0,2020,920.0447,214.929,4.280691
9130,WSM,0,2025,1064.8094,221.15305,4.8153462
9131,WSM,0,2030,1264.3077,226.51149,5.582722
9132,WSM,0,2035,1512.4414,231.46344,6.535367
9133,WSM,0,2040,1845.948,235.94713,7.8254924
9134,WSM,0,2045,2180.8174,241.01521,9.053981
9135,WSM,0,2050,2638.7615,245.95578,10.741161
9136,WSM,0,2055,3179.9922,250.68246,12.701687
9137,WSM,0,2060,3753.0784,255.16394,14.7345
9138,WSM,0,2065,4443.427,259.42624,17.164747
9139,WSM,0,2070,5041.804,263.93698,19.150282
9140,WSM,0,2075,5853.4946,269.09503,21.77182
9141,WSM,0,2080,6611.792,274.56308,24.133982
9142,WSM,0,2085,7632.448,279.96683,27.255007
9143,WSM,0,2090,8809.812,285.40622,30.82162
9144,WSM,0,2095,10495.572,290.668,35.924458
9145,WSM,0,2100,12281.09,295.43588,41.401684
9146,WSM,1,2020,920.0447,214.929,4.280691
9147,WSM,1,2025,1159.9669,221.29214,5.2435207
9148,WSM,1,2030,1436.9133,227.14417,6.330033
9149,WSM,1,2035,1835.6608,232.33067,7.9141293
9150,WSM,1,2040,2347.2786,236.82405,9.923172
9151,WSM,1,2045,2630.6768,242.56802,10.8337345
9152,WSM,1,2050,3141.3428,248.36809,12.643031
9153,WSM,1,2055,4142.434,254.79796,16.317652
9154,WSM,1,2060,5386.8926,261.05515,20.81077
9155,WSM,1,2065,7226.546,268.64975,27.331005
9156,WSM,1,2070,10072.252,276.98474,37.33629
9157,WSM,1,2075,15078.995,286.32047,54.922073
9158,WSM,1,2080,14614.289,296.11334,51.292194
9159,WSM,1,2085,18719.713,304.9889,64.387726
9160,WSM,1,2090,23789.533,314.11258,79.75742
9161,WSM,1,2095,28245.854,323.88074,92.52731
9162,WSM,1,2100,32548.27,332.09708,103.81384
9163,WSM,2,2020,920.0447,214.929,4.280691
9164,WSM,2,2025,1048.303,221.23883,4.738485
9165,WSM,2,2030,1155.985,226.584,5.1016846
9166,WSM,2,2035,1226.339,231.4534,5.2973304
9167,WSM,2,2040,1352.7927,235.97133,5.730372
9168,WSM,2,2045,1479.9651,241.04198,6.1362514
9169,WSM,2,2050,1595.876,245.93636,6.483431
9170,WSM,2,2055,1716.8048,250.54564,6.8481054
9171,WSM,2,2060,1887.8796,255.03035,7.405357
9172,WSM,2,2065,2097.2424,259.55228,8.079773
9173,WSM,2,2070,2231.581,264.3779,8.447205
9174,WSM,2,2075,2429.1196,269.8929,8.991925
9175,WSM,2,2080,2633.9065,275.55963,9.541357
9176,WSM,2,2085,2954.4763,280.94714,10.455027
9177,WSM,2,2090,3331.752,286.45978,11.560506
9178,WSM,2,2095,3653.5527,291.86685,12.459432
9179,WSM,2,2100,4012.948,296.8539,13.489097
9180,YEM,0,2020,0.0,32284.047,0.0
9181,YEM,0,2025,0.0,35826.633,0.0
9182,YEM,0,2030,0.0,39207.312,0.0
9183,YEM,0,2035,0.0,42422.42,0.0
9184,YEM,0,2040,0.0,45473.734,0.0
9185,YEM,0,2045,0.0,48308.3,0.0
9186,YEM,0,2050,0.0,50885.547,0.0
9187,YEM,0,2055,0.0,53153.605,0.0
9188,YEM,0,2060,0.0,54949.832,0.0
9189,YEM,0,2065,0.0,56304.727,0.0
9190,YEM,0,2070,0.0,57200.457,0.0
9191,YEM,0,2075,0.0,57672.863,0.0
9192,YEM,0,2080,0.0,57783.113,0.0
9193,YEM,0,2085,0.0,57665.707,0.0
9194,YEM,0,2090,0.0,57365.293,0.0
9195,YEM,0,2095,0.0,56798.87,0.0
9196,YEM,0,2100,0.0,56006.395,0.0
9197,YEM,1,2020,0.0,32284.047,0.0
9198,YEM,1,2025,0.0,35731.086,0.0
9199,YEM,1,2030,0.0,39061.426,0.0
9200,YEM,1,2035,0.0,42145.55,0.0
9201,YEM,1,2040,0.0,45030.574,0.0
9202,YEM,1,2045,0.0,47644.363,0.0
9203,YEM,1,2050,0.0,50031.953,0.0
9204,YEM,1,2055,0.0,52250.49,0.0
9205,YEM,1,2060,0.0,53942.47,0.0
9206,YEM,1,2065,0.0,55148.668,0.0
9207,YEM,1,2070,0.0,55835.676,0.0
9208,YEM,1,2075,0.0,56236.85,0.0
9209,YEM,1,2080,0.0,56171.69,0.0
9210,YEM,1,2085,0.0,55851.39,0.0
9211,YEM,1,2090,0.0,55409.93,0.0
9212,YEM,1,2095,0.0,54730.754,0.0
9213,YEM,1,2100,0.0,53826.09,0.0
9214,YEM,2,2020,0.0,32284.047,0.0
9215,YEM,2,2025,0.0,35803.41,0.0
9216,YEM,2,2030,0.0,39154.094,0.0
9217,YEM,2,2035,0.0,42351.11,0.0
9218,YEM,2,2040,0.0,45394.176,0.0
9219,YEM,2,2045,0.0,48191.36,0.0
9220,YEM,2,2050,0.0,50716.75,0.0
9221,YEM,2,2055,0.0,52895.844,0.0
9222,YEM,2,2060,0.0,54614.598,0.0
9223,YEM,2,2065,0.0,55905.777,0.0
9224,YEM,2,2070,0.0,56730.477,0.0
9225,YEM,2,2075,0.0,57155.645,0.0
9226,YEM,2,2080,0.0,57254.11,0.0
9227,YEM,2,2085,0.0,57103.566,0.0
9228,YEM,2,2090,0.0,56730.098,0.0
9229,YEM,2,2095,0.0,56100.0,0.0
9230,YEM,2,2100,0.0,55269.125,0.0
9231,ZAF,0,2020,342616.66,58801.926,5.826623
9232,ZAF,0,2025,411165.97,62262.223,6.6037793
9233,ZAF,0,2030,507171.06,65456.25,7.748242
9234,ZAF,0,2035,605774.2,68399.875,8.856316
9235,ZAF,0,2040,739604.5,71068.27,10.408201
9236,ZAF,0,2045,877312.9,73387.945,11.958639
9237,ZAF,0,2050,1036764.44,75375.48,13.768331
9238,ZAF,0,2055,1233621.4,76953.24,16.057732
9239,ZAF,0,2060,1461202.0,78102.95,18.75792
9240,ZAF,0,2065,1684503.5,78910.99,21.401806
9241,ZAF,0,2070,1913416.6,79408.79,24.149904
9242,ZAF,0,2075,2218689.5,79721.0,27.891014
9243,ZAF,0,2080,2491161.5,79885.84,31.26564
9244,ZAF,0,2085,2815996.0,79940.74,35.334526
9245,ZAF,0,2090,3134569.0,79836.71,39.37221
9246,ZAF,0,2095,3515339.0,79552.53,44.29566
9247,ZAF,0,2100,3921013.2,79193.27,49.648525
9248,ZAF,1,2020,342616.66,58801.926,5.826623
9249,ZAF,1,2025,467695.1,62305.65,7.5054927
9250,ZAF,1,2030,596149.9,65519.8,9.09811
9251,ZAF,1,2035,823158.9,68509.26,12.017233
9252,ZAF,1,2040,1057479.5,71329.375,14.845303
9253,ZAF,1,2045,1344791.5,73808.305,18.246601
9254,ZAF,1,2050,1817091.9,75910.18,23.976398
9255,ZAF,1,2055,2196717.8,77502.06,28.35832
9256,ZAF,1,2060,2881022.0,78721.15,36.55706
9257,ZAF,1,2065,3610662.5,79598.16,45.266403
9258,ZAF,1,2070,4504610.0,80233.45,56.11508
9259,ZAF,1,2075,5591610.5,80664.57,69.290634
9260,ZAF,1,2080,5890169.5,81044.664,72.77051
9261,ZAF,1,2085,7577778.0,81325.44,93.47425
9262,ZAF,1,2090,9343393.0,81451.67,115.60298
9263,ZAF,1,2095,11422173.0,81466.664,141.49031
9264,ZAF,1,2100,13929838.0,81333.04,173.06506
9265,ZAF,2,2020,342616.66,58801.926,5.826623
9266,ZAF,2,2025,405777.62,62273.04,6.5164204
9267,ZAF,2,2030,460381.16,65463.203,7.0334587
9268,ZAF,2,2035,516103.7,68413.836,7.545111
9269,ZAF,2,2040,582798.75,71089.85,8.199429
9270,ZAF,2,2045,663997.1,73413.19,9.047689
9271,ZAF,2,2050,727822.9,75404.8,9.656885
9272,ZAF,2,2055,798586.5,76983.99,10.383612
9273,ZAF,2,2060,887281.2,78142.52,11.374483
9274,ZAF,2,2065,1000321.9,78944.984,12.693018
9275,ZAF,2,2070,1066449.5,79444.53,13.445135
9276,ZAF,2,2075,1159101.9,79738.4,14.555175
9277,ZAF,2,2080,1280525.5,79885.01,16.061026
9278,ZAF,2,2085,1380639.2,79921.47,17.307568
9279,ZAF,2,2090,1485727.8,79786.27,18.659838
9280,ZAF,2,2095,1614523.8,79508.08,20.352312
9281,ZAF,2,2100,1690721.8,79132.266,21.40982
9282,ZMB,0,2020,23735.57,18927.715,1.2540114
9283,ZMB,0,2025,33020.934,21752.898,1.51797
9284,ZMB,0,2030,46651.926,24835.074,1.8782425
9285,ZMB,0,2035,61155.0,28129.984,2.1739414
9286,ZMB,0,2040,82968.414,31599.002,2.62573
9287,ZMB,0,2045,111846.05,35223.78,3.176147
9288,ZMB,0,2050,150140.39,39001.473,3.8518763
9289,ZMB,0,2055,193600.64,42906.26,4.516324
9290,ZMB,0,2060,252914.17,46916.9,5.3950596
9291,ZMB,0,2065,312385.56,50987.957,6.132961
9292,ZMB,0,2070,411680.7,55126.06,7.475907
9293,ZMB,0,2075,507320.7,59352.695,8.554088
9294,ZMB,0,2080,583993.1,63588.164,9.195821
9295,ZMB,0,2085,729742.06,67830.97,10.77655
9296,ZMB,0,2090,899072.1,72031.26,12.50253
9297,ZMB,0,2095,1121375.4,76187.8,14.737778
9298,ZMB,0,2100,1368330.8,80319.78,17.042006
9299,ZMB,1,2020,23735.57,18927.715,1.2540114
9300,ZMB,1,2025,35825.016,21749.66,1.6470399
9301,ZMB,1,2030,50995.812,24880.47,2.0495386
9302,ZMB,1,2035,71966.52,28267.28,2.5477188
9303,ZMB,1,2040,100828.59,31821.062,3.175618
9304,ZMB,1,2045,134035.72,35542.426,3.7844784
9305,ZMB,1,2050,195667.53,39526.92,4.9818497
9306,ZMB,1,2055,268607.03,43582.02,6.2217374
9307,ZMB,1,2060,391253.47,47836.34,8.284593
9308,ZMB,1,2065,552387.06,52201.89,10.762583
9309,ZMB,1,2070,802521.75,56574.39,14.457513
9310,ZMB,1,2075,1140281.8,61044.74,19.039862
9311,ZMB,1,2080,1155907.2,65600.0,17.977932
9312,ZMB,1,2085,1574988.1,70238.19,22.974388
9313,ZMB,1,2090,2104895.8,74850.17,28.868301
9314,ZMB,1,2095,2738636.2,79419.14,35.45799
9315,ZMB,1,2100,3745163.5,83946.59,45.88133
9316,ZMB,2,2020,23735.57,18927.715,1.2540114
9317,ZMB,2,2025,30774.799,21747.848,1.4151253
9318,ZMB,2,2030,39246.016,24820.78,1.581313
9319,ZMB,2,2035,48216.477,28109.232,1.7159622
9320,ZMB,2,2040,60511.6,31574.871,1.9174861
9321,ZMB,2,2045,75316.1,35198.426,2.1409647
9322,ZMB,2,2050,93432.1,38962.02,2.4002929
9323,ZMB,2,2055,114979.375,42844.02,2.6859033
9324,ZMB,2,2060,139748.3,46845.38,2.9863334
9325,ZMB,2,2065,173125.95,50910.246,3.4033995
9326,ZMB,2,2070,201984.33,55020.555,3.6709025
9327,ZMB,2,2075,237705.34,59204.457,4.014878
9328,ZMB,2,2080,277545.4,63409.504,4.375357
9329,ZMB,2,2085,315744.72,67600.17,4.6651797
9330,ZMB,2,2090,367765.66,71755.195,5.1225142
9331,ZMB,2,2095,434785.38,75863.91,5.7298574
9332,ZMB,2,2100,490917.28,79949.41,6.147418
9333,ZWE,0,2020,19266.143,15669.666,1.2295184
9334,ZWE,0,2025,25653.732,16750.375,1.5316927
9335,ZWE,0,2030,34355.15,17812.766,1.9298109
9336,ZWE,0,2035,43577.43,18865.926,2.3123386
9337,ZWE,0,2040,54306.625,19899.633,2.7317626
9338,ZWE,0,2045,70662.13,20851.006,3.3878603
9339,ZWE,0,2050,86687.22,21705.54,3.9907503
9340,ZWE,0,2055,112490.8,22415.613,5.017065
9341,ZWE,0,2060,138217.08,23013.867,5.9979806
9342,ZWE,0,2065,164286.98,23532.598,6.979201
9343,ZWE,0,2070,197191.83,23964.277,8.215535
9344,ZWE,0,2075,236498.88,24307.781,9.70386
9345,ZWE,0,2080,269909.53,24559.533,10.966993
9346,ZWE,0,2085,322422.28,24682.04,13.066982
9347,ZWE,0,2090,363718.72,24665.295,14.729683
9348,ZWE,0,2095,424759.7,24571.26,17.216331
9349,ZWE,0,2100,496108.53,24427.586,20.230413
9350,ZWE,1,2020,19266.143,15669.666,1.2295184
9351,ZWE,1,2025,26462.395,16764.873,1.5782744
9352,ZWE,1,2030,37498.14,17865.844,2.101332
9353,ZWE,1,2035,55683.73,18957.629,2.943463
9354,ZWE,1,2040,77113.336,19991.414,3.8618693
9355,ZWE,1,2045,95879.46,20921.902,4.578603
9356,ZWE,1,2050,125281.195,21768.098,5.757107
9357,ZWE,1,2055,162299.22,22495.135,7.196755
9358,ZWE,1,2060,213494.52,23138.318,9.208348
9359,ZWE,1,2065,264143.53,23694.828,11.165769
9360,ZWE,1,2070,330204.5,24163.715,13.730137
9361,ZWE,1,2075,430272.8,24522.451,17.760159
9362,ZWE,1,2080,411991.06,24807.875,16.660837
9363,ZWE,1,2085,526401.0,24955.432,21.18795
9364,ZWE,1,2090,670951.0,25008.432,26.903574
9365,ZWE,1,2095,865786.4,24984.156,34.84688
9366,ZWE,1,2100,965493.9,24942.824,39.275295
9367,ZWE,2,2020,19266.143,15669.666,1.2295184
9368,ZWE,2,2025,24554.805,16750.617,1.4658933
9369,ZWE,2,2030,28965.88,17812.016,1.6259438
9370,ZWE,2,2035,33873.25,18861.314,1.7954171
9371,ZWE,2,2040,40729.184,19900.836,2.045114
9372,ZWE,2,2045,47971.36,20854.314,2.2989352
9373,ZWE,2,2050,54284.363,21713.412,2.4989192
9374,ZWE,2,2055,61746.164,22433.53,2.756486
9375,ZWE,2,2060,71326.72,23022.564,3.1034844
9376,ZWE,2,2065,79990.87,23531.748,3.4063878
9377,ZWE,2,2070,89282.055,23956.512,3.7347875
9378,ZWE,2,2075,103053.195,24275.852,4.251567
9379,ZWE,2,2080,118891.34,24501.06,4.8626237
9380,ZWE,2,2085,129867.96,24591.28,5.284438
9381,ZWE,2,2090,142320.77,24564.805,5.808162
9382,ZWE,2,2095,163731.11,24464.336,6.7273865
9383,ZWE,2,2100,181176.45,24324.816,7.4891853
